Time,Equity,Exit Entry,Exit Position,Entry Price,Exit Price,P/L,Returns,Drawdown,Drawdown Duration
2015-05-14,1000000.0,,,,,,,0.0,
2015-05-15,1000000.0,,,,,,,0.0,
2015-05-18,1000000.0,,,,,,,0.0,
2015-05-19,1000000.0,,,,,,,0.0,
2015-05-20,1000000.0,,,,,,,0.0,
2015-05-21,1000000.0,,,,,,,0.0,
2015-05-22,1000000.0,,,,,,,0.0,
2015-05-26,1000000.0,,,,,,,0.0,
2015-05-27,1000000.0,,,,,,,0.0,
2015-05-28,1000000.0,,,,,,,0.0,
2015-05-29,1000000.0,,,,,,,0.0,
2015-06-01,1000000.0,,,,,,,0.0,
2015-06-02,1000000.0,,,,,,,0.0,
2015-06-03,1000000.0,,,,,,,0.0,
2015-06-04,1000000.0,,,,,,,0.0,
2015-06-05,1000000.0,,,,,,,0.0,
2015-06-08,1000000.0,,,,,,,0.0,
2015-06-09,1000000.0,,,,,,,0.0,
2015-06-10,1000000.0,,,,,,,0.0,
2015-06-11,1000000.0,,,,,,,0.0,
2015-06-12,1000000.0,,,,,,,0.0,
2015-06-15,1000000.0,,,,,,,0.0,
2015-06-16,1000000.0,,,,,,,0.0,
2015-06-17,1000000.0,,,,,,,0.0,
2015-06-18,1000000.0,,,,,,,0.0,
2015-06-19,1000000.0,,,,,,,0.0,
2015-06-22,1000000.0,,,,,,,0.0,
2015-06-23,1000000.0,,,,,,,0.0,
2015-06-24,1000000.0,,,,,,,0.0,
2015-06-25,1000000.0,,,,,,,0.0,
2015-06-26,1000000.0,,,,,,,0.0,
2015-06-29,1000000.0,,,,,,,0.0,
2015-06-30,1000000.0,,,,,,,0.0,
2015-07-01,1000000.0,,,,,,,0.0,
2015-07-02,1000000.0,,,,,,,0.0,
2015-07-06,1000000.0,,,,,,,0.0,
2015-07-07,1000000.0,,,,,,,0.0,
2015-07-08,1000000.0,,,,,,,0.0,
2015-07-09,1000000.0,,,,,,,0.0,
2015-07-10,1000000.0,,,,,,,0.0,
2015-07-13,1000000.0,,,,,,,0.0,
2015-07-14,1000000.0,,,,,,,0.0,
2015-07-15,1000000.0,,,,,,,0.0,
2015-07-16,1000000.0,,,,,,,0.0,
2015-07-17,1000000.0,,,,,,,0.0,
2015-07-20,1000000.0,,,,,,,0.0,
2015-07-21,1000000.0,,,,,,,0.0,
2015-07-22,1000000.0,,,,,,,0.0,
2015-07-23,1000000.0,,,,,,,0.0,
2015-07-24,1000000.0,,,,,,,0.0,
2015-07-27,1000000.0,,,,,,,0.0,
2015-07-28,1000000.0,,,,,,,0.0,
2015-07-29,1000000.0,,,,,,,0.0,
2015-07-30,1000000.0,,,,,,,0.0,
2015-07-31,1000000.0,,,,,,,0.0,
2015-08-03,1000000.0,,,,,,,0.0,
2015-08-04,1000000.0,,,,,,,0.0,
2015-08-05,1000000.0,,,,,,,0.0,
2015-08-06,1000000.0,,,,,,,0.0,
2015-08-07,1000000.0,,,,,,,0.0,
2015-08-10,1000000.0,,,,,,,0.0,
2015-08-11,1000000.0,,,,,,,0.0,
2015-08-12,1000000.0,,,,,,,0.0,
2015-08-13,1000000.0,,,,,,,0.0,
2015-08-14,1000000.0,,,,,,,0.0,
2015-08-17,1000000.0,,,,,,,0.0,
2015-08-18,1000000.0,,,,,,,0.0,
2015-08-19,1000000.0,,,,,,,0.0,
2015-08-20,1000000.0,,,,,,,0.0,
2015-08-21,1000000.0,,,,,,,0.0,
2015-08-24,1000000.0,,,,,,,0.0,
2015-08-25,1000000.0,,,,,,,0.0,
2015-08-26,1000000.0,,,,,,,0.0,
2015-08-27,1000000.0,,,,,,,0.0,
2015-08-28,1000000.0,,,,,,,0.0,
2015-08-31,1000000.0,,,,,,,0.0,
2015-09-01,1000000.0,,,,,,,0.0,
2015-09-02,1000000.0,,,,,,,0.0,
2015-09-03,1000000.0,,,,,,,0.0,
2015-09-04,1000000.0,,,,,,,0.0,
2015-09-08,1000000.0,,,,,,,0.0,
2015-09-09,1000000.0,,,,,,,0.0,
2015-09-10,1000000.0,,,,,,,0.0,
2015-09-11,1000000.0,,,,,,,0.0,
2015-09-14,1000000.0,,,,,,,0.0,
2015-09-15,1000000.0,,,,,,,0.0,
2015-09-16,1000000.0,,,,,,,0.0,
2015-09-17,1000000.0,,,,,,,0.0,
2015-09-18,1000000.0,,,,,,,0.0,
2015-09-21,1000000.0,,,,,,,0.0,
2015-09-22,1000000.0,,,,,,,0.0,
2015-09-23,1000000.0,,,,,,,0.0,
2015-09-24,1000000.0,,,358.31,,,,0.0,
2015-09-25,1000124.9790166038,,,,,,,0.0,
2015-09-28,982664.7158543018,,,,,,,0.017458081268473258,
2015-09-29,990869.9344606369,,,,,,,0.009253888014143064,
2015-09-30,992720.9433718302,,,,,,,0.007403110411314584,
2015-10-01,985455.0427204293,,,,,,,0.014668103091074802,
2015-10-02,989709.6005163066,,,,,,,0.010414076959200047,10 days 00:00:00.000000000
2015-10-05,1004628.179800552,,,,,,,0.0,
2015-10-06,1035045.5053412077,,,,,,,0.0,
2015-10-07,1029299.0896169058,,,,,,,0.005551848391832426,2 days 00:00:00.000000000
2015-10-08,1044300.5498971748,,,,,,,0.0,
2015-10-09,1048499.8536957031,,,,,,,0.0,
2015-10-12,1022917.2529230898,,,,,,,0.02439924114671166,
2015-10-13,1018275.917145769,,,,,,,0.028825885328836454,
2015-10-14,1017198.4641974624,,,,,,,0.029853499156829666,
2015-10-15,1012750.5174108633,,,,,,,0.034095699831365955,
2015-10-16,1019988.7910635897,,,,,,,0.027192242833052327,
2015-10-19,998992.2720709483,,,,,,,0.047217537942664256,
2015-10-20,1002114.12292117,,,,,,,0.04424009274873508,
2015-10-21,992196.0303970141,,,,,,,0.0536994097807757,
2015-10-22,994433.8172896509,,,,,,,0.05156513490725134,
2015-10-23,986532.4956687358,,,,,,,0.05910096964586842,
2015-10-26,979763.8809934764,,,,,,,0.0655564924114671,
2015-10-27,970343.0744454622,,,,,,,0.07454152613827991,
2015-10-28,998909.3910749245,,,,,,,0.04729658516020241,
2015-10-29,995787.5402247028,,,,,,,0.05027403035413158,
2015-10-30,1004075.6398270613,,,,,,,0.042369308600337274,
2015-11-02,996036.1832127735,,,,,,,0.05003688870151779,
2015-11-03,1017143.2102001134,,,,,,,0.029906197301854953,
2015-11-04,994737.7142750708,,,,,,,0.05127529510961204,
2015-11-05,981891.1598914152,,,,,,,0.0635276138279931,
2015-11-06,977084.0621220472,92.0,2762.699867452843,353.67,353.67,-22915.93787795284,-0.022915937877952843,0.06811235244519387,
2015-11-09,974602.4072106215,,,,,,,0.07047921487505349,
2015-11-10,973070.9164901964,,,,,,,0.07193986431150978,
2015-11-11,982560.6893471171,,,,,,,0.06288905441061032,
2015-11-12,994539.1346247289,,,,,,,0.05146468917546909,
2015-11-13,1006052.6630764973,,,,,,,0.04048373537639505,
2015-11-16,1006572.2759994988,,,,,,,0.03998815788902588,
2015-11-17,1015870.6125163664,,,,,,,0.031119929167683358,
2015-11-18,1012752.9349783579,,,,,,,0.034093394091898266,
2015-11-19,1011549.6208408809,,,,,,,0.035241047220542554,
2015-11-20,1010865.9196264053,,,,,,,0.03589312286181767,
2015-11-23,1008076.418671345,,,,,,,0.03855359147822046,
2015-11-24,995359.5760820996,,,,,,,0.050682198405938905,
2015-11-25,994429.7424304127,,,,,,,0.05156902127807328,
2015-11-27,1012014.5376667242,,,,,,,0.03479763578447548,
2015-11-30,1015159.5632533118,,,,,,,0.03179808783460958,
2015-12-01,1010920.6157235634,,,,,,,0.03584095681051569,
2015-12-02,1036600.4333392653,,,,,,,0.01134899572421999,
2015-12-03,1022570.8844182269,,,,,,,0.024729587883186577,
2015-12-04,1028259.2785226635,,,,,,,0.019304318547777144,59 days 00:00:00.000000000
2015-12-07,1059162.5734169588,,,,,,,0.0,
2015-12-08,1062061.4665663352,,,,,,,0.0,
2015-12-09,1061870.030226282,,,,,,,0.00018024977468777958,
2015-12-10,1060557.3238944889,,,,,,,0.001416248229689776,3 days 00:00:00.000000000
2015-12-11,1075954.2752444786,,,,,,,0.0,
2015-12-14,1080111.17862849,,,,,,,0.0,
2015-12-15,1075051.7896413708,,,,,,,0.004684137232561225,2 days 00:00:00.000000000
2015-12-16,1092855.3692663144,,,,,,,0.0,
2015-12-17,1098981.3321480155,,,,,,,0.0,
2015-12-18,1093812.5509665802,,,,,,,0.004703247480403183,
2015-12-21,1097778.0180105385,,,,,,,0.0010949359213636711,5 days 00:00:00.000000000
2015-12-22,1100294.0384798085,,,,,,,0.0,
2015-12-23,1081943.4978832845,,,,,,,0.016677851514925512,
2015-12-24,1075708.1428072674,,,,,,,0.022344841299430818,
2015-12-28,1088124.1568621437,,,,,,,0.011060572167126304,
2015-12-29,1072371.6808806267,,,,,,,0.025377177938508133,
2015-12-30,1089081.3385624094,,,,,,,0.010190639524768175,
2015-12-31,1082134.9342233378,,,,,,,0.01650386498645373,
2016-01-04,1087659.2400363002,,,,,,,0.01148311087912901,
2016-01-05,1094441.5560838978,,,,,,,0.005319016727561854,15 days 00:00:00.000000000
2016-01-06,1119601.7607765985,,,,,,,0.0,
2016-01-07,1125755.0717068785,,,,,,,0.0,
2016-01-08,1126137.9443869847,,,,,,,0.0,
2016-01-11,1147879.6430073075,,,,,,,0.0,
2016-01-12,1155701.184900908,,,,,,,0.0,
2016-01-13,1156002.0134352772,,,,,,,0.0,
2016-01-14,1149493.17787347,,,,,,,0.0056304707830612255,2 days 00:00:00.000000000
2016-01-15,1170988.7440565815,,,,,,,0.0,
2016-01-19,1174461.9462261174,,,,,,,0.0,
2016-01-20,1191116.907810742,,,,,,,0.0,
2016-01-21,1174051.725497432,,,,,,,0.01432704229232673,
2016-01-22,1140796.4984253407,,,,,,,0.04224640675942515,
2016-01-25,1160104.2207221305,,,,,,,0.026036644165863154,
2016-01-26,1144570.5291292458,,,,,,,0.03907792625246831,
2016-01-27,1132045.1228800537,,,,,,,0.049593607934977246,
2016-01-28,1124223.5809864532,,,,,,,0.056160168985627035,
2016-01-29,1112190.4396116831,,,,,,,0.06626257060201146,
2016-02-01,1133357.8292118467,,,,,,,0.048491527758644404,
2016-02-02,1153568.0371117443,,,,,,,0.03152408504385362,
2016-02-03,1126848.9936500392,,,,,,,0.05395600863296157,
2016-02-04,1131224.681422683,,,,,,,0.050282408045185245,
2016-02-05,1136885.7274785405,,,,,,,0.04552968728475004,
2016-02-08,1144406.4408377716,,,,,,,0.03921568627450989,
2016-02-09,1167023.2770126231,,,,,,,0.020227763236442264,
2016-02-10,1162456.1528999265,,,,,,,0.02406208384993347,
2016-02-11,1164042.3397175097,,,,,,,0.022730403636864738,
2016-02-12,1127751.479253147,,,,,,,0.05319832851173267,
2016-02-16,1138690.698684756,,,,,,,0.04401432704229247,
2016-02-17,1112874.1408261587,,,,,,,0.06568857051017152,
2016-02-18,1116265.2988499575,,,,,,,0.06284153005464499,
2016-02-19,1131142.6372769459,,,,,,,0.050351288056206145,
2016-02-22,1112081.0474173673,,,,,,,0.06635441061670566,
2016-02-23,1129146.2297306773,,,,,,,0.05202736832437882,
2016-02-24,1119875.2412623884,,,,,,,0.05981080956972973,
2016-02-25,1112081.0474173673,123.0,-2734.8048579022407,300.7,300.7,134996.98529532005,0.1381631228352363,0.06635441061670566,
2016-02-26,1098289.6774983963,,,,,,,0.07793292975998556,
2016-02-29,1111542.3729402104,,,,,,,0.06680665377908923,
2016-03-01,1115569.435091038,,,,,,,0.0634257411882091,
2016-03-02,1121646.6379731956,,,,,,,0.0583236367328811,
2016-03-03,1124465.5814787748,,,,,,,0.05595699791926512,
2016-03-04,1152032.6523839845,,,,,,,0.0328131144562408,
2016-03-07,1186885.0448166004,,,,,,,0.0035528527606242255,
2016-03-08,1173632.3493747863,,,,,,,0.014679128741520553,49 days 00:00:00.000000000
2016-03-09,1203469.2189468262,,,,,,,0.0,
2016-03-10,1198563.5250539999,,,,,,,0.0040762936148207585,2 days 00:00:00.000000000
2016-03-11,1213243.9970765617,,,,,,,0.0,
2016-03-14,1197611.674000168,,,,,,,0.012884731442365571,
2016-03-15,1185530.4875476856,,,,,,,0.02284248642124309,
2016-03-16,1210644.7115064822,,,,,,,0.002142426071212955,6 days 00:00:00.000000000
2016-03-17,1236930.4444546106,,,,,,,0.0,
2016-03-18,1227521.762884041,,,,,,,0.007606475863497719,
2016-03-21,1230596.9739810366,,,,,,,0.0051203125462455645,
2016-03-22,1235649.106497529,,,,,,,0.0010359013821885643,
2016-03-23,1205812.2369254893,,,,,,,0.0251576049960045,
2016-03-24,1200430.6175057471,,,,,,,0.029508390801195827,
2016-03-28,1200174.349914331,,,,,,,0.02971557107763334,
2016-03-29,1186885.0448166004,,,,,,,0.040459348270044604,
2016-03-30,1183590.1757841052,,,,,,,0.04312309468138631,
2016-03-31,1183992.881999188,,,,,,,0.0427975256755555,
2016-04-01,1158329.5132016419,,,,,,,0.06354515050167242,
2016-04-04,1139878.246619669,,,,,,,0.07846213040518535,
2016-04-05,1136363.719651674,,,,,,,0.0813034599106166,
2016-04-06,1162686.062255719,,,,,,,0.06002308580223159,
2016-04-07,1157670.539395143,,,,,,,0.06407789978394052,
2016-04-08,1204530.898968408,,,,,,,0.026193506378192843,
2016-04-11,1215403.966775642,,,,,,,0.017403143220765416,26 days 00:00:00.000000000
2016-04-12,1250512.626799674,,,,,,,0.0,
2016-04-13,1251977.0130363386,,,,,,,0.0,
2016-04-14,1243520.182519601,,,,,,,0.006754780981343966,
2016-04-15,1230963.0705402028,,,,,,,0.016784607286975728,
2016-04-18,1229535.2939594549,,,,,,,0.0179250248552546,6 days 00:00:00.000000000
2016-04-19,1257761.3386711634,,,,,,,0.0,
2016-04-20,1290417.1517487825,,,,,,,0.0,
2016-04-21,1275224.144543388,,,,,,,0.01177371765773949,
2016-04-22,1273942.8065863065,,,,,,,0.012766681797548807,
2016-04-25,1263875.151209238,,,,,,,0.020568542896050812,
2016-04-26,1287451.7696195368,,,,,,,0.002298002723558734,7 days 00:00:00.000000000
2016-04-27,1303633.2375346797,,,,,,,0.0,
2016-04-28,1316336.7881377446,,,,,,,0.0,
2016-04-29,1319411.9992347402,,,,,,,0.0,
2016-05-02,1300082.1009107684,,,,,,,0.014650388457269736,
2016-05-03,1275224.144543388,,,,,,,0.033490566037735925,
2016-05-04,1272954.345876558,,,,,,,0.035210876803551616,
2016-05-05,1273320.4424357242,,,,,,,0.03493340732519412,
2016-05-06,1283571.146092376,,,,,,,0.027164261931187483,
2016-05-09,1255308.4917247505,,,,,,,0.04858490566037732,
2016-05-10,1287598.2082432031,,,,,,,0.024112097669256483,12 days 00:00:00.000000000
2016-05-11,1322121.1137725695,,,,,,,0.0,
2016-05-12,1328601.0228698102,,,,,,,0.0,
2016-05-13,1324207.8641598164,,,,,,,0.003306604943374536,4 days 00:00:00.000000000
2016-05-16,1345990.6094302014,,,,,,,0.0,
2016-05-17,1357339.6027643513,,,,,,,0.0,
2016-05-18,1354447.4399469392,,,,,,,0.00213075844211863,
2016-05-19,1343391.323860122,,,,,,,0.01027618944869979,
2016-05-20,1344672.6618172033,,,,,,,0.009332182543963619,
2016-05-23,1335849.7347412994,,,,,,,0.015832344373718832,
2016-05-24,1340316.1127631264,,,,,,,0.012541806020066715,
2016-05-25,1357046.7255170187,,,,,,,0.00021577300679664901,9 days 00:00:00.000000000
2016-05-26,1360378.2042054303,,,,,,,0.0,
2016-05-27,1361439.884227012,,,,,,,0.0,
2016-05-31,1357998.5765708506,,,,,,,0.002527697106593396,
2016-06-01,1360634.4717968467,,,,,,,0.0005915886845218044,6 days 00:00:00.000000000
2016-06-02,1371178.0527008313,,,,,,,0.0,
2016-06-03,1369274.3505931674,,,,,,,0.0013883697335398404,4 days 00:00:00.000000000
2016-06-06,1386663.9371535587,,,,,,,0.0,
2016-06-07,1399843.4132835395,,,,,,,0.0,
2016-06-08,1427117.6069414162,,,,,,,0.0,
2016-06-09,1419576.017822594,,,,,,,0.005284490277563947,
2016-06-10,1395779.7414767954,,,,,,,0.02195885280385812,
2016-06-13,1395926.180100462,,,,,,,0.0218562413421578,
2016-06-14,1388055.10407839,,,,,,,0.027371607408547494,
2016-06-15,1377145.4266152394,,,,,,,0.035016161305217675,
2016-06-16,1346503.144613034,,,,,,,0.05648760966599953,
2016-06-17,1379598.2735616523,,,,,,,0.03329741932173824,
2016-06-20,1401710.5057352867,,,,,,,0.01780308860499702,
2016-06-21,1391716.0696700513,,,,,,,0.02480632086604062,
2016-06-22,1380257.2473681513,,,,,,,0.03283566774408697,
2016-06-23,1393766.2104013816,,,,,,,0.023369760402236928,
2016-06-24,1351701.715753193,,,,,,,0.052844902775640024,
2016-06-27,1332847.7429561373,,,,,,,0.06605612846955,
2016-06-28,1362245.2966571776,,,,,,,0.04545687753322036,
2016-06-29,1392375.0434765504,,,,,,,0.02434456928838946,
2016-06-30,1369310.9602490838,,,,,,,0.04050587450618237,
2016-07-01,1378133.887324988,,,,,,,0.03432353393874077,
2016-07-05,1333726.374698136,,,,,,,0.06544045969934831,
2016-07-06,1339766.967924377,,,,,,,0.06120773690421222,
2016-07-07,1300631.2457495176,,,,,,,0.08863065004360982,
2016-07-08,1310735.5107825028,,,,,,,0.08155045918629111,
2016-07-11,1302974.263728181,197.0,3660.9655916613215,355.91,355.91,190893.2163108136,0.1716540505335766,0.08698886665640537,
2016-07-12,1254955.2313763604,,,,,,,0.12063643159307125,
2016-07-13,1281917.7972068496,,,,,,,0.10174340855184127,
2016-07-14,1266841.953946791,,,,,,,0.11230724939209913,
2016-07-15,1270937.0748323356,,,,,,,0.10943774454847144,
2016-07-18,1280685.6369404024,,,,,,,0.10260679938974704,
2016-07-19,1291920.039369773,,,,,,,0.09473470645590121,
2016-07-20,1293188.4396440566,,,,,,,0.09384592176982187,
2016-07-21,1308046.8428570952,,,,,,,0.08343444401860634,
2016-07-22,1314751.2443068807,,,,,,,0.0787365821064725,
2016-07-25,1328848.607355349,,,,,,,0.06885837516690463,
2016-07-26,1331711.5679744463,,,,,,,0.06685226116118281,
2016-07-27,1349650.3718536028,,,,,,,0.05428230631520292,
2016-07-28,1359507.6539851793,,,,,,,0.047375179611957696,
2016-07-29,1349686.6118614394,,,,,,,0.05425691246702935,
2016-08-01,1374909.6573157678,,,,,,,0.03658279413813681,
2016-08-02,1380635.5785539632,,,,,,,0.032570566126692735,
2016-08-03,1359072.773891139,,,,,,,0.04767990579004211,
2016-08-04,1345047.8908583443,,,,,,,0.05750732503326261,
2016-08-05,1340155.4898003929,,,,,,,0.06093549453671143,
2016-08-08,1322325.4059447467,,,,,,,0.07342926783817005,
2016-08-09,1328377.4872534722,,,,,,,0.06918849519316261,
2016-08-10,1341568.8501060233,,,,,,,0.059945134457937255,
2016-08-11,1312323.1637818231,,,,,,,0.08043796993411023,
2016-08-12,1299965.3211095156,,,,,,,0.08909727216134067,
2016-08-15,1276300.5959921642,,,,,,,0.1056794550187643,
2016-08-16,1263580.35324149,,,,,,,0.11459269572773167,
2016-08-17,1256622.2717368475,,,,,,,0.1194683145770814,
2016-08-18,1236001.7072777771,,,,,,,0.13391741418791447,
2016-08-19,1237197.6275363874,,,,,,,0.13307941719818261,
2016-08-22,1259050.352261905,,,,,,,0.11776692674944367,
2016-08-23,1249519.2302008586,,,,,,,0.12444550881912575,
2016-08-24,1269523.7145267052,,,,,,,0.1104281046272455,
2016-08-25,1263616.5932493266,,,,,,,0.11456730187955799,
2016-08-26,1263870.2733041833,,,,,,,0.1143895449423421,
2016-08-29,1278112.5963839982,291.0,-3624.0007836679083,359.14,359.14,-24861.667344182708,-0.019080704842969337,0.1044097626100795,
2016-08-30,1253159.2270885636,,,,,,,0.12189491532213548,
2016-08-31,1226667.1620157363,,,,,,,0.1404582523197112,
2016-09-01,1204332.0965155074,,,,,,,0.15610872526713504,
2016-09-02,1223073.823402135,,,,,,,0.1429761517528929,
2016-09-06,1226631.9332057992,,,,,,,0.14048293760827169,
2016-09-07,1240688.2283707699,,,,,,,0.13063350747259006,
2016-09-08,1275247.6909192316,,,,,,,0.10641723939463588,
2016-09-09,1249777.2613345855,,,,,,,0.12426470302395376,
2016-09-12,1256999.167371726,,,,,,,0.11920421886902954,
2016-09-13,1235086.8475907438,,,,,,,0.13455846835372642,
2016-09-14,1220572.577896589,,,,,,,0.1447288072406957,
2016-09-15,1231176.449687707,,,,,,,0.13729853538395353,
2016-09-16,1226279.6451064264,,,,,,,0.1407297904938778,
2016-09-19,1229309.3227610316,,,,,,,0.13860685567766573,
2016-09-20,1233642.4663833159,,,,,,,0.13557056518471122,
2016-09-21,1250270.4646737073,,,,,,,0.1239191089841053,
2016-09-22,1264291.5310287406,,,,,,,0.11409436413698426,
2016-09-23,1238363.12691491,,,,,,,0.13226273651759002,
2016-09-26,1255730.930213984,326.0,3522.8809937269857,356.45,356.45,-22381.6661700141,-0.017511497995822675,0.1200928892572114,
2016-09-27,1264184.9030251135,,,,,,,0.11416907977577151,
2016-09-28,1229904.6415240876,,,,,,,0.1381897080227279,
2016-09-29,1219093.9791992474,,,,,,,0.1457648807150539,
2016-09-30,1215083.5722077743,,,,,,,0.14857502542349754,
2016-10-03,1206923.2658077336,,,,,,,0.15429305900415646,
2016-10-04,1204830.879551313,,,,,,,0.15575922146073573,
2016-10-05,1189765.6985050838,,,,,,,0.16631559114810623,
2016-10-06,1185894.7839307056,,,,,,,0.1690279916927777,
2016-10-07,1189521.586775168,,,,,,,0.1664866434347071,
2016-10-10,1166714.5765801826,345.0,-3487.310427367834,378.34,378.34,-89016.35363380154,-0.07088807919912637,0.18246781421142066,
2016-10-11,1146631.0777478092,,,,,,,0.19654058490297988,
2016-10-12,1137870.0128600604,,,,,,,0.20267957782489154,
2016-10-13,1147180.5522006995,,,,,,,0.19615556095665787,
2016-10-14,1146631.0777478092,,,,,,,0.19654058490297988,
2016-10-17,1143547.9155399255,,,,,,,0.19870099704623112,
2016-10-18,1146447.9195968457,,,,,,,0.1966689262184207,
2016-10-19,1158444.778484948,,,,,,,0.18826257005705715,
2016-10-20,1141930.0185397489,,,,,,,0.19983467866595694,
2016-10-21,1147119.4994837116,,,,,,,0.19619834139513814,
2016-10-24,1144585.811728718,,,,,,,0.19797372959206738,
2016-10-25,1138968.9617658409,,,,,,,0.20190952993224753,
2016-10-26,1130879.4767649577,,,,,,,0.20757793803087687,
2016-10-27,1140861.5959924625,,,,,,,0.20058333633936076,
2016-10-28,1129505.7906327322,,,,,,,0.20854049789668183,
2016-10-31,1103894.1758563516,,,,,,,0.22648689183913417,
2016-11-01,1100780.487289974,,,,,,,0.2286686942016254,
2016-11-02,1083380.4629484517,,,,,,,0.2408611191684884,
2016-11-03,1075382.5570230505,,,,,,,0.24646535660939717,
2016-11-04,1065644.6486634968,,,,,,,0.2532888365469924,
2016-11-07,1077336.24396666,,,,,,,0.24509638257803013,
2016-11-08,1082586.7776276106,,,,,,,0.24141726486873116,
2016-11-09,1088386.7857414512,,,,,,,0.2373531232131102,
2016-11-10,1087440.4686281404,,,,,,,0.23801622000955358,
2016-11-11,1072055.1839472156,,,,,,,0.24879689050656917,
2016-11-14,1067689.914682588,355.0,3052.6358493898338,349.76,349.76,-99024.66189759453,-0.08487479618867096,0.251855691857905,
2016-11-15,1027930.2483537314,,,,,,,0.27971581083861696,
2016-11-16,1033369.5123894686,,,,,,,0.2759044472836576,
2016-11-17,1032130.5689146619,,,,,,,0.27677259120450937,
2016-11-18,1026842.3955465842,,,,,,,0.28047808354960857,
2016-11-21,994116.1569315653,,,,,,,0.30340978760528026,
2016-11-22,992786.5590561628,,,,,,,0.30434145425204806,
2016-11-23,992031.105717866,,,,,,,0.304870810301348,
2016-11-25,1010433.9490387769,,,,,,,0.2919756969404024,
2016-11-28,994539.2108010116,,,,,,,0.3031133482176722,
2016-11-29,1025996.2878076916,,,,,,,0.28107096232482454,
2016-11-30,973930.443732274,,,,,,,0.3175541812425734,
2016-12-01,951145.9710492416,,,,,,,0.33351955968945834,
2016-12-02,946250.6334170782,,,,,,,0.33694978688892163,
2016-12-05,934797.9608084981,,,,,,,0.3449748245963081,
2016-12-06,944044.7096692513,,,,,,,0.3384955065528774,
2016-12-07,955195.2009425126,380.0,-3021.8133531873227,383.42,383.42,-112494.7137400755,-0.10536272019907474,0.3306822112652109,
2016-12-08,954379.2091847557,,,,,,,0.33125398737797696,
2016-12-09,963849.0183921703,,,,,,,0.32461836802792887,
2016-12-12,977535.8520122617,,,,,,,0.3150278244360627,
2016-12-13,978768.9000861439,,,,,,,0.3141638114998585,
2016-12-14,964588.8472364997,,,,,,,0.32409996026620636,
2016-12-15,959903.2645557476,,,,,,,0.3273832094237822,
2016-12-16,970310.1902993126,,,,,,,0.32009094024221907,
2016-12-19,966906.977615398,,,,,,,0.3224756159461426,
2016-12-20,967498.8406908615,,,,,,,0.3220608897367645,
2016-12-21,963479.1039700058,,,,,,,0.3248775719087901,
2016-12-22,966586.3851161887,,,,,,,0.3227002593095556,
2016-12-23,966413.7583858451,,,,,,,0.3228212211206243,
2016-12-27,982024.1470011927,,,,,,,0.3118828173482795,
2016-12-28,984391.5993030465,,,,,,,0.3102239125107674,
2016-12-29,982665.3319996115,,,,,,,0.3114335306214533,
2016-12-30,981999.486039715,,,,,,,0.31190009760700366,
2017-01-03,963405.1210855729,,,,,,,0.32492941268496234,
2017-01-04,976919.3279753207,,,,,,,0.31545983090416474,
2017-01-05,981087.0304650422,,,,,,,0.31253946717979475,
2017-01-06,981925.5031552822,,,,,,,0.3119519383831758,
2017-01-09,962961.2237789753,,,,,,,0.3252404573419958,
2017-01-10,959311.4014802842,,,,,,,0.3277979356331602,
2017-01-11,973220.1837536744,,,,,,,0.3180518697127773,
2017-01-12,988115.4044861704,,,,,,,0.3076145934434309,
2017-01-13,986068.5446835262,,,,,,,0.30904885491752976,
2017-01-17,988657.9456386784,,,,,,,0.3072344277515012,
2017-01-18,974527.2147119895,,,,,,,0.31713601600040076,
2017-01-19,973984.6735594813,,,,,,,0.31751618169233065,
2017-01-20,984983.4623785098,,,,,,,0.30980918630138954,
2017-01-23,983380.499882463,,,,,,,0.31093240311845494,
2017-01-24,986833.034489333,,,,,,,0.3085131668970832,
2017-01-25,981308.9791183411,,,,,,,0.31238394485127796,
2017-01-26,988115.4044861704,,,,,,,0.3076145934434309,
2017-01-27,980174.5748903695,,,,,,,0.31317883675258573,
2017-01-30,970408.8341452233,,,,,,,0.32002181920732276,
2017-01-31,976154.8381695139,,,,,,,0.3159955189246113,
2017-02-01,990630.8225568898,,,,,,,0.3058520070535744,
2017-02-02,987301.5927574083,,,,,,,0.30818484198132556,
2017-02-03,987350.9146803635,,,,,,,0.30815028146387746,
2017-02-06,978448.3075869345,,,,,,,0.3143884548632716,
2017-02-07,975341.0264407516,,,,,,,0.3165657674625061,
2017-02-08,983405.1608439407,,,,,,,0.3109151228597309,
2017-02-09,990754.1273642781,,,,,,,0.30576560575995404,
2017-02-10,1005747.9919426845,,,,,,,0.2952592084557114,
2017-02-13,995735.6415827618,,,,,,,0.30227499349768927,
2017-02-14,999015.5494592884,,,,,,,0.299976719087386,
2017-02-15,999928.005033961,,,,,,,0.299337349514595,
2017-02-16,995563.0148524183,,,,,,,0.30239595530875774,
2017-02-17,993886.0694719387,,,,,,,0.3035710129019954,
2017-02-21,997560.5527321073,,,,,,,0.3009962543521071,
2017-02-22,990310.2300576805,,,,,,,0.3060766504169875,
2017-02-23,995636.9977368513,,,,,,,0.3023441145325855,
2017-02-24,990951.4150560992,,,,,,,0.3056273636901614,
2017-02-27,989052.5210223207,,,,,,,0.30695794361191575,
2017-02-28,991888.5315922496,,,,,,,0.30497071385864616,
2017-03-01,994403.9496629692,,,,,,,0.30320812746878967,
2017-03-02,976845.3450908879,,,,,,,0.315511671680337,
2017-03-03,982887.2806529102,,,,,,,0.3112780082929366,
2017-03-06,983429.8218054182,,,,,,,0.31089784260100684,
2017-03-07,980125.2529674142,,,,,,,0.31321339727003394,
2017-03-08,956006.8326422801,,,,,,,0.3301134903021874,
2017-03-09,943528.3861345932,,,,,,,0.33885730121657354,
2017-03-10,937239.8409577943,,,,,,,0.34326376719121476,
2017-03-13,937511.1115340485,396.0,2466.0961477642268,380.16,380.16,-17684.089408464108,-0.018513586951666862,0.34307368434524976,
2017-03-14,935246.5800534083,,,,,,,0.34466047121524956,
2017-03-15,923821.7830116971,,,,,,,0.3526659761478085,
2017-03-16,922918.5405105362,,,,,,,0.35329888999931425,
2017-03-17,920819.1119943243,,,,,,,0.35476998705957086,
2017-03-20,923162.6601054445,,,,,,,0.35312783220161004,
2017-03-21,929875.9489654243,,,,,,,0.3484237427647432,
2017-03-22,932780.9721448338,,,,,,,0.34638815497206266,
2017-03-23,934685.104985119,,,,,,,0.3450539041499695,
2017-03-24,933025.0917397422,,,,,,,0.34621709717435833,
2017-03-27,936467.1780279501,,,,,,,0.3438051822267283,
2017-03-28,928362.4074769926,,,,,,,0.34948430111050943,
2017-03-29,916693.4908403731,,,,,,,0.35766086384077256,
2017-03-30,910956.6803600265,,,,,,,0.36168072208682256,
2017-03-31,908369.012653998,,,,,,,0.3634939347424876,
2017-04-03,914789.3580000879,,,,,,,0.3589951146628657,
2017-04-04,905463.9894745885,,,,,,,0.3655295225351681,
2017-04-05,902314.8467002709,,,,,,,0.3677361681255529,
2017-04-06,897090.6873692321,,,,,,,0.3713968049964238,
2017-04-07,891353.8768888855,,,,,,,0.3754166632424738,
2017-04-10,882443.5116747306,,,,,,,0.38166027285867876,
2017-04-11,878098.1828853617,,,,,,,0.38470510165781446,
2017-04-12,879489.6645763393,,,,,,,0.3837300722109003,
2017-04-13,875754.6347742416,,,,,,,0.3863472565157752,
2017-04-17,881296.1495786612,,,,,,,0.38246424450788885,
2017-04-18,888058.2623576226,,,,,,,0.37772594351148114,
2017-04-19,906904.295084548,,,,,,,0.36452028152871296,
2017-04-20,909662.8465070124,460.0,-2441.1959490835743,387.69,387.69,-27848.265027036086,-0.0297044639625316,0.362587328414655,
2017-04-21,889654.3044933551,,,,,,,0.37660757588153293,
2017-04-24,885473.4890269738,,,,,,,0.3795371280404062,
2017-04-25,890885.3223806785,,,,,,,0.37574498552364244,
2017-04-26,890258.2000607214,,,,,,,0.3761844183474734,
2017-04-27,883475.9883041471,,,,,,,0.3809368029607568,
2017-04-28,889027.182173398,,,,,,,0.3770470087053639,
2017-05-01,886425.7858832051,,,,,,,0.37886984115977396,
2017-05-02,878273.1957237616,,,,,,,0.38458246786957684,
2017-05-03,879806.161394768,,,,,,,0.38350829874465664,
2017-05-04,854303.187049842,,,,,,,0.4013785669137838,
2017-05-05,862618.3644774226,,,,,,,0.3955520131755803,
2017-05-08,861944.7886522834,,,,,,,0.39602399657895426,
2017-05-09,856765.2228244888,487.0,2322.6752591007366,368.87,368.87,-52897.62368252365,-0.058150801569662514,0.39965338619800284,
2017-05-10,832778.6367514223,,,,,,,0.4164611012429277,
2017-05-11,826455.7729991683,,,,,,,0.4208916146929055,
2017-05-12,823696.7051800028,,,,,,,0.42282492965289586,
2017-05-15,816477.1443865201,,,,,,,0.42788377046487036,
2017-05-16,818477.468555415,,,,,,,0.4264821171188774,
2017-05-17,812545.4727442095,,,,,,,0.43063874428285653,
2017-05-18,813097.2863080425,,,,,,,0.43025208129085857,
2017-05-19,797140.6774205359,,,,,,,0.4414330861428024,
2017-05-22,791093.7204501984,,,,,,,0.44567026809678123,
2017-05-23,792542.2310552603,,,,,,,0.44465527774278624,
2017-05-24,795117.3610198146,,,,,,,0.4428508504467953,
2017-05-25,815396.5094906803,,,,,,,0.4286409854908666,
2017-05-26,809878.3738523496,,,,,,,0.43250761541084715,
2017-05-30,815948.3230545134,,,,,,,0.4282543224988685,
2017-05-31,827467.4311995289,,,,,,,0.4201827325409091,
2017-06-01,828617.0427908478,,,,,,,0.4193771846409131,
2017-06-02,835537.7045705878,,,,,,,0.4145277862829373,
2017-06-05,841561.6693090989,,,,,,,0.4103067152869586,
2017-06-06,835077.8599340601,,,,,,,0.4148500054429358,
2017-06-07,852436.9949629757,,,,,,,0.4026862321529968,
2017-06-08,850367.6940986018,,,,,,,0.4041362183729895,
2017-06-09,845976.1778197634,,,,,,,0.4072134113509741,
2017-06-12,849310.0514345883,,,,,,,0.40487732244098584,
2017-06-13,845815.2321969789,,,,,,,0.4073261880569735,
2017-06-14,863772.1652533803,,,,,,,0.3947435298590366,
2017-06-15,864255.0021217342,,,,,,,0.3944051997410384,
2017-06-16,858943.7965698409,,,,,,,0.3981268310390197,
2017-06-19,865335.637017574,,,,,,,0.39364798471504214,
2017-06-20,875176.3122392639,,,,,,,0.38675249469107675,
2017-06-21,885292.8942428704,,,,,,,0.3796636731711124,
2017-06-22,885706.7544157453,,,,,,,0.3793736759271137,
2017-06-23,882763.7487419688,,,,,,,0.3814358785511034,
2017-06-26,878855.0693314845,,,,,,,0.38417474141108965,
2017-06-27,869313.2931235376,,,,,,,0.39086078898105614,
2017-06-28,862507.5925029295,,,,,,,0.39562963254903216,
2017-06-29,856253.7054461547,,,,,,,0.4000118131250101,
2017-06-30,840067.1742403843,,,,,,,0.4113539275569533,
2017-07-03,827766.3302132718,,,,,,,0.4199732900869102,
2017-07-05,845723.2632696733,,,,,,,0.4073906318889732,
2017-07-06,842504.3508139803,,,,,,,0.40964616600896187,
2017-07-07,855862.8375051062,,,,,,,0.4002856994110088,
2017-07-10,852620.9328175868,,,,,,,0.4025573444889975,
2017-07-11,844941.5273875765,,,,,,,0.4079384044609704,
2017-07-12,845010.5040830555,,,,,,,0.40789007158697077,
2017-07-13,844757.5895329654,,,,,,,0.40806729212496984,
2017-07-14,837584.0132031355,,,,,,,0.4130939110209446,
2017-07-17,841170.8013680505,,,,,,,0.41058060157295717,
2017-07-18,837308.106421219,,,,,,,0.4132872425169436,
2017-07-19,827375.4622722234,,,,,,,0.42024717637290876,
2017-07-20,829697.6776866877,,,,,,,0.4186199696149169,
2017-07-21,842826.2420595497,,,,,,,0.40942061259696305,
2017-07-24,842757.2653640705,500.0,-2299.223182637831,371.2,371.2,-14007.957460418202,-0.016349820332620783,0.4094689454709628,
2017-07-25,846900.9964396099,,,,,,,0.40656537883049493,
2017-07-26,856969.5060170041,,,,,,,0.3995102422892446,
2017-07-27,862835.3118199056,,,,,,,0.39539999533106074,
2017-07-28,868903.3867884245,,,,,,,0.3911480157191465,
2017-07-31,872139.6934383012,,,,,,,0.38888029325945883,
2017-08-01,860677.7740533211,,,,,,,0.3969118103041859,
2017-08-02,866970.5925391925,,,,,,,0.3925023499659044,
2017-08-03,861149.7354397615,,,,,,,0.3965811007788147,
2017-08-04,864138.8242205504,,,,,,,0.394486607118131,
2017-08-07,864813.0547726081,,,,,,,0.3940141649390294,
2017-08-08,865037.7982899606,,,,,,,0.3938566842126622,
2017-08-09,869487.719933541,,,,,,,0.39073856583059174,
2017-08-10,858340.4414728547,,,,,,,0.3985496098584046,
2017-08-11,860745.197108527,,,,,,,0.3968645660862756,
2017-08-14,849552.96994437,,,,,,,0.404707106259362,
2017-08-15,846473.98375664,,,,,,,0.4068645922105927,
2017-08-16,841170.0367471199,,,,,,,0.4105811373528585,
2017-08-17,842540.9722029704,,,,,,,0.4096205049220186,
2017-08-18,855553.621857683,,,,,,,0.4005023708653579,
2017-08-21,846159.3428323466,,,,,,,0.40708506522750665,
2017-08-22,848271.9318954605,,,,,,,0.40560474639965505,
2017-08-23,853980.4172362152,,,,,,,0.4016047359499283,
2017-08-24,851732.9820626897,,,,,,,0.4031795432136003,
2017-08-25,851890.3025248365,,,,,,,0.4030693067051432,
2017-08-28,847193.1630121681,,,,,,,0.40636065388621767,
2017-08-29,848339.3549506663,,,,,,,0.4055575021817448,
2017-08-30,844698.509969555,,,,,,,0.4081086899488935,
2017-08-31,867509.9769808387,,,,,,,0.3921243962226231,
2017-09-01,868364.0023467783,,,,,,,0.3915259694624278,
2017-09-05,876432.2946197349,,,,,,,0.3858724113858454,
2017-09-06,881960.9851466075,,,,,,,0.3819983855172123,
2017-09-07,881736.241629255,,,,,,,0.38215586624357956,
2017-09-08,870161.9504855988,,,,,,,0.39026612365149016,
2017-09-11,872341.9626039184,,,,,,,0.3887385606057284,
2017-09-12,873443.2058389459,,,,,,,0.3879669050465291,
2017-09-13,881916.0364431371,,,,,,,0.38202988166248575,
2017-09-14,885983.8941072182,,,,,,,0.37917948051523953,
2017-09-15,889737.1108470057,,,,,,,0.3765495523849074,
2017-09-18,887579.5730804213,,,,,,,0.3780613673580324,
2017-09-19,884365.7407822799,,,,,,,0.38031334174508336,
2017-09-20,896029.929332877,,,,,,,0.3721400920466259,
2017-09-21,892838.5713864709,,,,,,,0.37437631836104,
2017-09-22,894546.6221183502,,,,,,,0.37317946484064946,
2017-09-25,908525.6688976788,,,,,,,0.36338416366060977,
2017-09-26,902502.5426326304,,,,,,,0.3676046471272507,
2017-09-27,904053.2729023631,,,,,,,0.36651803011531703,
2017-09-28,899423.5564449006,,,,,,,0.36976213307848127,
2017-09-29,897400.8647887277,,,,,,,0.3711794596157859,
2017-10-02,885422.0353138369,,,,,,,0.37957318233115744,
2017-10-03,885129.8687412784,,,,,,,0.3797779072754349,
2017-10-04,884860.1765204555,,,,,,,0.37996688414707547,
2017-10-05,896052.4036846124,,,,,,,0.3721243439739892,
2017-10-06,880634.9983942275,,,,,,,0.3829275218027788,
2017-10-09,882028.4082018132,,,,,,,0.3819511412993023,
2017-10-10,895602.9166499072,,,,,,,0.37243930542672354,
2017-10-11,898142.5183959911,,,,,,,0.3706597732187742,
2017-10-12,894681.4682287618,,,,,,,0.37308497640482907,
2017-10-13,905244.4135443317,,,,,,,0.36568338226557073,
2017-10-16,909424.642967089,,,,,,,0.36275424075514107,
2017-10-17,906255.759372418,,,,,,,0.36497471899691847,
2017-10-18,906435.5541863001,,,,,,,0.36484873441582466,
2017-10-19,901266.4532871915,,,,,,,0.3684707911222702,
2017-10-20,904322.9651231861,,,,,,,0.3663290532436764,
2017-10-23,905581.5288203604,,,,,,,0.36544716117602005,
2017-10-24,914144.2568314925,,,,,,,0.35944714550142987,
2017-10-25,913447.5519276996,,,,,,,0.35993533575316816,
2017-10-26,918167.1657921032,,,,,,,0.35662824049945707,
2017-10-27,926010.714547707,,,,,,,0.351132163149242,
2017-10-30,929988.6748048472,,,,,,,0.3483447542925425,
2017-10-31,933000.2379373714,,,,,,,0.3462345125592221,
2017-11-01,933045.186640842,,,,,,,0.34620301641394857,
2017-11-02,934258.8016345457,,,,,,,0.3453526204915658,
2017-11-03,945248.7596330852,,,,,,,0.33765181297221003,
2017-11-06,965138.5609187859,,,,,,,0.3237147686887131,
2017-11-07,960958.3314960285,,,,,,,0.32664391019914296,
2017-11-08,960531.3188130585,,,,,,,0.3269431235792406,
2017-11-09,964576.7021254045,,,,,,,0.3241084705046311,
2017-11-10,963205.7666695539,,,,,,,0.325069102935471,
2017-11-13,963070.9205591424,,,,,,,0.32516359137129136,
2017-11-14,948035.5792482569,,,,,,,0.33569905196525673,
2017-11-15,945316.1826882911,,,,,,,0.3376045687542998,
2017-11-16,941091.0045620631,,,,,,,0.3405652064100031,
2017-11-17,955946.5510590667,,,,,,,0.3301557303971314,
2017-11-20,950260.5400700471,,,,,,,0.33413999277422146,
2017-11-21,954395.8207893341,,,,,,,0.331242347409065,
2017-11-22,964194.6381459051,,,,,,,0.3243761877394553,
2017-11-24,969161.4698793965,,,,,,,0.3208958636867403,
2017-11-27,965543.0992500205,,,,,,,0.32343130338125214,
2017-11-28,963655.2537042589,,,,,,,0.3247541414827366,
2017-11-29,957654.601790946,,,,,,,0.32895887687674075,
2017-11-30,953474.3723681886,,,,,,,0.3318880183871705,
2017-12-01,965228.4583257269,,,,,,,0.3236517763981662,
2017-12-04,951901.1677467208,,,,,,,0.3329903834717408,
2017-12-05,950080.7452561652,,,,,,,0.33426597735531516,
2017-12-06,931854.0459988734,,,,,,,0.34703766426369476,
2017-12-07,936483.762456336,,,,,,,0.3437935613005305,
2017-12-08,944641.9521362334,,,,,,,0.33807701093340137,
2017-12-11,951564.0524706919,,,,,,,0.33322660456129183,
2017-12-12,940484.1970652114,,,,,,,0.34099040437119443,
2017-12-13,934550.9682071039,,,,,,,0.34514789554728853,
2017-12-14,941135.9532655337,,,,,,,0.34053371026472967,
2017-12-15,943248.5423286476,,,,,,,0.33905339143687796,
2017-12-18,946394.9515715834,,,,,,,0.33684866126773716,
2017-12-19,950260.5400700471,,,,,,,0.33413999277422146,
2017-12-20,957362.4352183877,,,,,,,0.329163601821018,
2017-12-21,961430.2928824689,,,,,,,0.3263132006737718,
2017-12-22,964891.343049698,,,,,,,0.323887997487717,
2017-12-26,982691.02962402,552.0,2247.4351735254886,437.25,437.25,139933.7642599494,0.16604278599662756,0.31141552395943506,
2017-12-27,972034.6228635485,,,,,,,0.318882607757322,
2017-12-28,966873.2195745175,,,,,,,0.32249927064756057,
2017-12-29,961244.6202981172,,,,,,,0.3264433038856225,
2018-01-02,960621.6923149583,,,,,,,0.32687979768272013,
2018-01-03,950766.0817242655,660.0,-2224.742796996128,447.14,447.14,-31924.94789975456,-0.03248726907781902,0.33378575311537384,
2018-01-04,942597.49003108,,,,,,,0.33950959230946265,
2018-01-05,934030.7181485681,,,,,,,0.34551244157769656,
2018-01-08,934030.7181485681,,,,,,,0.34551244157769656,
2018-01-09,943818.3076457868,,,,,,,0.33865414941620087,
2018-01-10,948112.2178768248,,,,,,,0.33564535027438336,
2018-01-11,949732.958503246,,,,,,,0.33450967608850124,
2018-01-12,953984.7715751561,,,,,,,0.33153037497748594,
2018-01-16,949080.4525367647,,,,,,,0.3349668955659344,
2018-01-17,952932.3425969605,,,,,,,0.3322678257475392,
2018-01-18,953753.2371999531,,,,,,,0.33169261414689766,
2018-01-19,947964.8778198774,,,,,,,0.3357485933821909,
2018-01-22,952111.4479939679,,,,,,,0.3328430373481809,
2018-01-23,959099.5764091866,,,,,,,0.3279463642350269,
2018-01-24,971097.2667606161,,,,,,,0.3195394254564192,
2018-01-25,970023.7892028566,,,,,,,0.3202916252418736,
2018-01-26,975475.3713099096,,,,,,,0.3164716302529975,
2018-01-29,969455.477554631,,,,,,,0.32068984865770245,
2018-01-30,961099.1914677582,,,,,,,0.32654520777192564,
2018-01-31,960930.8028312468,,,,,,,0.32666319989513426,
2018-02-01,968697.7286903302,,,,,,,0.3212208132121408,
2018-02-02,960930.8028312468,,,,,,,0.32666319989513426,
2018-02-05,950532.8045266746,,,,,,,0.3339492135032608,
2018-02-06,941650.3039507039,,,,,,,0.3401732980025106,
2018-02-07,926832.1039377103,,,,,,,0.3505566048448612,
2018-02-08,922054.0763767025,,,,,,,0.353904631340903,
2018-02-09,901973.731472731,,,,,,,0.36797519203352,
2018-02-12,906120.3016468216,,,,,,,0.36506963599951003,
2018-02-13,908667.1797740548,,,,,,,0.36328500513598105,
2018-02-14,924327.3229696049,,,,,,,0.35231173767758794,
2018-02-15,929357.9334853797,,,,,,,0.3487867229967332,
2018-02-16,933693.9408755454,,,,,,,0.3457484258241136,
2018-02-20,934977.9042289441,,,,,,,0.3448487358846485,
2018-02-21,935756.7016728087,,,,,,,0.34430302231480914,
2018-02-22,944744.4451465989,665.0,2104.8579563911394,448.84,448.84,-6021.636577666575,-0.006333457506967448,0.338005192738554,
2018-02-23,929621.2886789454,,,,,,,0.34860218656309605,
2018-02-26,925141.5375343789,,,,,,,0.3517412068672232,
2018-02-27,932600.8440913779,,,,,,,0.34651437305849064,
2018-02-28,946581.834872792,,,,,,,0.33671770969072656,
2018-03-01,951457.4710022269,,,,,,,0.3333012875922813,
2018-03-02,950373.9963067969,,,,,,,0.3340604925030469,
2018-03-05,937914.0373093518,,,,,,,0.3427913489768516,
2018-03-06,936518.0218363941,,,,,,,0.34376955530418407,
2018-03-07,950415.6684104673,,,,,,,0.3340312923141713,
2018-03-08,958416.7123151813,,,,,,,0.3284248560500559,
2018-03-09,944477.3936374375,,,,,,,0.33819231922894444,
2018-03-12,950499.0126178081,,,,,,,0.3339728919364201,
2018-03-13,952436.765438481,,,,,,,0.3326150831537047,
2018-03-14,950290.6520994562,,,,,,,0.3341188928807981,
2018-03-15,950894.8976026768,,,,,,,0.33369549014210187,
2018-03-16,943998.1644452281,,,,,,,0.33852812140101385,
2018-03-19,950936.5697063471,,,,,,,0.33366628995322634,
2018-03-20,940810.2485144436,,,,,,,0.34076193584999726,
2018-03-21,925558.2585710827,,,,,,,0.3514492049784672,
2018-03-22,932163.2870028388,,,,,,,0.3468209750416845,
2018-03-23,922016.1297591,,,,,,,0.3539312210328933,
2018-03-26,925662.4388302587,,,,,,,0.35137620450627827,
2018-03-27,926433.3727481609,,,,,,,0.35083600101207957,
2018-03-28,932746.6964542242,699.0,-2083.605183519243,450.02,450.02,-11997.748692374646,-0.012699464658416613,0.34641217239742605,
2018-03-29,929299.3371196124,,,,,,,0.34882778223773914,
2018-04-02,913172.5784819418,,,,,,,0.3601280132482957,
2018-04-03,916927.2818288803,,,,,,,0.3574970434328608,
2018-04-04,914485.6987781388,,,,,,,0.3592078926571054,
2018-04-05,920107.4950462327,,,,,,,0.3552686263760716,
2018-04-06,910402.7153571511,,,,,,,0.3620688926203378,
2018-04-09,927186.0341429202,,,,,,,0.3503086013141862,
2018-04-10,946144.2084192658,,,,,,,0.3370243602788754,
2018-04-11,957592.9760017344,,,,,,,0.32900205887443446,
2018-04-12,957880.2210665274,,,,,,,0.3288007824951116,
2018-04-13,960834.7417329709,,,,,,,0.32673051116493323,
2018-04-16,953038.0899743006,,,,,,,0.3321937271751261,
2018-04-17,953756.2026362835,,,,,,,0.33169053622681877,
2018-04-18,974109.5672273383,,,,,,,0.31742866706336836,
2018-04-19,972570.7543802324,,,,,,,0.31850693338116953,
2018-04-20,972057.8167645304,,,,,,,0.3188663554871033,
2018-04-23,971544.8791488284,,,,,,,0.31922577759303705,
2018-04-24,965163.9352094957,,,,,,,0.3236969885908526,
2018-04-25,968405.7009407323,,,,,,,0.3214254408813514,
2018-04-26,971565.3966534565,,,,,,,0.3192114007087997,
2018-04-27,970785.7314775895,,,,,,,0.3197577223098189,
2018-04-30,976140.8001855183,,,,,,,0.31600535552387077,
2018-05-01,966189.8104408997,,,,,,,0.3229781443789851,
2018-05-02,969472.6111813923,,,,,,,0.3206778429010093,
2018-05-03,973083.6919959344,,,,,,,0.3181475112752359,
2018-05-04,983711.7593932797,,,,,,,0.3107002852402889,
2018-05-07,990072.1858279845,,,,,,,0.3062434511267106,
2018-05-08,978705.4882640282,,,,,,,0.3142082449942021,
2018-05-09,996412.094758061,,,,,,,0.3018009938973697,
2018-05-10,999469.2029476449,,,,,,,0.2996588381460047,
2018-05-11,993908.9591934353,,,,,,,0.3035549737743263,
2018-05-14,998586.9502486375,,,,,,,0.30027704416821066,
2018-05-15,1000228.3506188839,,,,,,,0.2991268934292227,
2018-05-16,1003716.3264056573,,,,,,,0.2966828231088734,
2018-05-17,1005788.5943730933,,,,,,,0.29523075780090113,
2018-05-18,1003572.7038732608,,,,,,,0.29678346129853483,
2018-05-21,1011636.0831920961,,,,,,,0.29113334579325656,
2018-05-22,1015267.6815112662,,,,,,,0.2885886372832457,
2018-05-23,1015842.1716408525,,,,,,,0.28818608452459993,
2018-05-24,1008414.8349654876,,,,,,,0.29339051661852034,
2018-05-25,989087.3456058366,,,,,,,0.30693354157010333,
2018-05-29,978828.5932917967,,,,,,,0.314121983688778,
2018-05-30,992390.6638509574,,,,,,,0.3046188632078901,
2018-05-31,987753.7078050114,,,,,,,0.30786803904553106,
2018-06-01,978910.663310309,,,,,,,0.31406447615182864,
2018-06-04,965348.5927511484,,,,,,,0.3235675966327165,
2018-06-05,968816.0510332938,,,,,,,0.3211379031966045,
2018-06-06,966948.9581121386,,,,,,,0.3224461996622032,
2018-06-07,979567.2234584077,,,,,,,0.31360441585623333,
2018-06-08,976961.5003706416,,,,,,,0.3154302801543767,
2018-06-11,975279.0649911389,,,,,,,0.3166091846618395,
2018-06-12,977597.543014112,,,,,,,0.31498459674301893,
2018-06-13,980757.2387268362,,,,,,,0.31277055657046726,
2018-06-14,972816.9644357694,,,,,,,0.3183344107703213,
2018-06-15,951212.0320624015,,,,,,,0.3334732698722501,
2018-06-18,958947.1313071875,723.0,2051.750462807967,467.38,467.38,26200.43485296335,0.028089549877327463,0.3280531845147695,
2018-06-19,958891.7328260713,,,,,,,0.3280920029561135,
2018-06-20,956616.9748391926,,,,,,,0.32968595567298464,
2018-06-21,962771.0076072663,,,,,,,0.3253737443050211,
2018-06-22,940998.3240185697,,,,,,,0.3406301488807866,
2018-06-25,951539.3900470525,,,,,,,0.33324388584457165,
2018-06-26,937748.6697516,,,,,,,0.3429072241906024,
2018-06-27,921134.8123117175,,,,,,,0.3545487717120356,
2018-06-28,920505.1917974922,,,,,,,0.3549899550533123,
2018-06-29,908542.4020272102,,,,,,,0.3633724385375715,
2018-07-02,924506.3286136986,,,,,,,0.35218630607810164,
2018-07-03,921622.260451763,,,,,,,0.35420721041556313,
2018-07-05,926456.1211738804,,,,,,,0.3508200608922122,
2018-07-06,922170.6396093142,,,,,,,0.3538229539570318,
2018-07-09,921398.8467209089,,,,,,,0.3543637593431129,
2018-07-10,922353.4326618313,,,,,,,0.3536948684708545,
2018-07-11,965512.903395022,,,,,,,0.3234524620123639,
2018-07-12,961268.0425087928,,,,,,,0.32642689163581085,
2018-07-13,957429.3884059349,,,,,,,0.32911668684553075,
2018-07-16,983081.3467758266,,,,,,,0.3111420236186725,
2018-07-17,981354.9679464991,,,,,,,0.31235171987701205,
2018-07-18,975850.8660318191,,,,,,,0.3162085161830126,
2018-07-19,974043.2458458174,,,,,,,0.31747513932409754,
2018-07-20,969168.7644453628,,,,,,,0.32089075228882125,
2018-07-23,968579.7646094746,,,,,,,0.32130347218872535,
2018-07-24,963035.0420164575,,,,,,,0.32518873193609854,
2018-07-25,953489.1826072342,,,,,,,0.3318776406586823,
2018-07-26,950036.424948579,,,,,,,0.3342970331753615,
2018-07-27,954809.3546531907,,,,,,,0.3309525788140696,
2018-07-30,945161.9435481245,,,,,,,0.3377126461400852,
2018-07-31,954443.7685481566,,,,,,,0.3312087497864239,
2018-08-01,969290.6264803743,,,,,,,0.3208053619647031,
2018-08-02,960150.9738545221,,,,,,,0.3272096362735599,
2018-08-03,959907.2497844994,,,,,,,0.3273804169217961,
2018-08-06,955134.3200798876,,,,,,,0.33072487128308803,
2018-08-07,950706.6661411414,,,,,,,0.33382738639271203,
2018-08-08,967483.0062943723,,,,,,,0.32207198510578816,
2018-08-09,970001.4883512738,,,,,,,0.320307251740681,
2018-08-10,967970.4544344178,,,,,,,0.3217304238093158,
2018-08-13,974246.349237503,,,,,,,0.317332822117234,
2018-08-14,974429.14229002,,,,,,,0.31720473663105697,
2018-08-15,994475.447049389,,,,,,,0.30315802831363103,
2018-08-16,985843.5529027509,,,,,,,0.30920650960532914,
2018-08-17,981253.4162506562,,,,,,,0.3124228784804439,
2018-08-20,979791.0718305198,,,,,,,0.31344756236986104,
2018-08-21,976825.76231191,,,,,,,0.3155253935900679,
2018-08-22,963603.7315131773,,,,,,,0.3247902437568807,
2018-08-23,965695.696447539,,,,,,,0.32332437652618684,
2018-08-24,956556.0438216869,,,,,,,0.32972865083504366,
2018-08-27,953976.6307472797,,,,,,,0.33153607936220986,
2018-08-28,957490.3194234407,,,,,,,0.3290739916834716,
2018-08-29,948025.7013708915,,,,,,,0.33570597352331,
2018-08-30,945385.3572789787,,,,,,,0.3375560972125353,
2018-08-31,946624.2879682608,,,,,,,0.3366879622506681,
2018-09-04,947802.2876400374,,,,,,,0.3358625224508599,
2018-09-05,957205.9746750807,,,,,,,0.32927323577308054,
2018-09-06,964680.179489111,,,,,,,0.32403596256050426,
2018-09-07,962161.6974322096,,,,,,,0.32580069592561145,
2018-09-10,959176.0775744312,,,,,,,0.3278927588665047,
2018-09-11,949467.7354518594,,,,,,,0.33469552135457925,
2018-09-12,941140.4963927496,779.0,-2031.0339168560354,471.38,471.38,-17806.634914437916,-0.01856894330573243,0.3405305268359822,
2018-09-13,917585.5513447629,,,,,,,0.35703578536086955,
2018-09-14,917783.1918451926,,,,,,,0.35689729607346365,
2018-09-17,915885.843041068,,,,,,,0.3582267932325598,
2018-09-18,924562.2610099298,,,,,,,0.35214711351544303,
2018-09-19,932744.5777277175,,,,,,,0.346413657016841,
2018-09-20,931420.3863748388,,,,,,,0.34734153524246025,
2018-09-21,936479.983185838,,,,,,,0.34379620948487055,
2018-09-24,949385.9078638946,,,,,,,0.3347528590172686,
2018-09-25,953595.6505230463,,,,,,,0.33180303719552395,
2018-09-26,948061.7165110158,,,,,,,0.33568073724288783,
2018-09-27,951125.1442676755,,,,,,,0.3335341532880972,
2018-09-28,961066.4614392872,,,,,,,0.32656814213158303,
2018-10-01,980356.1742812216,,,,,,,0.31305158768077224,
2018-10-02,984111.343789385,,,,,,,0.3104202912200611,
2018-10-03,993242.3349092351,,,,,,,0.30402208614191095,
2018-10-04,978636.7019274837,,,,,,,0.31425644448120305,
2018-10-05,976956.7576738315,,,,,,,0.31543360342415283,
2018-10-08,975355.8696203512,,,,,,,0.31655536665214024,
2018-10-09,981067.6800827683,,,,,,,0.31255302624611114,
2018-10-10,965177.3838482241,,,,,,,0.32368756495354134,
2018-10-11,946045.7834066334,,,,,,,0.33709332797442737,
2018-10-12,949978.8293651835,,,,,,,0.3343373911550511,
2018-10-15,956461.4377792762,,,,,,,0.32979494252813923,
2018-10-16,957923.9774824557,,,,,,,0.3287701218013359,
2018-10-17,944682.0639536687,,,,,,,0.33804890405752785,
2018-10-18,934444.2860314125,,,,,,,0.34522264914515066,
2018-10-19,938238.983639662,,,,,,,0.3425636548269584,
2018-10-22,939424.8266422398,,,,,,,0.34173271910252334,
2018-10-23,917111.2141437316,,,,,,,0.3573681596506436,
2018-10-24,916874.0455432162,,,,,,,0.35753434679553053,
2018-10-25,919225.9674983291,,,,,,,0.355886324275401,
2018-10-26,925115.6544111328,,,,,,,0.3517593435107067,
2018-10-29,919838.6530496611,,,,,,,0.35545700748444287,
2018-10-30,908691.7288254284,,,,,,,0.36326780329413266,
2018-10-31,901853.3675105623,,,,,,,0.3680595326383751,
2018-11-01,890983.1399869312,839.0,1976.405004296558,450.81,450.81,-50157.35640581836,-0.053294228224227934,0.37567644344569673,
2018-11-02,882534.6796556467,,,,,,,0.38159639026030523,
2018-11-05,881067.3427389744,,,,,,,0.3826245724574383,
2018-11-06,889519.2033790072,,,,,,,0.37670224300195154,
2018-11-07,889010.5265812273,,,,,,,0.3770586794969578,
2018-11-08,896601.5495634791,,,,,,,0.37173955026378913,
2018-11-09,902060.0428935002,,,,,,,0.36791471249045404,
2018-11-12,900260.1096090487,,,,,,,0.3691759493189374,
2018-11-13,929724.2348958297,,,,,,,0.3485300508005047,
2018-11-14,917183.3953813367,,,,,,,0.3573175813120022,
2018-11-15,922739.7111724693,,,,,,,0.3534241980588583,
2018-11-16,918063.79753134,,,,,,,0.35670067199372235,
2018-11-19,912448.7882635405,,,,,,,0.3606351825347517,
2018-11-20,945454.0866425575,,,,,,,0.33750793764723774,
2018-11-21,938117.4020591957,,,,,,,0.34264884863290335,
2018-11-23,974448.6641160033,,,,,,,0.3171910574318877,
2018-11-26,965957.674491526,,,,,,,0.3231408050792979,
2018-11-27,969283.6381693166,,,,,,,0.3208102587657963,
2018-11-28,972844.3757537749,,,,,,,0.31831520330075325,
2018-11-29,965488.1266781908,,,,,,,0.3234698233823805,
2018-11-30,968657.5744182031,,,,,,,0.32124894983657293,
2018-12-03,952516.8683348071,,,,,,,0.3325589540050371,
2018-12-04,948017.0351236785,,,,,,,0.3357120460762453,
2018-12-05,950579.9836047996,,,,,,,0.3339161545052528,
2018-12-06,966368.5288281941,,,,,,,0.32285291406410066,
2018-12-07,949680.016962574,,,,,,,0.3345467729194944,
2018-12-10,965057.7078493002,,,,,,,0.3237714234935395,
2018-12-11,962709.9687826245,,,,,,,0.3254165150089525,
2018-12-12,965898.981014859,,,,,,,0.3231819323671832,
2018-12-13,956136.2993959322,,,,,,,0.33002277125210877,
2018-12-14,969498.8475837619,,,,,,,0.3206594587102166,
2018-12-17,980474.5277204711,,,,,,,0.31296865587566103,
2018-12-18,1005125.7879205667,,,,,,,0.295695194963825,
2018-12-19,995813.089622753,,,,,,,0.30222072464162963,
2018-12-20,1017040.5636839464,,,,,,,0.28734635552310417,
2018-12-21,1019916.5440406242,,,,,,,0.2853311184167233,
2018-12-24,1045389.5129140563,,,,,,,0.26748187547449265,
2018-12-26,1020092.6244706248,,,,,,,0.2852077365530673,
2018-12-27,1031929.1422651152,,,,,,,0.27691373349619364,
2018-12-28,1030344.418395109,,,,,,,0.2780241702690974,
2018-12-31,1031635.6748817808,,,,,,,0.27711936993562025,
2019-01-02,1024631.5866661981,,,,,,,0.2820272262899356,
2019-01-03,1018194.868725062,,,,,,,0.2865375188613595,
2019-01-04,1007238.753080575,,,,,,,0.2942146125999533,
2019-01-07,1002543.2749472235,,,,,,,0.29750479563077914,
2019-01-08,992213.22305385,,,,,,,0.3047431982985963,
2019-01-09,970927.0555159897,,,,,,,0.3196586947050071,
2019-01-10,970105.3468426531,,,,,,,0.3202344767354016,
2019-01-11,975681.2271260081,,,,,,,0.3163273843862958,
2019-01-14,982117.9450671442,,,,,,,0.31181709181487194,
2019-01-15,972805.2467693303,,,,,,,0.31834262149267667,
2019-01-16,969127.1222315383,,,,,,,0.3209199315334903,
2019-01-17,969557.5410604288,,,,,,,0.3206183314223313,
2019-01-18,955568.9291214857,,,,,,,0.33042033503500023,
2019-01-22,968501.0584804248,,,,,,,0.32135862260426706,
2019-01-23,970144.4758270978,,,,,,,0.3202070585434781,
2019-01-24,968383.671527091,,,,,,,0.3214408771800378,
2019-01-25,962436.0658915122,,,,,,,0.32560844235241737,
2019-01-28,978909.3683426874,,,,,,,0.31406538355260294,
2019-01-29,967503.2693770875,875.0,-1956.4492222298138,407.1,407.1,76520.12939015622,0.08588280289038758,0.32205778649831773,
2019-01-30,965427.3077694604,,,,,,,0.3235124399883522,
2019-01-31,959592.9150914666,,,,,,,0.3276006753584546,
2019-02-01,972320.3604091868,,,,,,,0.3186823877164169,
2019-02-04,970838.236462761,,,,,,,0.31972093137898316,
2019-02-05,965050.895338622,,,,,,,0.32377619710900407,
2019-02-06,969262.0094086255,,,,,,,0.3208254143217124,
2019-02-07,955546.481459955,,,,,,,0.330436064405461,
2019-02-08,959592.9150914666,,,,,,,0.3276006753584546,
2019-02-11,955781.7392292288,,,,,,,0.33027121620505373,
2019-02-12,965403.781992533,,,,,,,0.323528924808393,
2019-02-13,975590.4434020944,,,,,,,0.31639099773075474,
2019-02-14,979236.9388258405,,,,,,,0.31383585062444075,
2019-02-15,996057.869328927,,,,,,,0.30204920429531523,
2019-02-19,997963.4572600459,,,,,,,0.3007139338720156,
2019-02-20,1004785.9325689903,,,,,,,0.29593333606020233,
2019-02-21,1007350.2422540762,,,,,,,0.2941364906757622,
2019-02-22,1010290.9643700004,,,,,,,0.2920758881706703,
2019-02-25,989329.4971276924,,,,,,,0.30676386282696544,
2019-02-26,991635.023266577,,,,,,,0.3051483504629734,
2019-02-27,1004009.5819303861,,,,,,,0.2964773351215467,
2019-02-28,1002997.9735225082,,,,,,,0.2971861823832983,
2019-03-01,991235.0850588114,,,,,,,0.3054285924036658,
2019-03-04,995257.9929133957,,,,,,,0.3026096881767001,
2019-03-05,998386.9212447391,,,,,,,0.3004172071112824,
2019-03-06,994481.6422747917,,,,,,,0.30315368723804437,
2019-03-07,996010.8177750723,,,,,,,0.3020821739353966,
2019-03-08,992387.8481282536,,,,,,,0.3046208362216699,
2019-03-11,996998.9004060229,,,,,,,0.3013898114936857,
2019-03-12,1002315.7259916139,,,,,,,0.2976642421644795,
2019-03-13,1015113.7486401161,,,,,,,0.2886965000623197,
2019-03-14,1015866.5735017927,,,,,,,0.28816898582101613,
2019-03-15,1017419.2747790008,,,,,,,0.28708098769832757,
2019-03-18,1022218.533272189,,,,,,,0.28371808441001767,
2019-03-19,1024241.7500879449,,,,,,,0.2823003898865144,
2019-03-20,1033934.3701820312,,,,,,,0.2755086440297315,
2019-03-21,1031393.5862738726,,,,,,,0.27728900459413097,
2019-03-22,1021418.6568566577,,,,,,,0.28427856829140263,
2019-03-25,1021700.9661797864,,,,,,,0.28408075045091385,
2019-03-26,1028335.2352733115,,,,,,,0.2794320311994265,
2019-03-27,1022759.626141519,,,,,,,0.2833389335490808,
2019-03-28,1018172.0996406773,,,,,,,0.2865534734570241,
2019-03-29,1021301.0279720207,,,,,,,0.2843609923916064,
2019-04-01,1034404.8857205791,,,,,,,0.2751789476289168,
2019-04-02,1041439.0930218698,,,,,,,0.27024998643673703,
2019-04-03,1043368.206729916,,,,,,,0.26889823119339684,
2019-04-04,1044356.2893608666,,,,,,,0.26820586875168584,
2019-04-05,1052237.4246315435,,,,,,,0.2626834540380397,
2019-04-08,1062047.6736102668,,,,,,,0.2558092840810531,
2019-04-09,1057883.611094118,,,,,,,0.25872709722826315,
2019-04-10,1067693.8600728412,,,,,,,0.2518529272712767,
2019-04-11,1058307.0750788113,,,,,,,0.2584303704675299,
2019-04-12,1064447.302856861,,,,,,,0.25412783243689807,
2019-04-15,1058824.6421712139,,,,,,,0.25806770442663374,
2019-04-16,1060941.9620946792,,,,,,,0.2565840706229676,
2019-04-17,1058330.6008557386,,,,,,,0.25841388564748924,
2019-04-18,1060636.126994623,,,,,,,0.2567983732834972,
2019-04-22,1073340.0465354158,,,,,,,0.24789657046150027,
2019-04-23,1075551.4695665909,,,,,,,0.24634699737767107,
2019-04-24,1070611.0564118382,,,,,,,0.24980880958622542,
2019-04-25,1065294.230826247,,,,,,,0.25353437891543174,
2019-04-26,1047673.4239076291,,,,,,,0.26588150912594233,
2019-04-29,1046450.0835074047,,,,,,,0.2667387197680605,
2019-04-30,1050308.3109234972,,,,,,,0.2640352092813799,
2019-05-01,1050143.6304850054,,,,,,,0.26415060302166515,
2019-05-02,1035651.751897731,,,,,,,0.27430525216675783,
2019-05-03,1037086.8242903019,,,,,,,0.27329967814427314,
2019-05-06,1034310.7826128694,,,,,,,0.2752448869090799,
2019-05-07,1023700.6572186148,,,,,,,0.2826795407474514,
2019-05-08,1027535.35885778,,,,,,,0.2799925150808116,
2019-05-09,1020995.1928719645,,,,,,,0.28457529505213586,
2019-05-10,1021795.0692874959,,,,,,,0.2840148111707509,
2019-05-13,1015043.1713093339,,,,,,,0.2887459545224419,
2019-05-14,1027817.6681809088,,,,,,,0.2797946972403227,
2019-05-15,1034240.2052820873,,,,,,,0.27529434136920194,
2019-05-16,1047226.4341460087,934.0,2352.577692739382,445.14,445.14,79723.16476892115,0.08240092544622585,0.26619472070671624,
2019-05-17,1041636.2605508523,,,,,,,0.2701118285666194,
2019-05-20,1040518.4251791289,,,,,,,0.27089511045333026,
2019-05-21,1041356.8017079214,,,,,,,0.27030764903829707,
2019-05-22,1057775.0087301077,,,,,,,0.2588031963272317,
2019-05-23,1088934.6697168956,,,,,,,0.2369692137351671,
2019-05-24,1078617.9807653655,,,,,,,0.2441982528146026,
2019-05-28,1067253.3211528452,,,,,,,0.2521616186628294,
2019-05-29,1073075.3803805707,,,,,,,0.24808202550287717,
2019-05-30,1090821.0169066787,,,,,,,0.23564742555134255,
2019-05-31,1123704.007424873,,,,,,,0.21260588338393216,
2019-06-03,1129549.3548895095,,,,,,,0.20850997185134024,
2019-06-04,1125590.3546146562,,,,,,,0.2112840952001076,
2019-06-05,1145129.1853829036,,,,,,,0.19759298055530783,
2019-06-06,1134975.51408975,,,,,,,0.20470779102626457,
2019-06-07,1125101.301639527,,,,,,,0.21162678102554378,
2019-06-10,1128594.5371761625,,,,,,,0.20917902512957243,
2019-06-11,1124682.113375131,,,,,,,0.21192051173306015,
2019-06-12,1142288.0204797734,,,,,,,0.19958382201736447,
2019-06-13,1130108.2725753712,,,,,,,0.2081183309079847,
2019-06-14,1125567.0663777452,,,,,,,0.21130041357274754,
2019-06-17,1131156.243236362,,,,,,,0.20738400413919322,
2019-06-18,1117555.9128803948,,,,,,,0.21691393376084178,
2019-06-19,1122003.9661303773,,,,,,,0.21379712458663824,
2019-06-20,1094826.5936553536,,,,,,,0.23284066545729554,
2019-06-21,1092521.0582011745,,,,,,,0.23445618434863658,
2019-06-24,1088678.4991108754,,,,,,,0.23714871583420516,
2019-06-25,1084416.7517561803,,,,,,,0.2401349780272901,
2019-06-26,1069908.180160688,,,,,,,0.2503013241818912,
2019-06-27,1070653.4037418368,,,,,,,0.24977913625741732,
2019-06-28,1082739.9986985952,,,,,,,0.24130990085735649,
2019-07-01,1082530.4045663972,,,,,,,0.24145676621111467,
2019-07-02,1108007.7357469248,,,,,,,0.22360446654316346,
2019-07-03,1092870.381754838,,,,,,,0.23421140875903945,
2019-07-05,1089749.7580087772,,,,,,,0.23639807069277374,
2019-07-08,1091612.816961649,,,,,,,0.23509260088158923,
2019-07-09,1089749.7580087772,,,,,,,0.23639807069277374,
2019-07-10,1062316.2149277336,,,,,,,0.255621113662469,
2019-07-11,1063527.2032471006,,,,,,,0.25477255828519896,
2019-07-12,1061128.5148452776,1009.0,-2328.8236910902615,434.63,434.63,13902.080699269052,0.013275143031130521,0.2564533506670993,
2019-07-15,1041447.9567849918,,,,,,,0.2702437754818172,
2019-07-16,1022331.0595925447,,,,,,,0.28363923574344085,
2019-07-17,1014766.4719550782,,,,,,,0.2889398413842603,
2019-07-18,997147.9914831517,,,,,,,0.3012853414231017,
2019-07-19,1005171.7713414228,,,,,,,0.29566297377852646,
2019-07-22,1007467.7324454462,,,,,,,0.29405416375974736,
2019-07-23,1014428.1197923801,,,,,,,0.2891769291765014,
2019-07-24,1009522.0134332564,,,,,,,0.29261470216399776,
2019-07-25,1008893.6451311028,,,,,,,0.2930550080638741,
2019-07-26,1007032.7082362628,,,,,,,0.2943589909212003,
2019-07-29,1011455.4543629603,,,,,,,0.29125991477976276,
2019-07-30,1019020.0420004267,,,,,,,0.2859593091389434,
2019-07-31,1020929.3149185093,,,,,,,0.2846214565970112,
2019-08-01,974357.5565242673,,,,,,,0.3172548977147718,
2019-08-02,985233.1617538517,,,,,,,0.30963421867844987,
2019-08-05,971288.2190483623,,,,,,,0.31940562268724493,
2019-08-06,960726.7979698549,,,,,,,0.32680614877362857,
2019-08-07,936413.7782788287,1048.0,2416.8011621298424,387.46,387.46,-124714.73656644893,-0.11753028480686291,0.3438426001303837,
2019-08-08,910738.3353787253,,,,,,,0.3618337192751686,
2019-08-09,897604.0665407795,,,,,,,0.3710370734865255,
2019-08-12,903776.4551750055,,,,,,,0.3667119999227184,
2019-08-13,883704.230120294,,,,,,,0.38077687093060264,
2019-08-14,901599.3723621583,,,,,,,0.3682375103657667,
2019-08-15,910092.3877309575,,,,,,,0.3622863432527764,
2019-08-16,906814.8015182096,,,,,,,0.36458299084285994,
2019-08-19,898561.0260189541,,,,,,,0.37036651944562515,
2019-08-20,897316.9786973271,,,,,,,0.37123823969879566,
2019-08-21,896910.2709191031,,,,,,,0.3715232251661782,
2019-08-22,901814.6882447476,,,,,,,0.3680866357065641,
2019-08-23,912867.5702176637,,,,,,,0.36034173653416546,
2019-08-26,914877.1851218303,,,,,,,0.3589335730482748,
2019-08-27,906455.9417138943,,,,,,,0.36483444860819747,
2019-08-28,896072.9313757003,,,,,,,0.37210995995196594,
2019-08-29,888345.4835894407,,,,,,,0.37752468383223603,
2019-08-30,904015.6950445491,,,,,,,0.36654436141249336,
2019-09-03,915044.6530305109,,,,,,,0.3588162260911172,
2019-09-04,888082.3197329427,,,,,,,0.37770908619348365,
2019-09-05,886766.5004504527,,,,,,,0.3786310979997216,
2019-09-06,886288.0207113655,,,,,,,0.3789663750201716,
2019-09-09,873799.6995211875,,,,,,,0.3877171052539209,
2019-09-10,872125.020434382,,,,,,,0.3888905748254964,
2019-09-11,886933.9683591332,,,,,,,0.378513751042564,
2019-09-12,888752.1913676648,,,,,,,0.3772396983648535,
2019-09-13,887819.1558764448,,,,,,,0.37789348855473115,
2019-09-16,810664.2979486211,,,,,,,0.43195690810231924,
2019-09-17,847555.0858322503,,,,,,,0.40610704982561197,
2019-09-18,856263.4170836387,,,,,,,0.4000050080534191,
2019-09-19,852674.8190404841,1066.0,-2392.3986954363913,418.51,418.51,-83738.95923834457,-0.08942516778454564,0.40251958570679536,
2019-09-20,841846.8346378646,,,,,,,0.4101068962059111,
2019-09-23,847816.6643748812,,,,,,,0.40592375831455607,
2019-09-24,836582.8969305628,,,,,,,0.4137954063060586,
2019-09-25,830350.8787253664,,,,,,,0.4181622630912908,
2019-09-26,829705.4917267701,,,,,,,0.41861449421468044,
2019-09-27,826095.3582033716,,,,,,,0.4211441620611417,
2019-09-30,814014.5203233955,,,,,,,0.4296093634020933,
2019-10-01,811392.6356415977,,,,,,,0.43144655234086415,
2019-10-02,801046.2753203495,,,,,,,0.4386963825377057,
2019-10-03,801389.1371633539,,,,,,,0.43845613475340495,
2019-10-04,805644.6576853486,,,,,,,0.43547423578355393,
2019-10-07,805140.4490926953,,,,,,,0.43582754134870216,
2019-10-08,805705.162716467,,,,,,,0.43543183911573613,
2019-10-09,807096.7784321905,,,,,,,0.43445671575592704,
2019-10-10,811069.9421422995,,,,,,,0.431672667902559,
2019-10-11,825732.3280166611,,,,,,,0.4213985420680485,
2019-10-14,817322.128691202,,,,,,,0.42729167889472086,
2019-10-15,813530.4800744483,,,,,,,0.4299485367446356,
2019-10-16,817463.3070971449,,,,,,,0.42719275333647944,
2019-10-17,821012.935589425,,,,,,,0.4247054821578359,
2019-10-18,820226.3701848857,1096.0,2016.8343706137002,406.69,406.69,-32448.448855598428,-0.03805489282785752,0.4252566388394672,
2019-10-21,817295.0765176504,,,,,,,0.4273106347070661,
2019-10-22,811545.2418439547,,,,,,,0.4313396191759906,
2019-10-23,799865.8901630101,,,,,,,0.43952349387849365,
2019-10-24,796392.0317143189,,,,,,,0.4419576719951356,
2019-10-25,792918.1732656277,,,,,,,0.4443918501117775,
2019-10-28,797290.4433820839,,,,,,,0.4413281431718661,
2019-10-29,797410.2316044525,,,,,,,0.44124420599543024,
2019-10-30,801902.2899432773,,,,,,,0.43809656187908297,
2019-10-31,810307.4302128118,,,,,,,0.43220696999916186,
2019-11-01,791600.5028195725,,,,,,,0.4453151590525727,
2019-11-04,786988.656258379,,,,,,,0.4485467403453559,
2019-11-05,781538.2921406048,1117.0,-1996.4703728110276,421.92,421.92,-38688.07804428086,-0.0471675618470548,0.4523658818731907,
2019-11-06,764497.2553705107,,,,,,,0.4643067595466267,
2019-11-07,767724.4521888066,,,,,,,0.4620454204652511,
2019-11-08,768494.5787022637,,,,,,,0.4615057827299227,
2019-11-11,763745.4652026122,,,,,,,0.46483354876444716,
2019-11-12,765194.0365017337,,,,,,,0.4638185158813297,
2019-11-13,766495.9170363871,,,,,,,0.46290627113827476,
2019-11-14,764900.6549727977,,,,,,,0.4640240921614548,
2019-11-15,771024.9943893366,,,,,,,0.4597326873138441,
2019-11-18,762131.8667934643,,,,,,,0.465964218305135,
2019-11-19,751185.0684950403,,,,,,,0.47363478325730113,
2019-11-20,761636.7854633849,,,,,,,0.46631112827784593,
2019-11-21,771630.093792767,,,,,,,0.4593086862360862,
2019-11-22,768164.5244822106,,,,,,,0.46173705604506343,
2019-11-25,770163.186148087,,,,,,,0.4603365676367115,
2019-11-26,773903.8006420209,,,,,,,0.45771547006511704,
2019-11-27,770731.6128604005,,,,,,,0.4599382635939693,
2019-11-29,750304.9239082324,,,,,,,0.47425151209767624,
2019-12-02,753238.7391975923,,,,,,,0.4721957492964257,
2019-12-03,753147.0574697998,,,,,,,0.4722599918839647,
2019-12-04,767816.1339165992,,,,,,,0.461981177877712,
2019-12-05,769484.7413624226,,,,,,,0.46081196278450076,
2019-12-06,775132.3357944404,,,,,,,0.4568546193920934,
2019-12-09,773133.674128564,,,,,,,0.4582551078004453,
2019-12-10,775994.1440356898,,,,,,,0.4562507390692261,
2019-12-11,770621.5947870495,,,,,,,0.4600153546990162,
2019-12-12,776800.9432402637,,,,,,,0.45568540429888216,
2019-12-13,784887.271631562,,,,,,,0.4500192080779353,
2019-12-16,790461.5206813457,,,,,,,0.4461132587555592,
2019-12-17,795430.670327699,,,,,,,0.44263131051094107,
2019-12-18,794147.1261386041,,,,,,,0.4435307067364882,
2019-12-19,797557.686412485,,,,,,,0.44114088248003436,
2019-12-20,794495.5167042157,,,,,,,0.44328658490383965,
2019-12-23,794018.7717196946,,,,,,,0.44362064635904286,
2019-12-24,799427.993659452,,,,,,,0.4398303336942371,
2019-12-26,806230.7778616551,,,,,,,0.43506353369883743,
2019-12-27,807294.2859040481,,,,,,,0.4343183196833841,
2019-12-30,806010.7417149532,,,,,,,0.4352177159089312,
2019-12-31,799849.7296072973,,,,,,,0.43953481779155745,
2020-01-02,800949.9103408074,,,,,,,0.43876390674108834,
2020-01-03,812923.5439905074,,,,,,,0.43037382480848463,
2020-01-06,815270.5962219953,,,,,,,0.42872921456748414,
2020-01-07,811108.2457802161,,,,,,,0.43164582804175833,
2020-01-08,790351.5026079947,,,,,,,0.44619034986060613,
2020-01-09,789563.0397489794,,,,,,,0.4467428361134421,
2020-01-10,788664.5588166128,,,,,,,0.44737241347132517,
2020-01-13,781623.4021221491,,,,,,,0.4523062441943265,
2020-01-14,784263.8358825729,,,,,,,0.45045605767320107,
2020-01-15,780119.8217863522,,,,,,,0.45335982262996743,
2020-01-16,780834.9392631336,,,,,,,0.4528587304471626,
2020-01-17,782796.9282378932,,,,,,,0.4514839390738262,
2020-01-21,779551.3950740386,,,,,,,0.45375812667270976,
2020-01-22,767412.7343143121,,,,,,,0.462263845262884,
2020-01-23,758464.5976817645,,,,,,,0.4685339218066982,
2020-01-24,744932.374659592,,,,,,,0.4780161277274664,
2020-01-27,730391.652631702,,,,,,,0.4882050021111646,
2020-01-28,734168.9398167529,,,,,,,0.48555820750455436,
2020-01-29,731143.4427996005,1129.0,1833.6345558499288,398.74,398.74,-50394.84934100423,-0.06448161254258518,0.487678212893344,
2020-01-30,735976.8395965854,,,,,,,0.48429138844841013,
2020-01-31,741803.375851068,,,,,,,0.48020865817716785,
2020-02-03,755344.1735016723,,,,,,,0.47072044390194423,
2020-02-04,757195.5962367415,,,,,,,0.4694231277409888,
2020-02-05,746395.6302821711,,,,,,,0.47699080534656246,
2020-02-06,744725.7195799517,,,,,,,0.4781609336486008,
2020-02-07,746540.839908451,,,,,,,0.4768890550594287,
