Date,Equity,Exit Entry,Exit Position,Entry Price,Exit Price,P/L,Returns,Drawdown,Drawdown Duration
2016-05-16,1000000.0,,,,,,,0.0,
2016-05-17,1000000.0,,,,,,,0.0,
2016-05-18,1000000.0,,,,,,,0.0,
2016-05-19,1000000.0,,,,,,,0.0,
2016-05-20,1000000.0,,,,,,,0.0,
2016-05-21,1000000.0,,,,,,,0.0,
2016-05-22,1000000.0,,,,,,,0.0,
2016-05-23,1000000.0,,,,,,,0.0,
2016-05-24,1000000.0,,,,,,,0.0,
2016-05-25,1000000.0,,,,,,,0.0,
2016-05-26,1000000.0,,,,,,,0.0,
2016-05-27,1000000.0,,,,,,,0.0,
2016-05-28,1000000.0,,,,,,,0.0,
2016-05-29,1000000.0,,,,,,,0.0,
2016-05-30,1000000.0,,,,,,,0.0,
2016-05-31,1000000.0,,,,,,,0.0,
2016-06-01,1000000.0,,,,,,,0.0,
2016-06-02,1000000.0,,,,,,,0.0,
2016-06-03,1000000.0,,,,,,,0.0,
2016-06-04,1000000.0,,,,,,,0.0,
2016-06-05,1000000.0,,,,,,,0.0,
2016-06-06,1000000.0,,,,,,,0.0,
2016-06-07,1000000.0,,,,,,,0.0,
2016-06-08,1000000.0,,,,,,,0.0,
2016-06-09,1000000.0,,,,,,,0.0,
2016-06-10,1000000.0,,,,,,,0.0,
2016-06-11,1000000.0,,,,,,,0.0,
2016-06-12,1000000.0,,,,,,,0.0,
2016-06-13,1000000.0,,,,,,,0.0,
2016-06-14,1000000.0,,,,,,,0.0,
2016-06-15,1000000.0,,,,,,,0.0,
2016-06-16,1000000.0,,,,,,,0.0,
2016-06-17,1000000.0,,,,,,,0.0,
2016-06-18,1000000.0,,,,,,,0.0,
2016-06-19,1000000.0,,,,,,,0.0,
2016-06-20,1000000.0,,,,,,,0.0,
2016-06-21,1000000.0,,,,,,,0.0,
2016-06-22,1000000.0,,,,,,,0.0,
2016-06-23,1000000.0,,,,,,,0.0,
2016-06-24,1000000.0,,,,,,,0.0,
2016-06-25,1000000.0,,,,,,,0.0,
2016-06-26,1000000.0,,,,,,,0.0,
2016-06-27,1000000.0,,,,,,,0.0,
2016-06-28,1000000.0,,,,,,,0.0,
2016-06-29,1000000.0,,,,,,,0.0,
2016-06-30,1000000.0,,,,,,,0.0,
2016-07-01,1000000.0,,,,,,,0.0,
2016-07-02,1000000.0,,,,,,,0.0,
2016-07-03,1000000.0,,,,,,,0.0,
2016-07-04,1000000.0,,,,,,,0.0,
2016-07-05,1000000.0,,,,,,,0.0,
2016-07-06,1000000.0,,,,,,,0.0,
2016-07-07,1000000.0,,,,,,,0.0,
2016-07-08,1000000.0,,,,,,,0.0,
2016-07-09,1000000.0,,,,,,,0.0,
2016-07-10,1000000.0,,,,,,,0.0,
2016-07-11,1000000.0,,,,,,,0.0,
2016-07-12,1000000.0,,,,,,,0.0,
2016-07-13,1000000.0,,,,,,,0.0,
2016-07-14,1000000.0,,,,,,,0.0,
2016-07-15,1000000.0,,,,,,,0.0,
2016-07-16,1000000.0,,,,,,,0.0,
2016-07-17,1000000.0,,,,,,,0.0,
2016-07-18,1000000.0,,,,,,,0.0,
2016-07-19,1000000.0,,,,,,,0.0,
2016-07-20,1000000.0,,,,,,,0.0,
2016-07-21,1000000.0,,,,,,,0.0,
2016-07-22,1000000.0,,,,,,,0.0,
2016-07-23,1000000.0,,,,,,,0.0,
2016-07-24,1000000.0,,,,,,,0.0,
2016-07-25,1000000.0,,,,,,,0.0,
2016-07-26,1000000.0,,,,,,,0.0,
2016-07-27,1000000.0,,,,,,,0.0,
2016-07-28,1000000.0,,,,,,,0.0,
2016-07-29,1000000.0,,,,,,,0.0,
2016-07-30,1000000.0,,,,,,,0.0,
2016-07-31,1000000.0,,,,,,,0.0,
2016-08-01,1000000.0,,,,,,,0.0,
2016-08-02,1000000.0,,,,,,,0.0,
2016-08-03,1000000.0,,,,,,,0.0,
2016-08-04,1000000.0,,,,,,,0.0,
2016-08-05,1000000.0,,,,,,,0.0,
2016-08-06,1000000.0,,,,,,,0.0,
2016-08-07,1000000.0,,,,,,,0.0,
2016-08-08,1000000.0,,,,,,,0.0,
2016-08-09,1000000.0,,,,,,,0.0,
2016-08-10,1000000.0,,,,,,,0.0,
2016-08-11,1000000.0,,,,,,,0.0,
2016-08-12,1000000.0,,,,,,,0.0,
2016-08-13,1000000.0,,,,,,,0.0,
2016-08-14,1000000.0,,,,,,,0.0,
2016-08-15,1000000.0,,,,,,,0.0,
2016-08-16,1000000.0,,,,,,,0.0,
2016-08-17,1000000.0,,,,,,,0.0,
2016-08-18,1000000.0,,,,,,,0.0,
2016-08-19,1000000.0,,,,,,,0.0,
2016-08-20,1000000.0,,,,,,,0.0,
2016-08-21,1000000.0,,,,,,,0.0,
2016-08-22,1000000.0,,,,,,,0.0,
2016-08-23,1000000.0,,,,,,,0.0,
2016-08-24,1000000.0,,,,,,,0.0,
2016-08-25,1000000.0,,,,,,,0.0,
2016-08-26,1000000.0,,,,,,,0.0,
2016-08-27,1000000.0,,,,,,,0.0,
2016-08-28,1000000.0,,,,,,,0.0,
2016-08-29,1000000.0,,,,,,,0.0,
2016-08-30,1000000.0,,,,,,,0.0,
2016-08-31,1000000.0,,,,,,,0.0,
2016-09-01,1000000.0,,,,,,,0.0,
2016-09-02,1000000.0,,,,,,,0.0,
2016-09-03,1000000.0,,,,,,,0.0,
2016-09-04,1000000.0,,,,,,,0.0,
2016-09-05,1000000.0,,,,,,,0.0,
2016-09-06,1000000.0,,,,,,,0.0,
2016-09-07,1000000.0,,,,,,,0.0,
2016-09-08,1000000.0,,,,,,,0.0,
2016-09-09,1000000.0,,,,,,,0.0,
2016-09-10,1000000.0,,,,,,,0.0,
2016-09-11,1000000.0,,,,,,,0.0,
2016-09-12,1000000.0,,,,,,,0.0,
2016-09-13,1000000.0,,,,,,,0.0,
2016-09-14,1000000.0,,,,,,,0.0,
2016-09-15,1000000.0,,,,,,,0.0,
2016-09-16,1000000.0,,,,,,,0.0,
2016-09-17,1000000.0,,,,,,,0.0,
2016-09-18,1000000.0,,,,,,,0.0,
2016-09-19,1000000.0,,,,,,,0.0,
2016-09-20,1000000.0,,,,,,,0.0,
2016-09-21,1000000.0,,,,,,,0.0,
2016-09-22,1000000.0,,,,,,,0.0,
2016-09-23,1000000.0,,,,,,,0.0,
2016-09-24,1000000.0,,,,,,,0.0,
2016-09-25,1000000.0,,,,,,,0.0,
2016-09-26,1000000.0,,,,,,,0.0,
2016-09-27,1000000.0,,,,,,,0.0,
2016-09-28,1000000.0,,,,,,,0.0,
2016-09-29,1000000.0,,,,,,,0.0,
2016-09-30,1000000.0,,,,,,,0.0,
2016-10-01,1000000.0,,,,,,,0.0,
2016-10-02,1000000.0,,,,,,,0.0,
2016-10-03,1000000.0,,,,,,,0.0,
2016-10-04,1000000.0,,,,,,,0.0,
2016-10-05,1000000.0,,,,,,,0.0,
2016-10-06,1000000.0,,,,,,,0.0,
2016-10-07,1000000.0,,,,,,,0.0,
2016-10-08,1000000.0,,,,,,,0.0,
2016-10-09,1000000.0,,,,,,,0.0,
2016-10-10,1000000.0,,,,,,,0.0,
2016-10-11,1000000.0,,,,,,,0.0,
2016-10-12,1000000.0,,,,,,,0.0,
2016-10-13,1000000.0,,,,,,,0.0,
2016-10-14,1000000.0,,,,,,,0.0,
2016-10-15,1000000.0,,,,,,,0.0,
2016-10-16,1000000.0,,,,,,,0.0,
2016-10-17,1000000.0,,,,,,,0.0,
2016-10-18,1000000.0,,,,,,,0.0,
2016-10-19,1000000.0,,,,,,,0.0,
2016-10-20,1000000.0,,,,,,,0.0,
2016-10-21,1000000.0,,,,,,,0.0,
2016-10-22,1000000.0,,,,,,,0.0,
2016-10-23,1000000.0,,,,,,,0.0,
2016-10-24,1000000.0,,,,,,,0.0,
2016-10-25,1000000.0,,,,,,,0.0,
2016-10-26,1000000.0,,,,,,,0.0,
2016-10-27,1000000.0,,,,,,,0.0,
2016-10-28,1000000.0,,,,,,,0.0,
2016-10-29,1000000.0,,,,,,,0.0,
2016-10-30,1000000.0,,,,,,,0.0,
2016-10-31,1000000.0,,,,,,,0.0,
2016-11-01,1000000.0,,,,,,,0.0,
2016-11-02,1000000.0,,,,,,,0.0,
2016-11-03,1000000.0,,,,,,,0.0,
2016-11-04,1000000.0,,,,,,,0.0,
2016-11-05,1000000.0,,,,,,,0.0,
2016-11-06,1000000.0,,,,,,,0.0,
2016-11-07,1000000.0,,,,,,,0.0,
2016-11-08,1000000.0,,,,,,,0.0,
2016-11-09,1000000.0,,,,,,,0.0,
2016-11-10,1000000.0,,,,,,,0.0,
2016-11-11,1000000.0,,,,,,,0.0,
2016-11-12,1000000.0,,,,,,,0.0,
2016-11-13,1000000.0,,,,,,,0.0,
2016-11-14,1000000.0,,,,,,,0.0,
2016-11-15,1000000.0,,,,,,,0.0,
2016-11-16,1000000.0,,,,,,,0.0,
2016-11-17,1000000.0,,,,,,,0.0,
2016-11-18,1000000.0,,,,,,,0.0,
2016-11-19,1000000.0,,,,,,,0.0,
2016-11-20,1000000.0,,,,,,,0.0,
2016-11-21,1000000.0,,,,,,,0.0,
2016-11-22,1000000.0,,,,,,,0.0,
2016-11-23,1000000.0,,,,,,,0.0,
2016-11-24,1000000.0,,,,,,,0.0,
2016-11-25,1000000.0,,,,,,,0.0,
2016-11-26,1000000.0,,,,,,,0.0,
2016-11-27,1000000.0,,,,,,,0.0,
2016-11-28,1000000.0,,,,,,,0.0,
2016-11-29,1000000.0,,,,,,,0.0,
2016-11-30,1000000.0,,,,,,,0.0,
2016-12-01,1000000.0,,,,,,,0.0,
2016-12-02,1000000.0,,,,,,,0.0,
2016-12-03,1000000.0,,,105.5482201,,,,0.0,
2016-12-04,989902.9895070284,,,,,,,0.010097010492971625,
2016-12-05,993613.2703767754,,,,,,,0.0063867296232246185,3 days 00:00:00.000000000
2016-12-06,1000614.0686561188,,,,,,,0.0,
2016-12-07,992621.1448286007,,,,,,,0.007988018635649463,
2016-12-08,988426.6239488771,,,,,,,0.012179965372273949,3 days 00:00:00.000000000
2016-12-09,1012589.8412432576,,,,,,,0.0,
2016-12-10,1012589.8412432576,,,,,,,0.0,
2016-12-11,1012589.8412432576,,,,,,,0.0,
2016-12-12,1038777.5094704222,,,,,,,0.0,
2016-12-13,1029632.3941617755,,,,,,,0.008803728638011155,2 days 00:00:00.000000000
2016-12-14,1061516.3659877046,,,,,,,0.0,
2016-12-15,1064927.773645685,,,,,,,0.0,
2016-12-16,1045606.1817720947,,,,,,,0.018143570251196173,
2016-12-17,1045606.1817720947,,,,,,,0.018143570251196173,
2016-12-18,1045606.1817720947,,,,,,,0.018143570251196173,
2016-12-19,1035531.3297709122,,,,,,,0.027604166782256745,
2016-12-20,1058690.1776502712,,,,,,,0.005857294879313746,6 days 00:00:00.000000000
2016-12-21,1073842.9134021816,,,,,,,0.0,
2016-12-22,1090930.125719512,,,,,,,0.0,
2016-12-23,1099679.2881609993,,,,,,,0.0,
2016-12-24,1099679.2881609993,,,,,,,0.0,
2016-12-25,1099679.2881609993,,,,,,,0.0,
2016-12-26,1099679.2881609993,,,,,,,0.0,
2016-12-27,1099679.2881609993,,,,,,,0.0,
2016-12-28,1082319.0821617194,,,,,,,0.015786608137642988,
2016-12-29,1067214.2536455346,,,,,,,0.029522275144197918,
2016-12-30,1059536.4525308923,,,,,,,0.03650412994250174,
2016-12-31,1059536.4525308923,,,,,,,0.03650412994250174,
2017-01-01,1059536.4525308923,,,,,,,0.03650412994250174,
2017-01-02,1058690.1776502712,,,,,,,0.0372736951145769,
2017-01-03,1079967.492551139,,,,,,,0.01792504034774023,8 days 00:00:00.000000000
2017-01-04,1114160.9155780417,,,,,,,0.0,
2017-01-05,1137751.1611701932,,,,,,,0.0,
2017-01-06,1137751.1611701932,,,,,,,0.0,
2017-01-07,1137751.1611701932,,,,,,,0.0,
2017-01-08,1110737.5163397086,,,,,,,0.023743016709120046,
2017-01-09,1109497.8536609302,,,,,,,0.02483258947431366,
2017-01-10,1105795.4133677315,,,,,,,0.028086763514787227,
2017-01-11,1113848.8259303044,,,,,,,0.021008403292073985,5 days 00:00:00.000000000
2017-01-12,1175765.909576878,,,,,,,0.0,
2017-01-13,1175765.909576878,,,,,,,0.0,
2017-01-14,1175765.909576878,,,,,,,0.0,
2017-01-15,1175765.909576878,,,,,,,0.0,
2017-01-16,1202067.8073138334,,,,,,,0.0,
2017-01-17,1210852.7128429797,,,,,,,0.0,
2017-01-18,1225405.334054636,,,,,,,0.0,
2017-01-19,1256776.3295948186,,,,,,,0.0,
2017-01-20,1256776.3295948186,,,,,,,0.0,
2017-01-21,1256776.3295948186,,,,,,,0.0,
2017-01-22,1228813.4451065683,,,,,,,0.022249690601083727,
2017-01-23,1220515.7479396444,,,,,,,0.028852056488734568,
2017-01-24,1236839.9089697946,,,,,,,0.01586314140038858,
2017-01-25,1189126.8860139064,,,,,,,0.053827751197957574,
2017-01-26,1170229.637209951,,,,,,,0.06886403757522241,
2017-01-27,1170229.637209951,,,,,,,0.06886403757522241,
2017-01-28,1170229.637209951,,,,,,,0.06886403757522241,
2017-01-29,1200978.6490036654,,,,,,,0.04439746299895875,
2017-01-30,1210115.7361621624,,,,,,,0.03712720579938,
2017-01-31,1244192.837295748,,,,,,,0.010012515355956375,
2017-02-01,1240312.010755924,,,,,,,0.013100436769208246,
2017-02-02,1250846.2745873027,,,,,,,0.004718464907297992,
2017-02-03,1250846.2745873027,,,,,,,0.004718464907297992,
2017-02-04,1250846.2745873027,,,,,,,0.004718464907297992,
2017-02-05,1220141.2422380953,,,,,,,0.029150045631854304,
2017-02-06,1206444.2680220653,,,,,,,0.04004854355347409,
2017-02-07,1194843.8424040787,,,,,,,0.04927884599060428,
2017-02-08,1212699.087025581,,,,,,,0.035071668308272574,
2017-02-09,1221265.4505514642,,,,,,,0.02825552821702415,
2017-02-10,1221265.4505514642,,,,,,,0.02825552821702415,
2017-02-11,1221265.4505514642,,,,,,,0.02825552821702415,
2017-02-12,1218645.5125191791,,,,,,,0.030340177625666098,
2017-02-13,1194484.9221930895,,,,,,,0.04956443396878085,
2017-02-14,1200978.6490036654,,,,,,,0.04439746299895875,
2017-02-15,1193409.4558179728,,,,,,,0.05042016807976901,
2017-02-16,1205347.167845604,,,,,,,0.040921491388841824,
2017-02-17,1205347.167845604,,,,,,,0.040921491388841824,
2017-02-18,1205347.167845604,,,,,,,0.040921491388841824,
2017-02-19,1205347.167845604,,,,,,,0.040921491388841824,
2017-02-20,1216780.9999692999,,,,,,,0.03182374515154429,
2017-02-21,1213069.0384400825,,,,,,,0.03477730295002235,
2017-02-22,1240312.010755924,,,,,,,0.013100436769208246,33 days 00:00:00.000000000
2017-02-23,1296524.391257852,,,,,,,0.0,
2017-02-24,1296524.391257852,,,,,,,0.0,
2017-02-25,1296524.391257852,,,,,,,0.0,
2017-02-26,1263967.0395807396,,,,,,,0.025111252743595713,
2017-02-27,1275726.7592663092,,,,,,,0.01604106496705826,
2017-02-28,1258765.5298206476,,,,,,,0.02912314005953398,
2017-03-01,1246923.8967432447,,,,,,,0.03825650704996486,
2017-03-02,1217899.0221052873,,,,,,,0.06064318549092984,
2017-03-03,1217899.0221052873,,,,,,,0.06064318549092984,
2017-03-04,1217899.0221052873,,,,,,,0.06064318549092984,
2017-03-05,1212329.3616372696,,,,,,,0.06493902481765024,
2017-03-06,1219392.9182922472,,,,,,,0.05949095403502136,
2017-03-07,1231477.332571584,,,,,,,0.05017033163808138,
2017-03-08,1228433.8299001108,,,,,,,0.052517763504380865,
2017-03-09,1238766.451171866,,,,,,,0.04454828653855947,
2017-03-10,1238766.451171866,,,,,,,0.04454828653855947,
2017-03-11,1238766.451171866,,,,,,,0.04454828653855947,
2017-03-12,1236455.3193114218,,,,,,,0.046330846030712136,
2017-03-13,1217899.0221052873,,,,,,,0.06064318549092984,
2017-03-14,1226917.7128064334,,,,,,,0.053687133786884056,
2017-03-15,1214922.1840297023,,,,,,,0.06293919943070381,
2017-03-16,1206078.3466263951,,,,,,,0.06976038803536022,
2017-03-17,1206078.3466263951,,,,,,,0.06976038803536022,
2017-03-18,1206078.3466263951,,,,,,,0.06976038803536022,
2017-03-19,1204981.9113983517,,,,,,,0.07060606069330366,
2017-03-20,1202795.0114100054,,,,,,,0.07229280103007785,
2017-03-21,1206444.2680220653,,,,,,,0.0694781554771936,
2017-03-22,1216036.7913882718,,,,,,,0.06207951073831586,
2017-03-23,1237995.1147587015,,,,,,,0.04514321280324474,
2017-03-24,1237995.1147587015,,,,,,,0.04514321280324474,
2017-03-25,1237995.1147587015,,,,,,,0.04514321280324474,
2017-03-26,1256776.3295948186,,,,,,,0.030657395981938285,
2017-03-27,1252816.7324588567,,,,,,,0.033711404963690295,
2017-03-28,1276955.7827704027,,,,,,,0.015093127919070137,
2017-03-29,1275726.7592663092,,,,,,,0.01604106496705826,33 days 00:00:00.000000000
2017-03-30,1299065.765024961,,,,,,,0.0,
2017-03-31,1299065.765024961,,,,,,,0.0,
2017-04-01,1299065.765024961,,,,,,,0.0,
2017-04-02,1277776.448227193,,,,,,,0.01638817477216703,
2017-04-03,1259962.0749556185,,,,,,,0.030101393726276182,
2017-04-04,1249666.9730935302,,,,,,,0.0380263980942348,
2017-04-05,1221265.4505514642,,,,,,,0.05988943482934583,
2017-04-06,1221640.6474617354,,,,,,,0.05960061426277208,
2017-04-07,1221640.6474617354,,,,,,,0.05960061426277208,
2017-04-08,1221640.6474617354,,,,,,,0.05960061426277208,
2017-04-09,1263164.0116697112,,,,,,,0.02763659417547648,
2017-04-10,1264368.937593203,,,,,,,0.026709061516289934,
2017-04-11,1265979.0853333795,,,,,,,0.025469595598915484,
2017-04-12,1285210.1832607298,,,,,,,0.010665804716949778,
2017-04-13,1285210.1832607298,,,,,,,0.010665804716949778,
2017-04-14,1285210.1832607298,,,,,,,0.010665804716949778,
2017-04-15,1285210.1832607298,,,,,,,0.010665804716949778,
2017-04-16,1276136.1705393859,,,,,,,0.017650834240200752,
2017-04-17,1267997.547041063,,,,,,,0.023915816135221646,17 days 00:00:00.000000000
2017-04-18,1299490.2966060657,,,,,,,0.0,
2017-04-19,1299490.2966060657,,,,,,,0.0,
2017-04-20,1295257.4291170922,,,,,,,0.0032573290466491045,
2017-04-21,1295257.4291170922,,,,,,,0.0032573290466491045,
2017-04-22,1295257.4291170922,,,,,,,0.0032573290466491045,
2017-04-23,1279832.7350895137,,,,,,,0.01512713220552131,
2017-04-24,1272460.8984066476,,,,,,,0.020800000023095122,
2017-04-25,1296524.391257852,,,,,,,0.0022823605193204033,
2017-04-26,1281482.5358890754,,,,,,,0.013857556892900247,
2017-04-27,1284794.93000783,,,,,,,0.011308562008209067,
2017-04-28,1284794.93000783,,,,,,,0.011308562008209067,
2017-04-29,1284794.93000783,,,,,,,0.011308562008209067,
2017-04-30,1289377.531290653,,,,,,,0.007782101445331868,12 days 00:00:00.000000000
2017-05-01,1314525.7219517783,,,,,,,0.0,
2017-05-02,1343391.9956066106,,,,,,,0.0,
2017-05-03,1352070.8292019016,,,,,,,0.0,
2017-05-04,1334375.942190304,,,,,,,0.013087248559339515,
2017-05-05,1334375.942190304,,,,,,,0.013087248559339515,
2017-05-06,1334375.942190304,,,,,,,0.013087248559339515,
2017-05-07,1330803.315959587,,,,,,,0.015729585154106385,5 days 00:00:00.000000000
2017-05-08,1360862.528646899,,,,,,,0.0,
2017-05-09,1360396.9578374932,,,,,,,0.0003421145042979967,
2017-05-10,1345665.0790998316,,,,,,,0.011167512681959146,
2017-05-11,1352070.8292019016,,,,,,,0.006460387629115605,
2017-05-12,1352070.8292019016,,,,,,,0.006460387629115605,
2017-05-13,1352070.8292019016,,,,,,,0.006460387629115605,6 days 00:00:00.000000000
2017-05-14,1370713.6531726015,,,,,,,0.0,
2017-05-15,1383109.6722219153,,,,,,,0.0,
2017-05-16,1383109.6722219153,,,,,,,0.0,
2017-05-17,1398185.7625865943,,,,,,,0.0,
2017-05-18,1404110.2785456541,,,,,,,0.0,
2017-05-19,1404110.2785456541,,,,,,,0.0,
2017-05-20,1404110.2785456541,201.0,9378.680081664668,149.7129944,149.7129944,404110.27854565415,0.4041102785456541,0.0,
2017-05-21,1383523.1971034687,,,,,,,0.014662011778383333,
2017-05-22,1382531.8292122707,,,,,,,0.015368058807840868,
2017-05-23,1384513.160327971,,,,,,,0.01395696514520317,
2017-05-24,1398226.7012511585,,,,,,,0.00419025299108966,
2017-05-25,1386981.9377107543,,,,,,,0.012198714799410926,
2017-05-26,1386981.9377107543,,,,,,,0.012198714799410926,
2017-05-27,1386981.9377107543,,,,,,,0.012198714799410926,
2017-05-28,1386981.9377107543,,,,,,,0.012198714799410926,
2017-05-29,1370524.6612373202,,,,,,,0.02391950106876306,
2017-05-30,1353673.8422758111,,,,,,,0.03592056624076845,
2017-05-31,1360871.6394446942,,,,,,,0.030794332725593065,
2017-06-01,1372540.1657677037,,,,,,,0.02248406927883906,
2017-06-02,1372540.1657677037,,,,,,,0.02248406927883906,
2017-06-03,1372540.1657677037,,,,,,,0.02248406927883906,
2017-06-04,1334294.8089410695,,,,,,,0.049722212472440463,
2017-06-05,1326287.5830330655,,,,,,,0.05542491690410212,
2017-06-06,1380544.862718616,,,,,,,0.01678316595719731,
2017-06-07,1389932.9623298892,,,,,,,0.010097010492971736,
2017-06-08,1378053.1938178383,,,,,,,0.018557719522433236,
2017-06-09,1378053.1938178383,,,,,,,0.018557719522433236,
2017-06-10,1378053.1938178383,,,,,,,0.018557719522433236,
2017-06-11,1402577.5593245656,,,,,,,0.0010915946165397372,
2017-06-12,1398226.7012511585,,,,,,,0.00419025299108966,24 days 00:00:00.000000000
2017-06-13,1413572.919790353,,,,,,,0.0,
2017-06-14,1404021.7627925435,,,,,,,0.006756748706834292,
2017-06-15,1383027.6886251566,,,,,,,0.02160852881203079,
2017-06-16,1383027.6886251566,,,,,,,0.02160852881203079,
2017-06-17,1383027.6886251566,,,,,,,0.02160852881203079,
2017-06-18,1379050.9249512933,,,,,,,0.02442179979238679,
2017-06-19,1375051.4535823087,,,,,,,0.027251134815002964,
2017-06-20,1375051.4535823087,,,,,,,0.027251134815002964,
2017-06-21,1390913.8616013487,,,,,,,0.016029635168990586,9 days 00:00:00.000000000
2017-06-22,1443718.5562386618,,,,,,,0.0,
2017-06-23,1443718.5562386618,,,,,,,0.0,
2017-06-24,1443718.5562386618,,,,,,,0.0,
2017-06-25,1456743.185668696,,,,,,,0.0,
2017-06-26,1423927.1896333417,,,,,,,0.022526960385464645,
2017-06-27,1384513.160327971,,,,,,,0.04958322513626101,
2017-06-28,1390913.8616013487,,,,,,,0.045189381845043064,
2017-06-29,1399680.0383020556,,,,,,,0.03917172767857935,
2017-06-30,1399680.0383020556,,,,,,,0.03917172767857935,
2017-07-01,1399680.0383020556,,,,,,,0.03917172767857935,
2017-07-02,1435963.5186003095,,,,,,,0.014264468351604331,
2017-07-03,1435963.5186003095,,,,,,,0.014264468351604331,
2017-07-04,1414994.1676808516,,,,,,,0.02865914760993371,
2017-07-05,1395797.6583891448,,,,,,,0.041836837047962594,
2017-07-06,1408336.2564311733,,,,,,,0.033229555980591186,
2017-07-07,1408336.2564311733,,,,,,,0.033229555980591186,
2017-07-08,1408336.2564311733,,,,,,,0.033229555980591186,
2017-07-09,1372540.1657677037,,,,,,,0.05780224045622717,
2017-07-10,1380047.2374920773,,,,,,,0.05264891501202562,
2017-07-11,1378552.2376370481,,,,,,,0.05367517679223288,
2017-07-12,1354190.3910458167,,,,,,,0.07039867811415501,
2017-07-13,1364952.1404928365,,,,,,,0.0630111375010306,
2017-07-14,1364952.1404928365,,,,,,,0.0630111375010306,
2017-07-15,1364952.1404928365,,,,,,,0.0630111375010306,
2017-07-16,1364443.3614885807,,,,,,,0.0633603953587375,
2017-07-17,1348487.689356992,,,,,,,0.07431337065909172,
2017-07-18,1352121.9464566042,,,,,,,0.0718185883698278,
2017-07-19,1396284.1502627295,,,,,,,0.04150287847628653,
2017-07-20,1416884.5714626375,,,,,,,0.027361455744693952,
2017-07-21,1416884.5714626375,,,,,,,0.027361455744693952,
2017-07-22,1416884.5714626375,,,,,,,0.027361455744693952,
2017-07-23,1395310.824864969,,,,,,,0.04217103015005863,
2017-07-24,1398711.4867285853,,,,,,,0.03983660229958241,
2017-07-25,1431359.5364317189,,,,,,,0.01742493082287877,
2017-07-26,1424394.1108698125,,,,,,,0.02220643632805741,
2017-07-27,1391893.3757024773,,,,,,,0.04451698185665465,
2017-07-28,1391893.3757024773,,,,,,,0.04451698185665465,
2017-07-29,1391893.3757024773,,,,,,,0.04451698185665465,
2017-07-30,1414994.1676808516,,,,,,,0.02865914760993371,
2017-07-31,1433204.9091801774,,,,,,,0.016158151086674732,
2017-08-01,1415467.2599811219,,,,,,,0.028334387346817702,
2017-08-02,1424394.1108698125,,,,,,,0.02220643632805741,
2017-08-03,1415940.0245567772,,,,,,,0.028009852054457163,
2017-08-04,1415940.0245567772,,,,,,,0.028009852054457163,
2017-08-05,1415940.0245567772,,,,,,,0.028009852054457163,
2017-08-06,1409291.3601546155,,,,,,,0.0325739128083159,
2017-08-07,1416412.4614078163,,,,,,,0.02768554173285287,
2017-08-08,1422524.493926972,,,,,,,0.023489858801719055,
2017-08-09,1430897.4020171151,,,,,,,0.017742168905164113,
2017-08-10,1421587.7511375998,,,,,,,0.02413289787585904,
2017-08-11,1421587.7511375998,,,,,,,0.02413289787585904,
2017-08-12,1421587.7511375998,,,,,,,0.02413289787585904,
2017-08-13,1431821.353334089,,,,,,,0.017107910700928985,
2017-08-14,1436880.5449940278,,,,,,,0.013634963849548098,51 days 00:00:00.000000000
2017-08-15,1460733.837253403,,,,,,,0.0,
2017-08-16,1433665.4634607981,,,,,,,0.01853066801238823,
2017-08-17,1436422.1882322899,,,,,,,0.016643448930316995,
2017-08-18,1436422.1882322899,,,,,,,0.016643448930316995,
2017-08-19,1436422.1882322899,,,,,,,0.016643448930316995,
2017-08-20,1394336.129151251,,,,,,,0.04545503527665151,
2017-08-21,1391893.3757024773,,,,,,,0.04712731354287336,
2017-08-22,1413098.511949627,,,,,,,0.03261054415864284,
2017-08-23,1418298.9417781963,,,,,,,0.029050395351282066,
2017-08-24,1401130.3209223973,,,,,,,0.040803817102694984,
2017-08-25,1401130.3209223973,,,,,,,0.040803817102694984,
2017-08-26,1401130.3209223973,,,,,,,0.040803817102694984,
2017-08-27,1390913.8616013487,,,,,,,0.04779787656821566,
2017-08-28,1398711.4867285853,,,,,,,0.04245972054802083,
2017-08-29,1427653.575414326,,,,,,,0.022646330902608036,
2017-08-30,1446885.8540374706,,,,,,,0.009480155017131953,16 days 00:00:00.000000000
2017-08-31,1498938.4438914778,,,,,,,0.0,
2017-09-01,1498938.4438914778,,,,,,,0.0,
2017-09-02,1498938.4438914778,,,,,,,0.0,
2017-09-03,1498938.4438914778,,,,,,,0.0,
2017-09-04,1454069.3102371178,,,,,,,0.02993394014091244,
2017-09-05,1497686.7233955811,,,,,,,0.0008350713139673172,3 days 00:00:00.000000000
2017-09-06,1535385.9536093348,,,,,,,0.0,
2017-09-07,1514584.6167951762,,,,,,,0.013547953050670691,
2017-09-08,1514584.6167951762,,,,,,,0.013547953050670691,
2017-09-09,1514584.6167951762,,,,,,,0.013547953050670691,4 days 00:00:00.000000000
2017-09-10,1550159.536977702,,,,,,,0.0,
2017-09-11,1545919.1694481361,,,,,,,0.002735439436016507,
2017-09-12,1516614.9144247896,,,,,,,0.02163946468265665,
2017-09-13,1510504.3803405624,,,,,,,0.02558133901137305,
2017-09-14,1535779.2788521973,,,,,,,0.00927663107085186,
2017-09-15,1535779.2788521973,,,,,,,0.00927663107085186,
2017-09-16,1535779.2788521973,,,,,,,0.00927663107085186,
2017-09-17,1540869.9701395854,,,,,,,0.00599265212161848,8 days 00:00:00.000000000
2017-09-18,1553607.3113437362,,,,,,,0.0,
2017-09-19,1538916.949603019,,,,,,,0.00945564663184506,
2017-09-20,1512139.628691586,,,,,,,0.02669122522105305,
2017-09-21,1504334.4445450243,,,,,,,0.03171513576110496,
2017-09-22,1504334.4445450243,,,,,,,0.03171513576110496,
2017-09-23,1504334.4445450243,,,,,,,0.03171513576110496,
2017-09-24,1520656.0244595497,,,,,,,0.02120953386585611,
2017-09-25,1534204.485016208,,,,,,,0.012488887111857472,
2017-09-26,1510913.5876939138,,,,,,,0.02748038280850773,
2017-09-27,1517829.9678280482,,,,,,,0.023028562787042905,
2017-09-28,1542427.965535919,,,,,,,0.007195734550288768,
2017-09-29,1542427.965535919,,,,,,,0.007195734550288768,
2017-09-30,1542427.965535919,,,,,,,0.007195734550288768,
2017-10-01,1543982.0477332287,,,,,,,0.006195428883623455,14 days 00:00:00.000000000
2017-10-02,1557415.5679327785,,,,,,,0.0,
2017-10-03,1559310.8402354862,,,,,,,0.0,
2017-10-04,1547464.5005626455,,,,,,,0.0075971636745959525,
2017-10-05,1555895.1076815347,,,,,,,0.0021905398627483086,
2017-10-06,1555895.1076815347,,,,,,,0.0021905398627483086,
2017-10-07,1555895.1076815347,,,,,,,0.0021905398627483086,5 days 00:00:00.000000000
2017-10-08,1577210.8226703682,,,,,,,0.0,
2017-10-09,1587050.728264657,,,,,,,0.0,
2017-10-10,1571302.7843343744,,,,,,,0.009922772882945075,
2017-10-11,1538134.016424267,,,,,,,0.030822399668268607,
2017-10-12,1539698.8958943295,,,,,,,0.02983636976878734,
2017-10-13,1539698.8958943295,,,,,,,0.02983636976878734,
2017-10-14,1539698.8958943295,,,,,,,0.02983636976878734,
2017-10-15,1551310.9468176113,,,,,,,0.022519621339467166,
2017-10-16,1533020.7715558833,,,,,,,0.034044253120914525,
2017-10-17,1543205.4945079042,,,,,,,0.02762686344922005,
2017-10-18,1561954.3691103598,,,,,,,0.015813205405058817,
2017-10-19,1545532.2315858875,,,,,,,0.02616078738968064,
2017-10-20,1545532.2315858875,,,,,,,0.02616078738968064,
2017-10-21,1545532.2315858875,,,,,,,0.02616078738968064,
2017-10-22,1520656.0244595497,,,,,,,0.04183527509401408,
2017-10-23,1530646.5821816875,,,,,,,0.035540228852447675,
2017-10-24,1540869.9701395854,,,,,,,0.029098476376723914,
2017-10-25,1542038.833868381,,,,,,,0.028361975830157427,
2017-10-26,1547850.2287218503,,,,,,,0.02470021836395242,
2017-10-27,1547850.2287218503,,,,,,,0.02470021836395242,
2017-10-28,1547850.2287218503,,,,,,,0.02470021836395242,
2017-10-29,1536957.7626446446,,,,,,,0.03156355668276978,
2017-10-30,1518234.4672733916,,,,,,,0.04336109726405024,
2017-10-31,1540869.9701395854,,,,,,,0.029098476376723914,
2017-11-01,1549775.2534063219,,,,,,,0.02348726111552446,
2017-11-02,1560445.185185415,,,,,,,0.016764141564859503,
2017-11-03,1560445.185185415,,,,,,,0.016764141564859503,
2017-11-04,1560445.185185415,,,,,,,0.016764141564859503,
2017-11-05,1560067.3038490224,,,,,,,0.017002244436848835,
2017-11-06,1560067.3038490224,,,,,,,0.017002244436848835,
2017-11-07,1566085.4288755767,,,,,,,0.013210226375060308,
2017-11-08,1568326.9436274762,,,,,,,0.011797848867536986,
2017-11-09,1555133.4580348432,,,,,,,0.02011105862048501,
2017-11-10,1555133.4580348432,,,,,,,0.02011105862048501,
2017-11-11,1555133.4580348432,,,,,,,0.02011105862048501,
2017-11-12,1565336.4128735645,,,,,,,0.013682181044607056,
2017-11-13,1567953.9335971999,,,,,,,0.012032882331580175,
2017-11-14,1579777.4653078981,,,,,,,0.00458287994657347,37 days 00:00:00.000000000
2017-11-15,1589215.547100874,,,,,,,0.0,
2017-11-16,1592448.0825229906,,,,,,,0.0,
2017-11-17,1592448.0825229906,,,,,,,0.0,
2017-11-18,1592448.0825229906,,,,,,,0.0,
2017-11-19,1594593.3715716214,,,,,,,0.0,
2017-11-20,1592089.7783225002,,,,,,,0.0015700512078848927,
2017-11-21,1585603.1370711178,,,,,,,0.005637947994003634,
2017-11-22,1585603.1370711178,369.0,-9283.983450469876,128.6368932,128.6368932,181492.8585254635,0.1292582650370238,0.005637947994003634,
2017-11-23,1559656.155947003,,,,,,,0.021909796094401468,
2017-11-24,1559656.155947003,,,,,,,0.021909796094401468,
2017-11-25,1559656.155947003,,,,,,,0.021909796094401468,
2017-11-26,1574849.153637257,,,,,,,0.012381976675912454,
2017-11-27,1569593.2855584219,,,,,,,0.015678032066920977,9 days 00:00:00.000000000
2017-11-28,1600179.2356515157,,,,,,,0.0,
2017-11-29,1579657.8537509858,,,,,,,0.012824427066243316,2 days 00:00:00.000000000
2017-11-30,1608637.894451588,,,,,,,0.0,
2017-12-01,1608637.894451588,,,,,,,0.0,
2017-12-02,1608637.894451588,,,,,,,0.0,
2017-12-03,1608137.8514879143,,,,,,,0.0003108486784989539,2 days 00:00:00.000000000
2017-12-04,1647573.0794052028,,,,,,,0.0,
2017-12-05,1686238.4193281692,,,,,,,0.0,
2017-12-06,1691752.6054585727,,,,,,,0.0,
2017-12-07,1707949.6436584955,,,,,,,0.0,
2017-12-08,1707949.6436584955,,,,,,,0.0,
2017-12-09,1707949.6436584955,,,,,,,0.0,
2017-12-10,1723885.1950162633,,,,,,,0.0,
2017-12-11,1727915.6538278707,,,,,,,0.0,
2017-12-12,1748945.0537460877,,,,,,,0.0,
2017-12-13,1773527.4146580482,,,,,,,0.0,
2017-12-14,1820971.3026077766,,,,,,,0.0,
2017-12-15,1820971.3026077766,,,,,,,0.0,
2017-12-16,1820971.3026077766,,,,,,,0.0,
2017-12-17,1828049.282622052,,,,,,,0.0,
2017-12-18,1848295.6300940255,,,,,,,0.0,
2017-12-19,1829342.1040349582,,,,,,,0.010254596586425468,
2017-12-20,1840405.3610562086,,,,,,,0.004268943187089369,3 days 00:00:00.000000000
2017-12-21,1864952.9445829948,,,,,,,0.0,
2017-12-22,1864952.9445829948,,,,,,,0.0,
2017-12-23,1864952.9445829948,,,,,,,0.0,
2017-12-24,1864952.9445829948,,,,,,,0.0,
2017-12-25,1869670.9321178368,,,,,,,0.0,
2017-12-26,1829342.1040349582,,,,,,,0.02157001394742597,
2017-12-27,1799436.3372206127,,,,,,,0.03756521732819962,
2017-12-28,1803199.536549224,,,,,,,0.03555245708041166,
2017-12-29,1803199.536549224,,,,,,,0.03555245708041166,
2017-12-30,1803199.536549224,,,,,,,0.03555245708041166,
2017-12-31,1803199.536549224,,,,,,,0.03555245708041166,
2018-01-01,1789477.5056032746,,,,,,,0.04289173305150795,
2018-01-02,1809506.6353479458,,,,,,,0.03217908335438524,
2018-01-03,1817133.6385306413,,,,,,,0.028099754178498526,
2018-01-04,1807609.878078303,,,,,,,0.033193570576205755,
2018-01-05,1807609.878078303,,,,,,,0.033193570576205755,
2018-01-06,1807609.878078303,,,,,,,0.033193570576205755,
2018-01-07,1822254.1283593485,,,,,,,0.02536104238662884,
2018-01-08,1816495.6000446768,,,,,,,0.028441011281555628,
2018-01-09,1814584.1701886635,,,,,,,0.029463346187221684,
2018-01-10,1813312.1173489469,,,,,,,0.03014370807222766,
2018-01-11,1774744.243665205,,,,,,,0.05077186943539047,
2018-01-12,1774744.243665205,,,,,,,0.05077186943539047,
2018-01-13,1774744.243665205,,,,,,,0.05077186943539047,
2018-01-14,1774744.243665205,,,,,,,0.05077186943539047,
2018-01-15,1782694.5098543246,,,,,,,0.04651964191634039,
2018-01-16,1718159.9030076326,,,,,,,0.08103620081346763,
2018-01-17,1702329.5391470143,,,,,,,0.08950312597590071,
2018-01-18,1696189.9896929928,,,,,,,0.09278688535224566,
2018-01-19,1696189.9896929928,,,,,,,0.09278688535224566,
2018-01-20,1696189.9896929928,,,,,,,0.09278688535224566,
2018-01-21,1690646.8854505743,,,,,,,0.09575163393297026,
2018-01-22,1684042.7964212885,,,,,,,0.09928385391662542,
2018-01-23,1677490.099879764,,,,,,,0.1027885864494793,
2018-01-24,1678034.209409488,,,,,,,0.10249756757531436,
2018-01-25,1659730.3403284783,,,,,,,0.11228745560672115,
2018-01-26,1659730.3403284783,,,,,,,0.11228745560672115,
2018-01-27,1659730.3403284783,,,,,,,0.11228745560672115,
2018-01-28,1679123.4887997108,,,,,,,0.10191496270538192,
2018-01-29,1664536.5085821887,,,,,,,0.10971685980232126,
2018-01-30,1672608.9458634427,,,,,,,0.10539928864978154,
2018-01-31,1680214.1823710229,,,,,,,0.10133160145577602,
2018-02-01,1719301.9170764694,,,,,,,0.0804253906172887,
2018-02-02,1719301.9170764694,,,,,,,0.0804253906172887,
2018-02-03,1719301.9170764694,,,,,,,0.0804253906172887,
2018-02-04,1697860.016762706,,,,,,,0.09189366556633316,
2018-02-05,1700091.8397770654,,,,,,,0.09069996726572815,
2018-02-06,1689542.6089078302,,,,,,,0.09634226008208269,
2018-02-07,1684591.1655767108,,,,,,,0.09899055676684243,
2018-02-08,1674232.838173018,,,,,,,0.10453074420076669,
2018-02-09,1674232.838173018,,,,,,,0.10453074420076669,
2018-02-10,1674232.838173018,,,,,,,0.10453074420076669,
2018-02-11,1685688.9764200645,,,,,,,0.09840338881953414,
2018-02-12,1690094.5665935238,,,,,,,0.09604704359440464,
2018-02-13,1693968.3917325858,,,,,,,0.09397511474718545,
2018-02-14,1671528.1003124714,,,,,,,0.10597738265146084,
2018-02-15,1717589.4657942394,,,,,,,0.08134130114080007,
2018-02-16,1717589.4657942394,,,,,,,0.08134130114080007,
2018-02-17,1717589.4657942394,,,,,,,0.08134130114080007,
2018-02-18,1717589.4657942394,,,,,,,0.08134130114080007,
2018-02-19,1761450.2788681765,,,,,,,0.05788219273809603,
2018-02-20,1747763.3340112984,,,,,,,0.06520270279243723,
2018-02-21,1747763.3340112984,,,,,,,0.06520270279243723,
2018-02-22,1759652.880326861,,,,,,,0.05884353759854133,
2018-02-23,1759652.880326861,,,,,,,0.05884353759854133,
2018-02-24,1759652.880326861,,,,,,,0.05884353759854133,
2018-02-25,1773527.4146580482,,,,,,,0.05142269466150584,
2018-02-26,1765056.1136403144,,,,,,,0.05595359947058798,
2018-02-27,1796936.2517406377,,,,,,,0.03890239674144702,
2018-02-28,1812041.8459625442,,,,,,,0.030823117140733602,
2018-03-01,1805717.0924734112,,,,,,,0.03420593353932233,
2018-03-02,1805717.0924734112,,,,,,,0.03420593353932233,
2018-03-03,1805717.0924734112,,,,,,,0.03420593353932233,
2018-03-04,1783923.9554554997,,,,,,,0.045862068661039035,
2018-03-05,1791956.8652161325,,,,,,,0.04156563894036425,
2018-03-06,1824181.7596791312,,,,,,,0.024330042071723512,
2018-03-07,1815858.0093623882,,,,,,,0.02878202887525938,
2018-03-08,1816495.6000446768,,,,,,,0.028441011281555628,
2018-03-09,1816495.6000446768,,,,,,,0.028441011281555628,
2018-03-10,1816495.6000446768,,,,,,,0.028441011281555628,
2018-03-11,1816495.6000446768,,,,,,,0.028441011281555628,
2018-03-12,1814584.1701886635,,,,,,,0.029463346187221684,
2018-03-13,1820971.3026077766,,,,,,,0.026047166201004446,
2018-03-14,1837790.2205359673,,,,,,,0.017051509457740366,
2018-03-15,1844342.0568551724,,,,,,,0.013547237017785596,
2018-03-16,1844342.0568551724,,,,,,,0.013547237017785596,
2018-03-17,1844342.0568551724,,,,,,,0.013547237017785596,
2018-03-18,1847635.5247702645,,,,,,,0.011785714250053592,
2018-03-19,1846975.8904334758,,,,,,,0.01213852196902565,
2018-03-20,1847635.5247702645,,,,,,,0.011785714250053592,
2018-03-21,1856920.1251152009,,,,,,,0.006819813467492164,
2018-03-22,1824825.20963458,,,,,,,0.023985890625394024,
2018-03-23,1824825.20963458,,,,,,,0.023985890625394024,
2018-03-24,1824825.20963458,,,,,,,0.023985890625394024,
2018-03-25,1839096.8604137918,,,,,,,0.01635264857512264,
2018-03-26,1803828.2663315358,,,,,,,0.03521617876987526,
2018-03-27,1803199.536549224,,,,,,,0.03555245708041166,
2018-03-28,1813947.920477054,,,,,,,0.02980364655809431,
2018-03-29,1813947.920477054,,,,,,,0.02980364655809431,
2018-03-30,1813947.920477054,,,,,,,0.02980364655809431,
2018-03-31,1813947.920477054,,,,,,,0.02980364655809431,
2018-04-01,1819050.4469114542,,,,,,,0.02707454255013908,
2018-04-02,1815858.0093623882,,,,,,,0.02878202887525938,
2018-04-03,1824825.20963458,,,,,,,0.023985890625394024,
2018-04-04,1828695.4645459736,,,,,,,0.021915871326859127,
2018-04-05,1819050.4469114542,,,,,,,0.02707454255013908,
2018-04-06,1819050.4469114542,,,,,,,0.02707454255013908,
2018-04-07,1819050.4469114542,,,,,,,0.02707454255013908,
2018-04-08,1822896.2190415151,,,,,,,0.025017617952341142,
2018-04-09,1812041.8459625442,,,,,,,0.030823117140733602,
2018-04-10,1803828.2663315358,,,,,,,0.03521617876987526,
2018-04-11,1795688.8122408178,,,,,,,0.039569594096014016,
2018-04-12,1782080.4233742189,,,,,,,0.04684808820576858,
2018-04-13,1782080.4233742189,,,,,,,0.04684808820576858,
2018-04-14,1782080.4233742189,,,,,,,0.04684808820576858,
2018-04-15,1760251.6060427406,,,,,,,0.05852330706727804,
2018-04-16,1760251.6060427406,,,,,,,0.05852330706727804,
2018-04-17,1784539.3133563953,,,,,,,0.04553294234777994,
2018-04-18,1776572.619971408,,,,,,,0.04979395600966707,
2018-04-19,1748353.9943803255,,,,,,,0.06488678603998599,
2018-04-20,1748353.9943803255,,,,,,,0.06488678603998599,
2018-04-21,1748353.9943803255,,,,,,,0.06488678603998599,
2018-04-22,1736616.1363741015,,,,,,,0.07116482021412174,
2018-04-23,1724459.823525638,,,,,,,0.07766666641584541,
2018-04-24,1703450.5991762888,,,,,,,0.08890352312065142,
2018-04-25,1722163.6046344987,,,,,,,0.07889480707508878,
2018-04-26,1701769.5624810606,,,,,,,0.08980263144305767,
2018-04-27,1701769.5624810606,,,,,,,0.08980263144305767,
2018-04-28,1701769.5624810606,,,,,,,0.08980263144305767,
2018-04-29,1665072.246501511,,,,,,,0.1094303185130927,
2018-04-30,1633526.8300569763,,,,,,,0.12630249420060913,
2018-05-01,1637145.402220309,,,,,,,0.1243670882951251,
2018-05-02,1609638.913811664,,,,,,,0.13907902927689308,
2018-05-03,1579175.6619256574,,,,,,,0.15537240548695164,
2018-05-04,1579175.6619256574,,,,,,,0.15537240548695164,
2018-05-05,1579175.6619256574,,,,,,,0.15537240548695164,
2018-05-06,1607138.6977731243,,,,,,,0.14041627851984295,
2018-05-07,1560126.4986674464,,,,,,,0.16556091670086526,
2018-05-08,1542450.6467874227,,,,,,,0.17501490754833582,
2018-05-09,1526070.6399102455,,,,,,,0.18377581118961084,
2018-05-10,1510475.7573339185,,,,,,,0.19211678836823243,
2018-05-11,1510475.7573339185,,,,,,,0.19211678836823243,
2018-05-12,1510475.7573339185,,,,,,,0.19211678836823243,
2018-05-13,1526971.5086493911,,,,,,,0.18329397841162287,
2018-05-14,1538322.768103184,,,,,,,0.17722271781768784,
2018-05-15,1538322.768103184,,,,,,,0.17722271781768784,
2018-05-16,1572933.860711934,,,,,,,0.1587108545725633,
2018-05-17,1556371.681930799,,,,,,,0.16756919349019006,
2018-05-18,1556371.681930799,,,,,,,0.16756919349019006,
2018-05-19,1556371.681930799,555.0,12201.735027276156,127.55330929999998,127.55330929999998,-29231.455140318678,-0.018435543205542727,0.16756919349019006,
2018-05-20,1547578.1715391423,733.0,-12078.533980673286,126.9802935,126.9802935,-8793.510391656839,-0.005650006674978699,0.17227243310342832,
2018-05-21,1528290.5861842697,,,,,,,0.1825884652048767,
2018-05-22,1532870.420348194,,,,,,,0.1801389249754971,
2018-05-23,1535631.5196379805,,,,,,,0.178662141418372,
2018-05-24,1538865.4008867322,,,,,,,0.17693248878635048,
2018-05-25,1538865.4008867322,,,,,,,0.17693248878635048,
2018-05-26,1538865.4008867322,,,,,,,0.17693248878635048,
2018-05-27,1538865.4008867322,,,,,,,0.17693248878635048,
2018-05-28,1584140.1642456946,,,,,,,0.15271712415655525,
2018-05-29,1580225.0821777189,,,,,,,0.15481111941567882,
2018-05-30,1550057.1488795283,,,,,,,0.17094654345204563,
2018-05-31,1547712.1308668454,,,,,,,0.17220078449115017,
2018-06-01,1547712.1308668454,,,,,,,0.17220078449115017,
2018-06-02,1547712.1308668454,,,,,,,0.17220078449115017,
2018-06-03,1547243.97805202,,,,,,,0.17245117765220497,
2018-06-04,1539791.8691326666,734.0,12064.488246772067,127.6301023,127.6301023,-7786.30240647557,-0.005031282134673501,0.1764369640231318,
2018-06-05,1516867.7095756417,,,,,,,0.18869803048313083,
2018-06-06,1466132.7494763625,,,,,,,0.21583380032783284,
2018-06-07,1451157.7673333574,,,,,,,0.2238432216039301,
2018-06-08,1451157.7673333574,,,,,,,0.2238432216039301,
2018-06-09,1451157.7673333574,,,,,,,0.2238432216039301,
2018-06-10,1432293.6561221834,,,,,,,0.23393275708695005,
2018-06-11,1432293.6561221834,,,,,,,0.23393275708695005,
2018-06-12,1458680.5215353747,,,,,,,0.21981965035789475,
2018-06-13,1487113.7317188752,,,,,,,0.20461204901208285,
2018-06-14,1479858.2700636773,,,,,,,0.20849265790991678,
2018-06-15,1479858.2700636773,,,,,,,0.20849265790991678,
2018-06-16,1479858.2700636773,,,,,,,0.20849265790991678,
2018-06-17,1475472.5359904876,,,,,,,0.21083838303076574,
2018-06-18,1479372.1734166134,,,,,,,0.20875264839204588,
2018-06-19,1469586.5991652738,,,,,,,0.21398649681063098,
2018-06-20,1519642.3866176503,,,,,,,0.18721398481801166,
2018-06-21,1489997.157546794,,,,,,,0.20306983868063566,
2018-06-22,1489997.157546794,,,,,,,0.20306983868063566,
2018-06-23,1489997.157546794,,,,,,,0.20306983868063566,
2018-06-24,1483736.2195956672,,,,,,,0.20641852311679731,
2018-06-25,1490955.9356363614,,,,,,,0.20255703288518945,
2018-06-26,1490476.694083589,,,,,,,0.20281335689629743,
2018-06-27,1486632.1231283178,,,,,,,0.20486963904158184,
2018-06-28,1534725.1788524694,,,,,,,0.179146900939388,
2018-06-29,1534725.1788524694,,,,,,,0.179146900939388,
2018-06-30,1534725.1788524694,,,,,,,0.179146900939388,
2018-07-01,1543722.2906679101,,,,,,,0.1743347643965958,
2018-07-02,1557019.1994702942,,,,,,,0.16722286648238782,
2018-07-03,1557019.1994702942,,,,,,,0.16722286648238782,
2018-07-04,1552171.0403221587,,,,,,,0.16981592126269818,
2018-07-05,1550400.2500398387,,,,,,,0.170763034603287,
2018-07-06,1550400.2500398387,,,,,,,0.170763034603287,
2018-07-07,1550400.2500398387,,,,,,,0.170763034603287,
2018-07-08,1535629.728846826,,,,,,,0.1786630992292486,
2018-07-09,1536081.5989873898,,,,,,,0.178421414913147,
2018-07-10,1539237.143396281,,,,,,,0.17673366101234878,
2018-07-11,1549956.8974136456,,,,,,,0.1710001632972069,
2018-07-12,1561836.0437356026,,,,,,,0.16464656057605798,
2018-07-13,1561836.0437356026,,,,,,,0.16464656057605798,
2018-07-14,1561836.0437356026,,,,,,,0.16464656057605798,
2018-07-15,1564015.2471600387,,,,,,,0.16348100604611315,
2018-07-16,1549956.8974136456,,,,,,,0.1710001632972069,
2018-07-17,1557458.3841036165,,,,,,,0.16698796705394947,
2018-07-18,1563144.3325098697,,,,,,,0.16394681777544373,
2018-07-19,1543274.9754628218,,,,,,,0.174574012489618,
2018-07-20,1543274.9754628218,,,,,,,0.174574012489618,
2018-07-21,1543274.9754628218,,,,,,,0.174574012489618,
2018-07-22,1502841.8725621763,,,,,,,0.19619979818595212,
2018-07-23,1518256.3056601114,,,,,,,0.18795533503837847,
2018-07-24,1511754.5580395027,,,,,,,0.19143281736370077,
2018-07-25,1511754.5580395027,,,,,,,0.19143281736370077,
2018-07-26,1554819.391352162,,,,,,,0.16839944150441077,
2018-07-27,1554819.391352162,,,,,,,0.16839944150441077,
2018-07-28,1554819.391352162,,,,,,,0.16839944150441077,
2018-07-29,1543274.9754628218,,,,,,,0.174574012489618,
2018-07-30,1554819.391352162,,,,,,,0.16839944150441077,
2018-07-31,1549956.8974136456,,,,,,,0.1710001632972069,
2018-08-01,1561399.4339425757,,,,,,,0.16488008284221012,
2018-08-02,1541931.4343064453,,,,,,,0.1752926101493969,
2018-08-03,1541931.4343064453,,,,,,,0.1752926101493969,
2018-08-04,1541931.4343064453,,,,,,,0.1752926101493969,
2018-08-05,1527449.6547009286,,,,,,,0.18303824033316018,
2018-08-06,1526992.6109944286,,,,,,,0.18328269174899425,
2018-08-07,1528362.9168752255,,,,,,,0.18254977888328228,
2018-08-08,1506607.1513344483,,,,,,,0.19418592574049087,
2018-08-09,1477424.77488623,,,,,,,0.20979422126828318,
2018-08-10,1477424.77488623,,,,,,,0.20979422126828318,
2018-08-11,1477424.77488623,,,,,,,0.20979422126828318,
2018-08-12,1458181.2103206557,,,,,,,0.22008670869748903,
2018-08-13,1453170.787268976,,,,,,,0.22276655089089803,
2018-08-14,1445088.1103983193,,,,,,,0.2270895987234388,
2018-08-15,1460674.6374139301,,,,,,,0.2187530905455236,
2018-08-16,1449139.661013315,,,,,,,0.2249226127873596,
2018-08-17,1449139.661013315,,,,,,,0.2249226127873596,
2018-08-18,1449139.661013315,,,,,,,0.2249226127873596,
2018-08-19,1439483.5954963309,,,,,,,0.23008719300899583,
2018-08-20,1437948.2848685407,,,,,,,0.23090835923745678,
2018-08-21,1434868.8558916352,,,,,,,0.23255540253475904,
2018-08-22,1436410.0411202656,,,,,,,0.23173109425560923,
2018-08-23,1444580.223150132,,,,,,,0.22736124398435764,
2018-08-24,1444580.223150132,,,,,,,0.22736124398435764,
2018-08-25,1444580.223150132,,,,,,,0.22736124398435764,
2018-08-26,1408741.5847782595,,,,,,,0.2465296643497943,
2018-08-27,1402879.6336174635,,,,,,,0.24966494931363326,
2018-08-28,1412978.6588466996,,,,,,,0.24426345054946486,
2018-08-29,1407678.8839369344,,,,,,,0.24709805359041925,
2018-08-30,1412450.2218411108,,,,,,,0.24454608691959356,
2018-08-31,1412450.2218411108,,,,,,,0.24454608691959356,
2018-09-01,1412450.2218411108,,,,,,,0.24454608691959356,
2018-09-02,1412450.2218411108,,,,,,,0.24454608691959356,
2018-09-03,1398052.2260579017,,,,,,,0.25224690503462943,
2018-09-04,1397514.0987674554,,,,,,,0.25253472428731294,
2018-09-05,1435382.9115304186,,,,,,,0.2322804580886788,
2018-09-06,1454677.226484832,,,,,,,0.22196082663751315,
2018-09-07,1454677.226484832,,,,,,,0.22196082663751315,
2018-09-08,1454677.226484832,,,,,,,0.22196082663751315,
2018-09-09,1443563.4824915116,,,,,,,0.22790505126143212,
2018-09-10,1409272.4186783156,,,,,,,0.2462457459923244,
2018-09-11,1406614.8049111469,,,,,,,0.24766717995779675,
2018-09-12,1402879.6336174635,,,,,,,0.24966494931363326,
2018-09-13,1393737.3586119222,,,,,,,0.2545547268934695,
2018-09-14,1393737.3586119222,,,,,,,0.2545547268934695,
2018-09-15,1393737.3586119222,,,,,,,0.2545547268934695,
2018-09-16,1340718.3300595507,,,,,,,0.2829121386933712,
2018-09-17,1328536.5408787462,,,,,,,0.28942761100004377,
2018-09-18,1338411.3113717893,,,,,,,0.28414605566139517,
2018-09-19,1335518.7565646423,,,,,,,0.28569314865912954,
2018-09-20,1331452.7027675768,,,,,,,0.2878678916725751,
2018-09-21,1331452.7027675768,,,,,,,0.2878678916725751,
2018-09-22,1331452.7027675768,,,,,,,0.2878678916725751,
2018-09-23,1364011.2788392424,,,,,,,0.27045382403512974,
2018-09-24,1343593.3649654326,,,,,,,0.28137441627575566,
2018-09-25,1336676.9522134017,,,,,,,0.28507368368865615,
2018-09-26,1346458.7358603366,,,,,,,0.279841862688019,
2018-09-27,1328536.5408787462,,,,,,,0.28942761100004377,
2018-09-28,1328536.5408787462,,,,,,,0.28942761100004377,
2018-09-29,1328536.5408787462,,,,,,,0.28942761100004377,
2018-09-30,1330870.2621890297,,,,,,,0.288179412041503,
2018-10-01,1323850.0210323576,,,,,,,0.291934212437699,
2018-10-02,1310829.4107464897,,,,,,,0.29889833112949415,
2018-10-03,1295185.6592190163,,,,,,,0.3072654460365827,
2018-10-04,1318547.0657887773,,,,,,,0.2947705164912542,
2018-10-05,1318547.0657887773,,,,,,,0.2947705164912542,
2018-10-06,1318547.0657887773,,,,,,,0.2947705164912542,
2018-10-07,1287870.0673996198,,,,,,,0.31117821576184657,
2018-10-08,1293970.6188353961,,,,,,,0.3079153146111794,
2018-10-09,1281726.943917464,,,,,,,0.31446388671956815,
2018-10-10,1292144.8970344265,,,,,,,0.3088918082655475,
2018-10-11,1294578.349218251,,,,,,,0.3075902679024698,
2018-10-12,1294578.349218251,,,,,,,0.3075902679024698,
2018-10-13,1294578.349218251,,,,,,,0.3075902679024698,
2018-10-14,1288482.0314600472,,,,,,,0.3108509046559643,
2018-10-15,1273054.1986830258,,,,,,,0.3191025346684959,
2018-10-16,1269936.1184392804,,,,,,,0.32077025073028087,
2018-10-17,1245233.9927667691,,,,,,,0.3339822685501923,
2018-10-18,1213208.076629859,,,,,,,0.3511114411691586,
2018-10-19,1213208.076629859,,,,,,,0.3511114411691586,
2018-10-20,1213208.076629859,,,,,,,0.3511114411691586,
2018-10-21,1213873.0339131108,,,,,,,0.3507557864537598,
2018-10-22,1242017.3412830296,,,,,,,0.33570270578247885,
2018-10-23,1233600.0880402375,,,,,,,0.3402047029511772,
2018-10-24,1219175.3920230418,,,,,,,0.34791980177921344,
2018-10-25,1230994.3616043753,,,,,,,0.3415983847970573,
2018-10-26,1230994.3616043753,,,,,,,0.3415983847970573,
2018-10-27,1230994.3616043753,,,,,,,0.3415983847970573,
2018-10-28,1225104.028681237,,,,,,,0.3447488498451853,
2018-10-29,1213208.076629859,,,,,,,0.3511114411691586,
2018-10-30,1215865.016830271,,,,,,,0.34969036746320836,
2018-10-31,1213873.0339131108,,,,,,,0.3507557864537598,
2018-11-01,1215201.503416183,,,,,,,0.35004524992016384,
2018-11-02,1215201.503416183,,,,,,,0.35004524992016384,
2018-11-03,1215201.503416183,,,,,,,0.35004524992016384,
2018-11-04,1198456.091659582,,,,,,,0.3590015916319286,
2018-11-05,1210543.4214627,,,,,,,0.352536641251903,
2018-11-06,1199131.779434508,,,,,,,0.3586401976757415,
2018-11-07,1195070.2328022267,,,,,,,0.3608125300164281,
2018-11-08,1187577.5430851746,,,,,,,0.3648200211681276,
2018-11-09,1187577.5430851746,,,,,,,0.3648200211681276,
2018-11-10,1187577.5430851746,,,,,,,0.3648200211681276,
2018-11-11,1168229.0382521038,,,,,,,0.3751686362643436,
2018-11-12,1159108.3735133242,,,,,,,0.38004685551785067,
2018-11-13,1154868.925241495,,,,,,,0.38231433916911917,
2018-11-14,1204519.5646785495,,,,,,,0.3557585220014352,
2018-11-15,1246517.4479468365,,,,,,,0.333295808083797,
2018-11-16,1246517.4479468365,,,,,,,0.333295808083797,
2018-11-17,1246517.4479468365,,,,,,,0.333295808083797,
2018-11-18,1230994.3616043753,,,,,,,0.3415983847970573,
2018-11-19,1243948.7079692008,,,,,,,0.3346697075938706,
2018-11-20,1261146.9393088683,,,,,,,0.3254711737533801,
2018-11-21,1261146.9393088683,,,,,,,0.3254711737533801,
2018-11-22,1241372.6328018198,,,,,,,0.33604753035568835,
2018-11-23,1241372.6328018198,,,,,,,0.33604753035568835,
2018-11-24,1241372.6328018198,,,,,,,0.33604753035568835,
2018-11-25,1230341.7602105914,,,,,,,0.3419474309220054,
2018-11-26,1235549.4857740772,,,,,,,0.3391620607940188,
2018-11-27,1293362.4668761846,,,,,,,0.3082405868014694,
2018-11-28,1282958.996638748,,,,,,,0.3138049190370099,
2018-11-29,1276781.4937838777,749.0,-11942.672982352075,148.35101469999998,148.35101469999998,-263010.3753487888,-0.17080904284611997,0.3171089779217854,
2018-11-30,1263889.8176439097,,,,,,,0.3240041357372654,
2018-12-01,1263889.8176439097,,,,,,,0.3240041357372654,
2018-12-02,1258166.8750896635,,,,,,,0.3270650714644757,
2018-12-03,1261242.00405202,,,,,,,0.32542032804490884,
2018-12-04,1280920.9568052245,,,,,,,0.31489497172944547,
2018-12-05,1268327.6328718604,,,,,,,0.3216305548296755,
2018-12-06,1295623.062428627,,,,,,,0.3070314994088116,
2018-12-07,1295623.062428627,,,,,,,0.3070314994088116,
2018-12-08,1295623.062428627,,,,,,,0.3070314994088116,
2018-12-09,1309241.4276455254,,,,,,,0.2997476694134057,
2018-12-10,1304042.2737427473,,,,,,,0.30252845495885394,
2018-12-11,1304513.2170815174,,,,,,,0.3022765692763629,
2018-12-12,1306873.0455293541,,,,,,,0.30101440682451175,
2018-12-13,1308767.064543339,,,,,,,0.3000013841682525,
2018-12-14,1308767.064543339,,,,,,,0.3000013841682525,
2018-12-15,1308767.064543339,,,,,,,0.3000013841682525,
2018-12-16,1330949.5575959173,,,,,,,0.2881370006173719,
2018-12-17,1338842.5121333532,,,,,,,0.2839154264345315,
2018-12-18,1390376.0967892408,,,,,,,0.25635250946843524,
2018-12-19,1403885.3865476465,,,,,,,0.24912701886132438,
2018-12-20,1411565.8846620359,,,,,,,0.2450190777351876,
2018-12-21,1411565.8846620359,,,,,,,0.2450190777351876,
2018-12-22,1411565.8846620359,,,,,,,0.2450190777351876,
2018-12-23,1414329.3261290689,,,,,,,0.24354104145641697,
2018-12-24,1414329.3261290689,,,,,,,0.24354104145641697,
2018-12-25,1449517.2944672809,,,,,,,0.22472063422125,
2018-12-26,1430573.1086397306,,,,,,,0.23485299789130587,
2018-12-27,1435690.4208053302,,,,,,,0.23211598568359992,
2018-12-28,1435690.4208053302,,,,,,,0.23211598568359992,
2018-12-29,1435690.4208053302,,,,,,,0.23211598568359992,
2018-12-30,1471962.9576541916,,,,,,,0.21271549320882277,
2018-12-31,1471962.9576541916,,,,,,,0.21271549320882277,
2019-01-01,1476777.2280043748,,,,,,,0.21014056396994873,
2019-01-02,1464800.1209021602,,,,,,,0.21654656135508632,
2019-01-03,1458295.1549605855,,,,,,,0.22002576501056936,
2019-01-04,1458295.1549605855,,,,,,,0.22002576501056936,
2019-01-05,1458295.1549605855,,,,,,,0.22002576501056936,
2019-01-06,1462427.9748311378,,,,,,,0.21781531193053405,
2019-01-07,1448354.8909826179,,,,,,,0.22534234976738965,
2019-01-08,1477985.7199149262,,,,,,,0.20949419786894585,
2019-01-09,1492643.4291030092,,,,,,,0.20165447113613533,
2019-01-10,1495733.7885363642,,,,,,,0.20000158164618942,
2019-01-11,1495733.7885363642,,,,,,,0.20000158164618942,
2019-01-12,1495733.7885363642,,,,,,,0.20000158164618942,
2019-01-13,1487725.3288058804,,,,,,,0.2042849341832117,
2019-01-14,1493878.0395205473,,,,,,,0.2009941354608411,
2019-01-15,1511379.5392806777,,,,,,,0.19163339745102137,
2019-01-16,1506965.8319364805,,,,,,,0.19399408417314834,
2019-01-17,1515183.3470696923,,,,,,,0.189598917626967,
2019-01-18,1515183.3470696923,,,,,,,0.189598917626967,
2019-01-19,1515183.3470696923,,,,,,,0.189598917626967,
2019-01-20,1515183.3470696923,,,,,,,0.189598917626967,
2019-01-21,1531890.2033738643,,,,,,,0.18066319743301418,
2019-01-22,1515819.176848924,,,,,,,0.18925884185838704,
2019-01-23,1512645.3509925818,,,,,,,0.19095637365493,
2019-01-24,1526065.5258398473,,,,,,,0.183778546467948,
2019-01-25,1526065.5258398473,,,,,,,0.183778546467948,
2019-01-26,1526065.5258398473,,,,,,,0.183778546467948,
2019-01-27,1537759.514187802,,,,,,,0.17752397613309845,
2019-01-28,1543673.9737168541,,,,,,,0.17436060688589483,
2019-01-29,1503828.9333909268,,,,,,,0.19567186526909786,
2019-01-30,1477381.2268915414,,,,,,,0.20981751306468466,
2019-01-31,1517092.4397942205,,,,,,,0.18857783274420337,
2019-02-01,1517092.4397942205,,,,,,,0.18857783274420337,
2019-02-02,1517092.4397942205,,,,,,,0.18857783274420337,
2019-02-03,1505082.1241822422,,,,,,,0.19500159181627386,
2019-02-04,1499459.153052641,,,,,,,0.1980090574793527,
2019-02-05,1506965.8319364805,,,,,,,0.19399408417314834,
2019-02-06,1493260.4791500585,,,,,,,0.20132443977262138,
2019-02-07,1526065.5258398473,,,,,,,0.183778546467948,
2019-02-08,1526065.5258398473,,,,,,,0.183778546467948,
2019-02-09,1526065.5258398473,,,,,,,0.183778546467948,
2019-02-10,1519006.3494949206,,,,,,,0.18755417148498266,
2019-02-11,1516455.5408064472,,,,,,,0.1889184803826902,
2019-02-12,1534493.244816517,,,,,,,0.17927095166508966,
2019-02-13,1567793.879462997,,,,,,,0.16145999141832612,
2019-02-14,1520284.9738181885,,,,,,,0.1868702948191463,
2019-02-15,1520284.9738181885,,,,,,,0.1868702948191463,
2019-02-16,1520284.9738181885,,,,,,,0.1868702948191463,
2019-02-17,1520284.9738181885,,,,,,,0.1868702948191463,
2019-02-18,1506965.8319364805,,,,,,,0.19399408417314834,
2019-02-19,1504455.2680871312,,,,,,,0.1953368679786951,
2019-02-20,1488951.8132385004,,,,,,,0.20362894471920978,
2019-02-21,1524777.1627732788,,,,,,,0.1844676319345061,
2019-02-22,1524777.1627732788,,,,,,,0.1844676319345061,
2019-02-23,1524777.1627732788,,,,,,,0.1844676319345061,
2019-02-24,1548305.6573264436,,,,,,,0.1718833348001899,
2019-02-25,1596198.4531396558,,,,,,,0.14626770640778475,
2019-02-26,1580138.7133675143,,,,,,,0.15485731407417236,
