Time,Open,High,Low,Close
02/07/2020,387.85,389.71,384.67,386.19
02/06/2020,386.27,392.13,383.7,387.19
02/05/2020,380.32,390.24,380.32,386.27
02/04/2020,381.34,388,380.04,380.32
02/03/2020,388.8,389.36,380.12,381.34
01/31/2020,392.01,396.96,386.86,388.8
01/30/2020,398.74,398.74,390.01,392.01
01/29/2020,400.39,403.98,397.5,398.74
01/28/2020,398.33,402.31,395.57,400.39
01/27/2020,406.26,406.26,395.78,398.33
01/24/2020,413.64,415.11,405.08,406.26
01/23/2020,418.52,418.52,410.7,413.64
01/22/2020,425.14,425.25,417.7,418.52
01/21/2020,426.91,428.31,423.08,425.14
01/17/2020,425.84,427.66,425.13,426.91
01/16/2020,425.45,427.74,424.27,425.84
01/15/2020,427.71,428.43,423.99,425.45
01/14/2020,426.38,429.52,424.73,427.71
01/13/2020,430.16,430.78,425.3,426.27
01/10/2020,430.65,432.03,428.99,430.11
01/09/2020,431.08,433.27,427.64,430.6
01/08/2020,442.35,453.16,429.14,431.03
01/07/2020,444.62,444.62,439.8,442.35
01/06/2020,443.34,451.06,443.15,444.62
01/03/2020,436.81,448.18,436.81,443.34
01/02/2020,436.21,438.34,434.9,436.81
12/31/2019,439.57,440.2,435.27,436.21
12/30/2019,440.27,443.33,437.09,439.57
12/27/2019,439.69,441.16,438.64,440.27
12/26/2019,435.98,439.98,435.95,439.69
12/24/2019,433.03,436.5,432.99,435.98
12/23/2019,433.29,434,431.52,433.03
12/20/2019,434.96,435.81,431.88,433.29
12/19/2019,433.1,435.78,432.74,434.96
12/18/2019,433.8,434.34,431.09,433.1
12/17/2019,431.09,434.3,430.29,433.8
12/16/2019,428.05,431.95,427.15,431.09
12/13/2019,423.64,430.98,423.64,428.05
12/12/2019,420.11,425.64,420.11,423.64
12/11/2019,423.03,423.03,417.92,420.27
12/10/2019,421.45,424.05,419.68,423.2
12/09/2019,422.51,422.61,418.93,421.64
12/06/2019,419.45,425.37,417.3,422.73
12/05/2019,418.74,422.28,417.84,419.65
12/04/2019,410.74,419.82,410.74,418.74
12/03/2019,410.79,413.26,408.63,410.74
12/02/2019,409.19,415.28,409.19,410.79
11/29/2019,420.33,420.47,408.67,409.19
11/27/2019,422.06,423.65,418.58,420.33
11/26/2019,420.02,422.21,418.92,422.06
11/25/2019,418.93,420.49,416.5,420.02
11/22/2019,420.82,422.48,417.81,418.93
11/21/2019,415.37,421.07,413.18,420.82
11/20/2019,409.67,417.01,407.5,415.37
11/19/2019,415.64,416.07,409.08,409.67
11/18/2019,420.49,421.48,414.1,415.64
11/15/2019,417.15,421.78,414.86,420.49
11/14/2019,418.02,421.35,416.73,417.15
11/13/2019,417.82,419.43,414.49,418.02
11/12/2019,416.97,419.45,415.9,417.31
11/11/2019,419.52,419.52,414.82,416.52
11/08/2019,419.09,420,412.38,419.11
11/07/2019,417.29,421.1,416.52,418.69
11/06/2019,421.92,423.46,416.24,416.93
11/05/2019,419.19,422.66,418.41,421.92
11/04/2019,416.88,422.16,416.06,419.19
11/01/2019,407.51,417.19,407,416.88
10/31/2019,411.72,413.65,404.97,407.51
10/30/2019,413.97,414.91,410.22,411.72
10/29/2019,414.03,415.48,410.24,413.97
10/28/2019,416.22,417.58,412.86,414.03
10/25/2019,414.48,416.47,411.72,416.22
10/24/2019,412.74,415.45,411.05,414.48
10/23/2019,406.43,413.17,403.38,412.74
10/22/2019,404.01,409.1,403.3,406.89
10/21/2019,406.69,407.61,402.18,404.01
10/18/2019,407.08,409.35,404.82,406.69
10/17/2019,405.32,407.43,402.96,407.08
10/16/2019,403.37,406.37,401.64,405.32
10/15/2019,405.25,406.82,400.94,403.37
10/14/2019,409.42,410.53,402.45,405.25
10/11/2019,402.04,409.81,401.94,409.42
10/10/2019,400.05,403.38,397.85,402.15
10/09/2019,399.36,404.38,398.25,400.18
10/08/2019,399.06,400.58,394.66,399.49
10/07/2019,399.27,403.72,398.43,399.21
10/04/2019,397.35,401.62,397.14,399.46
10/03/2019,397.18,398.4,390.84,397.35
10/02/2019,402.31,404.75,395.33,397.18
10/01/2019,403.61,406.22,400.27,402.31
09/30/2019,409.6,410.47,403.3,403.61
09/27/2019,411.39,412.59,404.74,409.6
09/26/2019,411.71,413.74,407.01,411.39
09/25/2019,414.8,414.8,407.44,411.71
09/24/2019,420.37,420.37,413.36,414.8
09/23/2019,417.41,420.43,414.41,420.37
09/20/2019,418.51,422.21,416.87,417.41
09/19/2019,417.01,423.06,416.05,418.51
09/18/2019,420.65,421.84,414.98,417.01
09/17/2019,436.07,436.07,417.67,420.65
09/16/2019,403.94,437.34,403.94,436.07
09/13/2019,403.52,405.97,400.9,403.82
09/12/2019,404.23,406.57,396.98,403.43
09/11/2019,410.34,413.35,403.5,404.19
09/10/2019,409.57,413.8,409.14,410.38
09/09/2019,404.41,411.1,404.41,409.68
09/06/2019,404.26,405.89,397.7,404.46
09/05/2019,403.71,409.51,402.18,404.26
09/04/2019,392.44,404.74,392.2,403.71
09/03/2019,397.05,397.13,388.48,392.44
08/30/2019,403.6,403.79,395.09,397.05
08/29/2019,400.37,404.16,399.1,403.6
08/28/2019,396.03,402.48,396.03,400.37
08/27/2019,392.51,396.41,392.15,396.03
08/26/2019,393.35,398.06,390.02,392.51
08/23/2019,397.97,399.04,389.83,393.35
08/22/2019,400.02,402.31,396.52,397.97
08/21/2019,399.85,404.59,399.67,400.02
08/20/2019,399.33,401.33,396.44,399.85
08/19/2019,395.88,399.62,395.05,399.33
08/16/2019,394.51,398.87,394.04,395.88
08/15/2019,398.06,398.88,392.32,394.51
08/14/2019,405.55,405.55,394.14,398.06
08/13/2019,397.04,407.2,394.28,405.54
08/12/2019,399.48,400.44,396.1,397.15
08/09/2019,394.01,401.67,393.1,399.73
08/08/2019,387.26,395.47,387.26,394.24
08/07/2019,397.31,398.2,385.81,387.46
08/06/2019,401.89,404.77,397.05,397.52
08/05/2019,407.66,407.66,400.14,401.89
08/02/2019,403.16,410.41,403.16,407.66
08/01/2019,422.43,422.43,401.75,403.16
07/31/2019,421.64,424.67,420.24,422.43
07/30/2019,418.51,422.56,418.14,421.64
07/29/2019,416.68,419.05,415.29,418.51
07/26/2019,417.45,418.76,415.21,416.68
07/25/2019,417.71,421.32,417.08,417.45
07/24/2019,419.74,424.1,415.78,417.71
07/23/2019,416.86,420.38,415.24,419.74
07/22/2019,415.91,420.99,415.91,416.86
07/19/2019,412.59,418.36,412.59,415.91
07/18/2019,419.88,422.16,410.56,412.59
07/17/2019,423.01,426.02,419.16,419.88
07/16/2019,430.92,432.23,421.26,423.01
07/15/2019,434.63,436.27,430.32,430.92
07/12/2019,433.36,435.75,432.94,434.63
07/11/2019,433.85,436.77,432.72,433.6
07/10/2019,421.91,434.34,421.91,434.12
07/09/2019,421.3,422.62,418.68,422.34
07/08/2019,422.06,425.44,420.6,421.54
07/05/2019,421,422.93,417.09,422.34
07/03/2019,414.5,421.27,413.46,421
07/02/2019,425.44,427.29,413.99,414.5
07/01/2019,425.35,432.69,422.5,425.44
06/28/2019,430.54,432.01,423.39,425.35
06/27/2019,430.86,431.5,427.76,430.54
06/26/2019,424.63,432.77,424.63,430.86
06/25/2019,422.8,426.44,420.92,424.63
06/24/2019,421.27,424.64,419.46,422.8
06/21/2019,420.16,424.77,418.55,421.15
06/20/2019,408.49,422.08,408.49,420.16
06/19/2019,410.4,411.89,407.36,408.49
06/18/2019,404.56,413,401.37,410.4
06/17/2019,406.96,408.83,403.63,404.56
06/14/2019,405.01,408.67,403.08,406.96
06/13/2019,399.85,409.02,399.12,405.01
06/12/2019,407.41,407.41,398.38,399.78
06/11/2019,405.7,408.5,405.18,407.34
06/10/2019,407.16,409.99,404.81,405.66
06/07/2019,402.88,408.85,402.54,407.16
06/06/2019,398.56,404.89,397.19,402.92
06/05/2019,406.95,406.95,394.89,398.56
06/04/2019,405.25,407.79,401.82,406.95
06/03/2019,407.76,411.45,403,405.25
05/31/2019,421.88,421.99,407.01,407.76
05/30/2019,429.5,431.24,420.9,421.88
05/29/2019,432,432.95,424.13,429.5
05/28/2019,427.12,433.6,427.12,432
05/24/2019,422.69,427.79,422.4,427.12
05/23/2019,436.07,436.14,420.99,422.69
05/22/2019,443.12,443.12,434.71,436.07
05/21/2019,443.48,445.92,441.81,443.12
05/20/2019,443,447.71,442.23,443.48
05/17/2019,445.14,447.32,441.42,443
05/16/2019,439.62,446.86,439.62,445.14
05/15/2019,436.89,441.73,434.64,439.62
05/14/2019,431.49,438.21,430.7,436.89
05/13/2019,434.04,439.91,430.03,431.46
05/10/2019,433.69,437.57,433.21,434.33
05/09/2019,436.55,436.7,430.49,433.99
05/08/2019,434.95,438.2,433.25,436.77
05/07/2019,439.44,440.15,432.24,435.14
05/06/2019,440.83,441.32,432.06,439.65
05/03/2019,440.22,443.17,438.32,440.83
05/02/2019,446.38,446.66,436.65,440.22
05/01/2019,446.45,447.01,442.62,446.38
04/30/2019,444.81,450.14,443.55,446.45
04/29/2019,445.33,446.42,441.74,444.81
04/26/2019,452.82,452.82,442.04,445.33
04/25/2019,455.08,457.14,451.74,452.82
04/24/2019,457.18,457.29,454.44,455.08
04/23/2019,456.24,458.27,455.82,457.18
04/22/2019,450.84,458.66,450.84,456.24
04/18/2019,449.86,450.97,447.76,450.84
04/17/2019,450.97,453.58,449.65,449.86
04/16/2019,450.07,451.27,447.61,450.97
04/15/2019,452.46,452.46,449.02,450.07
04/12/2019,449.85,454.06,449.85,452.46
04/11/2019,454.02,454.02,448.95,449.85
04/10/2019,449.84,453.93,449.84,453.84
04/09/2019,451.57,453.12,448.49,449.67
04/08/2019,447.47,451.68,447.47,451.44
04/05/2019,444.16,447.74,442.18,447.27
04/04/2019,443.5,446.13,441.99,443.92
04/03/2019,442.68,445.17,441.47,443.5
04/02/2019,439.69,443.17,438.82,442.68
04/01/2019,434.12,440.27,434.12,439.69
03/29/2019,432.79,438.94,432.79,434.12
03/28/2019,434.74,434.74,429.02,432.79
03/27/2019,437.11,437.74,431.98,434.74
03/26/2019,434.29,439.08,434.29,437.11
03/25/2019,434.17,436.32,431.37,434.29
03/22/2019,438.41,439.08,430.91,434.17
03/21/2019,439.49,440.62,436.96,438.41
03/20/2019,435.37,439.78,433.19,439.49
03/19/2019,434.51,437.82,433.03,435.37
03/18/2019,432.47,435.09,430.48,434.51
03/15/2019,431.81,433.57,427.55,432.47
03/14/2019,431.49,433.61,430.15,431.81
03/13/2019,426.39,432.18,426.39,431.49
03/12/2019,424.1,428.1,424.1,426.05
03/11/2019,422.16,425.45,422.11,423.79
03/08/2019,423.73,423.73,415.15,421.83
03/07/2019,423.11,425.94,421.88,423.37
03/06/2019,424.38,424.38,420.24,422.72
03/05/2019,423.05,425.68,421.08,424.38
03/04/2019,421.34,426.22,420.87,423.05
03/01/2019,426.34,429.1,419.03,421.34
02/28/2019,426.77,427.9,424.26,426.34
02/27/2019,421.51,428.35,421.51,426.77
02/26/2019,420.53,423.27,418.51,421.51
02/25/2019,429.44,431.2,419.43,420.53
02/22/2019,428.19,431.54,427.42,429.44
02/21/2019,427.1,428.69,425.99,428.19
02/20/2019,424.2,428.51,421.47,427.1
02/19/2019,423.39,425.58,421.82,424.2
02/15/2019,416.24,423.93,416.24,423.39
02/14/2019,414.69,418.62,412.06,416.24
02/13/2019,411.06,416.66,411.06,414.69
02/12/2019,406.96,413.8,406.96,410.36
02/11/2019,408.57,408.82,402.96,406.27
02/08/2019,406.89,409.55,404.73,407.89
02/07/2019,412.68,412.97,402.8,406.17
02/06/2019,410.21,412.83,406.9,412
02/05/2019,412.67,414.88,409.48,410.21
02/04/2019,413.3,416.02,406.61,412.67
02/01/2019,407.89,414.57,405.68,413.3
01/31/2019,410.37,415.11,407.21,407.89
01/30/2019,407.1,413.29,406.39,410.37
01/29/2019,401.27,409.02,400.74,407.1
01/28/2019,409.69,409.69,399.36,401.27
01/25/2019,406.65,410.25,405.33,409.69
01/24/2019,405.75,408.32,403.21,406.65
01/23/2019,406.59,410.72,402.69,405.75
01/22/2019,413.2,413.64,403.52,406.59
01/18/2019,406.05,413.44,406.05,413.2
01/17/2019,406.27,407.42,401.21,406.05
01/16/2019,404.39,407.26,402.73,406.27
01/15/2019,399.63,405.12,399.63,404.39
01/14/2019,403.12,405.35,398.64,399.63
01/11/2019,405.91,409.78,401.09,402.92
01/10/2019,405.51,406.66,401.9,405.77
01/09/2019,394.65,406.4,394.65,405.35
01/08/2019,389.47,395.5,388.39,394.47
01/07/2019,386.79,394.67,386.79,389.19
01/04/2019,381.19,391.64,379.7,386.79
01/03/2019,377.9,382.61,373.43,381.19
01/02/2019,374.32,384.47,369.55,377.9
12/31/2018,374.98,379.78,370.91,374.32
12/28/2018,374.17,380.33,371.83,374.98
12/27/2018,380.22,381.8,373.52,374.17
12/26/2018,367.29,381.41,365.93,380.22
12/24/2018,380.31,382.84,366.96,367.29
12/21/2018,381.78,385.99,377.2,380.31
12/20/2018,392.63,392.63,381.49,381.78
12/19/2018,387.87,394,386.58,392.63
12/18/2018,400.47,400.47,386.12,387.87
12/17/2018,406.08,408.47,397.92,400.47
12/14/2018,412.91,413.36,404.96,406.08
12/13/2018,407.97,413.38,404.72,412.91
12/12/2018,409.54,414.1,407.31,407.92
12/11/2018,408.3,413.04,406.63,409.55
12/10/2018,416.23,417.5,407.27,408.35
12/07/2018,407.73,422.86,404.95,416.21
12/06/2018,415.75,416.29,402,407.68
12/05/2018,417.06,421.73,412.53,415.75
12/04/2018,414.76,422.47,414.76,417.06
12/03/2018,406.51,419.57,406.51,414.76
11/30/2018,408.13,409.68,400.46,406.51
11/29/2018,404.37,410.45,400.02,408.13
11/28/2018,406.19,409.98,403.68,404.37
11/27/2018,407.89,409.47,401.17,406.19
11/26/2018,403.55,409.66,402.64,407.89
11/23/2018,422.12,422.12,403.01,403.55
11/21/2018,418.37,427.75,418.37,422.12
11/20/2018,435.24,435.6,414.72,418.37
11/19/2018,432.37,437.41,427.52,435.24
11/16/2018,429.98,437.99,429.21,432.37
11/15/2018,432.82,434.2,428.98,429.98
11/14/2018,426.41,436.03,423.93,432.82
11/13/2018,441.99,441.99,424.41,426.41
11/12/2018,441.04,446.68,440.58,441.47
11/09/2018,443.89,444.19,436.39,440.55
11/08/2018,447.73,451.1,441.88,443.34
11/07/2018,447.61,452.83,444.6,447.22
11/06/2018,451.28,451.99,443.61,446.96
11/05/2018,450.53,455.26,448.81,451.28
11/02/2018,450.81,452.97,447.78,450.53
11/01/2018,456.31,457.89,449.16,450.81
10/31/2018,459.77,463.84,455.32,456.31
10/30/2018,465.41,465.53,457.74,459.77
10/29/2018,468.08,470.12,464.34,465.41
10/26/2018,465.1,468.79,460.32,468.08
10/25/2018,463.91,466.64,460.58,465.1
10/24/2018,464.03,468.31,460.76,463.91
10/23/2018,475.32,476.4,461.44,464.03
10/22/2018,474.72,477.15,471.77,475.32
10/19/2018,472.8,478.56,472.17,474.72
10/18/2018,477.98,478.69,471.96,472.8
10/17/2018,484.68,486.62,476.12,477.98
10/16/2018,483.68,486.03,480.34,484.68
10/15/2018,480.66,485.33,479.3,483.94
10/12/2018,478.67,483.9,477.03,480.66
10/11/2018,488.22,488.22,477.11,478.67
10/10/2018,496.23,497.09,487.45,488.35
10/09/2018,493.35,497.56,492.15,496.39
10/08/2018,494.22,494.22,488.34,493.5
10/05/2018,495.08,497.26,492.95,494.31
10/04/2018,502.55,503.67,493.63,495.16
10/03/2018,497.93,504.32,495.18,502.55
10/02/2018,496.03,498.81,494.79,497.93
10/01/2018,486.27,497.68,485.16,496.03
09/28/2018,481.24,488.35,480.94,486.27
09/27/2018,479.69,483.32,479.31,481.24
09/26/2018,482.49,483.34,479.35,479.69
09/25/2018,480.36,483.76,479.5,482.49
09/24/2018,473.83,482.15,473.83,480.36
09/21/2018,471.27,477.72,470.87,473.83
09/20/2018,471.94,473.82,469.81,471.27
09/19/2018,467.8,472.18,466.92,471.94
09/18/2018,463.41,470.39,461.51,467.8
09/17/2018,464.49,466.82,462.52,463.41
09/14/2018,464.28,467.79,461.3,464.37
09/13/2018,471.34,471.34,463.39,464.27
09/12/2018,467.25,474.2,467.25,471.38
09/11/2018,462.53,468,461.36,467.28
09/10/2018,461.07,465.29,461.07,462.5
09/07/2018,459.79,461.55,457.17,461.03
09/06/2018,463.47,465.24,456.61,459.79
09/05/2018,468.1,468.1,462.97,463.47
09/04/2018,468.68,474.63,466.01,468.1
08/31/2018,469.29,471.27,467.43,468.68
08/30/2018,467.99,470.77,467.35,469.29
08/29/2018,463.33,468.96,461.94,467.99
08/28/2018,465.06,467.61,462.49,463.33
08/27/2018,463.79,465.37,461.49,465.06
08/24/2018,459.29,466.38,458.97,463.79
08/23/2018,460.32,460.93,457.31,459.29
08/22/2018,453.81,461.48,453.81,460.32
08/21/2018,452.35,456.31,452.35,453.81
08/20/2018,451.63,453.83,450.46,452.35
08/17/2018,449.37,453.75,448.19,451.63
08/16/2018,445.12,449.54,443.32,449.37
08/15/2018,454.99,455,443.33,445.12
08/14/2018,455.08,460.27,453.97,454.99
08/13/2018,458.1,458.86,449.01,455.08
08/10/2018,457.12,461.56,453.58,458.17
08/09/2018,458.36,460.34,456.71,457.17
08/08/2018,466.54,467.77,456.05,458.41
08/07/2018,464.3,469.31,463.67,466.67
08/06/2018,462.14,467.47,461.79,464.49
08/03/2018,462.02,464.18,459.82,462.14
08/02/2018,457.52,463.71,455,462.02
08/01/2018,464.83,464.83,456.57,457.52
07/31/2018,469.4,469.61,464.52,464.83
07/30/2018,464.65,470.74,464.4,469.4
07/27/2018,467,468.07,462.75,464.65
07/26/2018,465.3,468.51,465.3,467
07/25/2018,460.6,466.05,460.6,465.3
07/24/2018,457.87,463.05,456.11,460.6
07/23/2018,457.58,462.85,456.24,457.87
07/20/2018,455.18,459.26,453.77,457.58
07/19/2018,454.29,458.08,449.11,455.18
07/18/2018,451.58,455.27,448.21,454.29
07/17/2018,450.73,453.51,449.2,451.58
07/16/2018,463.37,463.37,449.8,450.73
07/13/2018,460.73,465.41,457.03,463.36
07/12/2018,458.4,462.84,455.33,461.47
07/11/2018,479.23,479.23,458.24,459.38
07/10/2018,479.98,483.35,478.66,480.63
07/09/2018,479.48,482.18,478.53,481.1
07/06/2018,478.61,481.07,474.77,480.72
07/05/2018,480.99,483.35,477.65,478.61
07/03/2018,479.57,485.78,477.13,480.99
07/02/2018,487.43,487.43,479.2,479.57
06/29/2018,481.54,488.37,479.8,487.43
06/28/2018,481.23,484.38,479.1,481.54
06/27/2018,473.05,482.54,473.05,481.23
06/26/2018,466.26,474.4,464.82,473.05
06/25/2018,471.45,471.45,465.17,466.26
06/22/2018,460.73,471.68,460.73,471.45
06/21/2018,463.76,464.15,457.47,460.73
06/20/2018,462.64,466.18,460.59,463.76
06/19/2018,467.38,467.39,458.99,462.64
06/18/2018,463.61,467.9,458.73,467.38
06/15/2018,474.14,474.4,462.99,463.61
06/14/2018,478.01,478.09,473.18,474.14
06/13/2018,476.49,478.66,473.46,478.01
06/12/2018,475.36,478,474.33,476.47
06/11/2018,476.21,477.44,472.53,475.34
06/08/2018,477.54,478.29,474.26,476.16
06/07/2018,471.42,477.66,471.42,477.43
06/06/2018,472.19,475.4,469.09,471.28
06/05/2018,470.5,472.75,466.85,472.19
06/04/2018,477.11,477.36,470.21,470.5
06/01/2018,481.42,482.51,476.73,477.11
05/31/2018,483.68,486.5,479.58,481.42
05/30/2018,477.07,484.26,474.76,483.68
05/29/2018,482.07,482.07,474.58,477.07
05/25/2018,491.49,491.75,480.15,482.07
05/24/2018,495.11,495.36,491.02,491.49
05/23/2018,494.83,495.29,490.38,495.11
05/22/2018,493.06,497.98,493.06,494.83
05/21/2018,489.13,493.73,489.07,493.06
05/18/2018,490.21,492.19,488.82,489.13
05/17/2018,489.2,494.13,489.18,490.21
05/16/2018,487.5,489.41,485.13,489.2
05/15/2018,486.7,491.01,483.63,487.5
05/14/2018,484.42,487.39,482.23,486.7
05/11/2018,487.01,487.47,483.68,484.42
05/10/2018,485.53,488.23,483.09,487.13
05/09/2018,476.93,486.74,476.93,485.64
05/08/2018,482.49,482.49,470.29,477.01
05/07/2018,479.37,483.46,479.09,482.55
05/04/2018,474.27,480.64,472.95,479.45
05/03/2018,472.51,474.87,469.71,474.27
05/02/2018,470.91,473.15,469.21,472.51
05/01/2018,475.76,476.47,469.2,470.91
04/30/2018,473.15,478.63,469.84,475.76
04/27/2018,473.53,473.95,470.83,473.15
04/26/2018,471.99,475.03,471.4,473.53
04/25/2018,470.41,472.12,467.97,471.99
04/24/2018,473.52,476.18,469.81,470.41
04/23/2018,473.77,474.85,467.68,473.52
04/20/2018,474.02,474.56,469.11,473.77
04/19/2018,474.77,479.73,472.79,474.02
04/18/2018,464.85,475.48,464.85,474.77
04/17/2018,464.5,466.59,461.55,464.85
04/16/2018,468.3,468.3,463.17,464.5
04/13/2018,466.86,469.61,465.11,468.3
04/12/2018,466.83,467.45,462.44,466.86
04/11/2018,461.25,469.68,459.99,466.72
04/10/2018,452.09,462.13,451.19,461.14
04/09/2018,443.97,452.41,443.9,451.9
04/06/2018,448.69,449.22,442.55,443.72
04/05/2018,445.71,449.55,444.72,448.45
04/04/2018,446.9,447.48,439.3,445.71
04/03/2018,445.07,448.71,444.85,446.9
04/02/2018,452.93,456.08,444.93,445.07
03/29/2018,450.02,454.35,449,452.93
03/28/2018,453.05,453.05,447.36,450.02
03/27/2018,453.42,457.4,451.16,453.05
03/26/2018,455.17,457.77,452.34,453.42
03/23/2018,450.3,455.52,449.55,455.17
03/22/2018,453.47,454.95,449.62,450.3
03/21/2018,446.15,454.25,446.15,453.47
03/20/2018,441.29,448.4,441.29,446.15
03/19/2018,444.62,444.62,439.32,441.29
03/16/2018,441.31,445.32,439.76,444.62
03/15/2018,441.6,443.13,439.94,441.31
03/14/2018,440.57,443.07,438.55,441.6
03/13/2018,441.45,445.18,438.84,440.57
03/12/2018,444.41,445.38,438.2,441.5
03/09/2018,437.77,444.66,437.04,444.39
03/08/2018,441.6,442.44,437.05,437.7
03/07/2018,448.29,448.29,439.71,441.54
03/06/2018,447.54,450.66,446.54,448.21
03/05/2018,441.56,448.34,440.42,447.54
03/02/2018,441.04,442.46,437.16,441.56
03/01/2018,443.38,444.09,436.62,441.04
02/28/2018,450.09,451.71,442.82,443.38
02/27/2018,453.67,454.51,449.07,450.09
02/26/2018,451.52,455.24,450.63,453.67
02/23/2018,448.84,451.93,446.42,451.52
02/22/2018,444.57,449.82,440.31,448.84
02/21/2018,444.2,445.13,440.41,444.57
02/20/2018,443.59,447.76,443.36,444.2
02/16/2018,441.53,444.72,440.54,443.59
02/15/2018,439.14,443.14,435.1,441.53
02/14/2018,431.7,440.18,427.7,439.14
02/13/2018,431.04,433.37,428.5,431.7
02/12/2018,429.02,436.43,429.02,430.49
02/09/2018,438.53,438.53,424.58,428.52
02/08/2018,440.81,441.61,436.31,438.06
02/07/2018,447.8,451.35,438.68,440.33
02/06/2018,451.59,451.59,446.37,447.37
02/05/2018,456.53,456.53,449.86,451.59
02/02/2018,460.22,462.22,453.03,456.53
02/01/2018,456.53,461.06,455.38,460.22
01/31/2018,456.61,456.69,453.27,456.53
01/30/2018,460.58,460.65,454.97,456.61
01/29/2018,463.44,464.54,458.71,460.58
01/26/2018,460.85,464.45,459,463.44
01/25/2018,461.36,465.82,459.42,460.85
01/24/2018,455.66,462.2,455.38,461.36
01/23/2018,452.34,456.54,452.23,455.66
01/22/2018,450.37,454.12,450.13,452.34
01/19/2018,453.12,453.12,449.25,450.37
01/18/2018,452.73,453.89,450.58,453.12
01/17/2018,450.9,453.49,449.09,452.73
01/16/2018,453.23,455.13,449.54,450.9
01/12/2018,450.73,453.51,449.07,453.23
01/11/2018,450.36,453.89,450.01,451.21
01/10/2018,448.36,451.91,448.36,450.44
01/09/2018,443.78,449.32,443.48,448.4
01/08/2018,443.77,445.56,442.51,443.75
01/05/2018,447.82,448.1,442.64,443.75
01/04/2018,447.14,449.42,446.5,447.82
01/03/2018,442.71,447.56,441.92,447.14
01/02/2018,442.43,444.65,441.53,442.71
12/29/2017,439.9,443.29,439.78,442.43
12/28/2017,437.58,440.02,437.09,439.9
12/27/2017,437.25,438.3,434.54,437.58
12/26/2017,429.33,437.53,429.16,437.25
12/22/2017,427.79,429.45,425.92,429.33
12/21/2017,425.98,427.79,424.34,427.79
12/20/2017,422.82,426.15,422.82,425.98
12/19/2017,421.1,423.57,420.76,422.82
12/18/2017,419.7,423.11,419.7,421.1
12/15/2017,418.76,421.11,418.71,419.7
12/14/2017,415.83,419.06,414.34,418.76
12/13/2017,418.42,421.72,415.58,415.83
12/12/2017,423.34,426.62,417.65,418.47
12/11/2017,420.36,424.07,418.88,423.4
12/08/2017,416.76,422.03,416.25,420.32
12/07/2017,414.72,416.89,413.79,416.69
12/06/2017,422.74,422.74,414.48,414.63
12/05/2017,423.55,424.25,421.53,422.74
12/04/2017,429.48,429.48,423.14,423.55
12/01/2017,424.25,431.98,424.2,429.48
11/30/2017,426.11,428.5,422.69,424.25
11/29/2017,428.78,430.42,423.88,426.11
11/28/2017,429.62,429.62,426.36,428.78
11/27/2017,431.23,431.69,427.06,429.62
11/24/2017,429.02,432.09,428.97,431.23
11/22/2017,424.66,429.21,424.66,429.02
11/21/2017,422.82,425.9,422.38,424.66
11/20/2017,425.35,425.35,419.85,422.82
11/17/2017,418.74,425.76,418.63,425.35
11/16/2017,420.62,421.41,418.21,418.74
11/15/2017,421.83,421.83,418.27,420.62
11/14/2017,428.52,428.52,419.67,421.83
11/13/2017,429.39,430.61,426.93,428.52
11/10/2017,429.94,431.16,427.46,428.58
11/09/2017,428.1,430.81,426.92,429.19
11/08/2017,428.33,431.49,425.44,427.39
11/07/2017,430.14,431.08,426.6,427.58
11/06/2017,420.59,430.27,420.59,429.44
11/03/2017,415.7,421.05,415.39,420.59
11/02/2017,415.16,416.07,413.14,415.7
11/01/2017,415.14,419.63,413.31,415.16
10/31/2017,413.8,416.1,412.69,415.14
10/30/2017,412.03,414.79,412.03,413.8
10/27/2017,408.54,412.34,405.3,412.03
10/26/2017,406.44,408.82,404.74,408.54
10/25/2017,406.75,408.28,404.99,406.44
10/24/2017,402.94,406.91,401.73,406.75
10/23/2017,402.38,404.31,402.3,402.94
10/20/2017,401.02,402.97,398.91,402.38
10/19/2017,403.32,404.34,399.55,401.02
10/18/2017,403.24,404.77,401.72,403.32
10/17/2017,404.65,405.97,401.34,403.24
10/16/2017,402.79,407.54,402.79,404.65
10/13/2017,398.09,403.61,398.09,402.79
10/12/2017,399.8,399.9,396.36,398.09
10/11/2017,398.68,399.91,397.31,399.63
10/10/2017,392.67,399.07,392.55,398.5
10/09/2017,392.05,393.15,390.49,392.46
10/06/2017,398.86,399.4,390.37,391.84
10/05/2017,393.72,400.28,393.33,398.7
10/04/2017,393.84,395.65,391.83,393.72
10/03/2017,393.97,395.22,392.25,393.84
10/02/2017,399.3,399.36,392.01,393.97
09/29/2017,400.2,400.96,398.43,399.3
09/28/2017,402.26,404.63,398.67,400.2
09/27/2017,401.57,403.52,399.96,402.26
09/26/2017,404.25,406.12,399.6,401.57
09/25/2017,398.03,404.47,396.62,404.25
09/22/2017,397.27,398.43,396.32,398.03
09/21/2017,398.69,398.8,395.59,397.27
09/20/2017,393.5,399.58,393.5,398.69
09/19/2017,394.93,397.08,392.43,393.5
09/18/2017,395.89,397.88,392.77,394.93
09/15/2017,394.22,396.17,391.82,395.89
09/14/2017,392.54,396.86,391.72,394.22
09/13/2017,388.81,392.68,387.83,392.41
09/12/2017,388.34,389.84,386.24,388.64
09/11/2017,387.31,389.05,384.48,388.15
09/08/2017,392.38,394.16,386.44,387.18
09/07/2017,392.43,393.48,391.01,392.33
09/06/2017,389.97,393.08,388.45,392.43
09/05/2017,386.38,391.14,384.47,389.97
09/01/2017,386,386.52,382.96,386.38
08/31/2017,375.85,386.14,374.97,386
08/30/2017,377.47,378.34,375.07,375.85
08/29/2017,376.96,378.99,375.45,377.47
08/28/2017,380.94,380.94,375.89,376.96
08/25/2017,378.98,381.57,377.44,379.05
08/24/2017,379.98,381.46,376.78,378.98
08/23/2017,377.44,380.18,376.16,379.98
08/22/2017,376.5,379.03,375.74,377.44
08/21/2017,380.68,381.81,375.44,376.5
08/18/2017,374.89,381.42,373.64,380.68
08/17/2017,374.28,375.48,371.88,374.89
08/16/2017,376.64,379.11,374.02,374.28
08/15/2017,378.01,378.13,374.3,376.64
08/14/2017,382.99,383.41,377.67,378.01
08/11/2017,382.15,383.71,379.19,382.99
08/10/2017,387.13,390.86,381.37,381.92
08/09/2017,385.19,387.46,383.79,386.88
08/08/2017,385.1,387.42,383.02,384.9
08/07/2017,384.78,385.79,381.24,384.8
08/04/2017,383.17,384.81,380.94,384.5
08/03/2017,385.76,386.97,382.37,383.17
08/02/2017,382.96,385.94,380.96,385.76
08/01/2017,388.06,389.12,379.76,382.96
07/31/2017,386.62,388.44,384.37,388.06
07/28/2017,383.92,387.45,382.81,386.62
07/27/2017,381.31,384.66,380.46,383.92
07/26/2017,376.83,381.6,376.83,381.31
07/25/2017,371.2,377.63,371.2,376.83
07/24/2017,371.17,372.51,368.39,371.2
07/21/2017,376.88,378.08,370.26,371.17
07/20/2017,377.89,380.67,376.38,376.88
07/19/2017,373.57,378.31,372.54,377.89
07/18/2017,371.89,376.98,371.56,373.57
07/17/2017,373.45,374.49,371.79,371.89
07/14/2017,370.12,374.25,369.44,373.45
07/13/2017,370,372,367.31,370.33
07/12/2017,370.05,374.57,369.18,370.22
07/11/2017,366.74,370.98,363.45,370.25
07/10/2017,365.29,368.79,364.09,366.91
07/07/2017,371.31,371.31,363.46,365.5
07/06/2017,369.91,374.67,369.1,371.31
07/05/2017,377.72,378.39,369.05,369.91
07/03/2017,372.37,378,372.37,377.72
06/30/2017,365.33,372.53,365.2,372.37
06/29/2017,362.61,367.43,362.61,365.33
06/28/2017,359.65,363.02,358.01,362.61
06/27/2017,355.5,361.33,355.5,359.65
06/26/2017,353.8,357,351.81,355.5
06/23/2017,352.52,354.82,351.91,353.8
06/22/2017,352.7,355.12,351.22,352.52
06/21/2017,357.1,359.77,351.09,352.7
06/20/2017,361.38,362.89,354.43,357.1
06/19/2017,364.16,365.13,360.89,361.38
06/16/2017,361.85,364.74,361.61,364.16
06/15/2017,362.06,362.61,359.8,361.85
06/14/2017,369.87,370.09,361.69,362.06
06/13/2017,368.77,370.35,366.85,369.87
06/12/2017,370.22,373.11,368.06,368.35
06/09/2017,368.32,371.31,366.65,369.8
06/08/2017,367.43,370.54,366.35,367.89
06/07/2017,374.93,375.49,366.73,366.99
06/06/2017,371.72,375.03,370.13,374.54
06/05/2017,374.34,377.68,370.49,371.72
06/02/2017,377.35,377.35,369.99,374.34
06/01/2017,377.85,380.92,376.16,377.35
05/31/2017,382.86,383.65,375.6,377.85
05/30/2017,385.5,385.91,380.38,382.86
05/26/2017,383.1,385.72,379.48,385.5
05/25/2017,391.92,394.93,381.8,383.1
05/24/2017,393.04,394.88,390.35,391.92
05/23/2017,393.67,394.08,390.65,393.04
05/22/2017,391.04,394.94,391.04,393.67
05/19/2017,384.1,391.29,384.01,391.04
05/18/2017,384.34,385.2,378.21,384.1
05/17/2017,381.76,386.12,379.19,384.34
05/16/2017,382.63,384.49,381.3,381.76
05/15/2017,379.49,387.21,378.97,382.63
05/12/2017,378.29,380.09,377.47,379.49
05/11/2017,375.79,379.79,375.77,378.29
05/10/2017,369.13,376.98,369.13,375.54
05/09/2017,371.36,373.46,367.97,368.87
05/08/2017,371.39,374.26,367.99,371.1
05/05/2017,368.01,373.26,361.22,371.39
05/04/2017,378.79,378.79,367.01,367.81
05/03/2017,378.13,380.04,376.28,378.79
05/02/2017,381.64,384.65,377.13,378.13
05/01/2017,382.76,383.3,380.45,381.64
04/28/2017,380.37,384.21,380.22,382.76
04/27/2017,383.29,383.29,377.16,380.37
04/26/2017,383.56,386.2,381.11,383.29
04/25/2017,381.23,384.3,379.67,383.56
04/24/2017,383.03,385.97,380.17,381.23
04/21/2017,387.69,388.72,381.55,383.03
04/20/2017,388.82,391.6,387.34,387.69
04/19/2017,396.54,398.07,387.69,388.82
04/18/2017,399.31,399.75,394.89,396.54
04/17/2017,401.58,401.58,399.08,399.31
04/13/2017,400.7,402.53,399.85,401.58
04/12/2017,401.24,403.04,398.88,400.05
04/11/2017,399.44,400.74,397.1,400.62
04/10/2017,395.77,398.91,395.6,398.84
04/07/2017,393.43,398.77,391.88,395.19
04/06/2017,390.7,393.35,389.5,392.84
04/05/2017,389.41,394.08,389.41,390.7
04/04/2017,385.59,389.93,384.17,389.41
04/03/2017,388.22,390.07,385.29,385.59
03/31/2017,387.16,389.06,384.74,388.22
03/30/2017,384.81,388.19,383.07,387.16
03/29/2017,380.03,384.81,379.97,384.81
03/28/2017,376.71,381.93,376.71,380.03
03/27/2017,378.12,379.57,373.87,376.71
03/24/2017,377.43,379.08,376.97,378.12
03/23/2017,378.22,380.1,376.08,377.44
03/22/2017,379.41,379.72,374.56,378.22
03/21/2017,382.16,384.24,378.43,379.41
03/20/2017,383.12,384.14,380.24,382.16
03/17/2017,382.26,384.26,381.41,383.12
03/16/2017,381.89,386.26,381.54,382.26
03/15/2017,377.21,382.88,377.2,381.89
03/14/2017,380.16,381.48,374.85,377.21
03/13/2017,380.43,381.84,378.74,380.16
03/10/2017,382.99,386.77,379.33,380.05
03/09/2017,388.07,389.53,379.98,382.6
03/08/2017,397.87,397.87,386.98,387.66
03/07/2017,399.22,400.96,397.14,397.44
03/06/2017,398.56,401.01,396.73,398.78
03/03/2017,396.11,398.83,395.87,398.56
03/02/2017,403.23,403.23,395.83,396.11
03/01/2017,402.21,405.31,401.5,403.23
02/28/2017,401.06,402.32,398.43,402.21
02/27/2017,401.83,404.25,400.83,401.06
02/24/2017,403.73,404.24,401.1,401.83
02/23/2017,401.57,407.27,401.57,403.73
02/22/2017,404.51,405.61,400.96,401.57
02/21/2017,403.02,407.95,402.96,404.51
02/17/2017,403.7,404.03,400.64,403.02
02/16/2017,405.47,406.93,402.46,403.7
02/15/2017,405.1,406.96,403.27,405.47
02/14/2017,403.77,407.16,403.42,405.1
02/13/2017,408.94,409.12,403.27,403.77
02/10/2017,402.83,408.68,402.52,407.83
02/09/2017,399.9,403.17,399.9,401.75
02/08/2017,396.67,400.11,394.11,398.77
02/07/2017,397.95,398.67,393.91,395.5
02/06/2017,400.37,402.18,396.54,396.76
02/03/2017,400.35,402.25,398.27,400.37
02/02/2017,401.7,404.16,399.47,400.35
02/01/2017,395.83,401.77,394.89,401.7
01/31/2017,393.5,398.76,392.49,395.83
01/30/2017,397.46,397.8,392.85,393.5
01/27/2017,400.68,400.79,394.93,397.46
01/26/2017,397.92,402.98,397.92,400.68
01/25/2017,400.16,400.57,396.48,397.92
01/24/2017,398.76,401.99,398.76,400.16
01/23/2017,399.41,400.42,396.29,398.76
01/20/2017,394.95,401.31,394.32,399.41
01/19/2017,395.17,397.59,393.97,394.95
01/18/2017,400.9,402.26,394.4,395.17
01/17/2017,399.85,405.61,399.55,400.9
01/13/2017,401.31,402.04,398.34,399.85
01/12/2017,395.28,401.84,395.24,400.68
01/11/2017,389.81,396.66,388.82,394.64
01/10/2017,391.25,393.58,388.88,389
01/09/2017,398.88,398.88,389.99,390.48
01/06/2017,397.83,400.12,395.36,398.17
01/05/2017,396.14,400.25,394.31,397.83
01/04/2017,390.66,396.36,390.51,396.14
01/03/2017,398.19,403.79,390.13,390.66
12/30/2016,398.47,399.98,397.07,398.2
12/29/2016,399.17,400.32,397.74,398.47
12/28/2016,398.21,400.34,396.64,399.17
12/27/2016,391.88,399.02,391.88,398.21
12/23/2016,391.95,392.95,388.94,391.88
12/22/2016,390.69,393.24,387.83,391.95
12/21/2016,392.32,394.67,389.89,390.69
12/20/2016,392.08,394.44,390.84,392.32
12/19/2016,393.46,395.64,390.47,392.08
12/16/2016,389.24,394.07,387.4,393.46
12/15/2016,391.14,392.06,386.01,389.24
12/14/2016,396.89,397.29,390.31,391.14
12/13/2016,397.02,400.03,394.56,396.89
12/12/2016,391.48,401.91,391.48,396.39
12/09/2016,387.66,390.85,387.66,390.84
12/08/2016,384.16,387.23,382.78,387
12/07/2016,387.79,389.54,383.27,383.42
12/06/2016,390.17,390.17,384.51,387.11
12/05/2016,386.38,391.35,384.27,390.17
12/02/2016,384.76,386.58,380.47,386.38
12/01/2016,377.22,387.53,376.21,384.76
11/30/2016,359.99,379.33,359.99,377.22
11/29/2016,370.4,370.4,358.86,359.99
11/28/2016,365.14,372.58,363.18,370.4
11/25/2016,371.23,371.93,364.34,365.14
11/23/2016,370.98,372.62,367.47,371.23
11/22/2016,370.54,375.51,367.69,370.98
11/21/2016,359.71,371.52,359.71,370.54
11/18/2016,357.96,360.16,354.42,359.71
11/17/2016,357.55,362.19,356.29,357.96
11/16/2016,359.35,361.06,355.89,357.55
11/15/2016,349.76,359.96,349.76,359.35
11/14/2016,351.19,352.65,346.2,349.76
11/11/2016,357.48,358.6,349.77,351.19
11/10/2016,357.77,361.9,355.4,356.23
11/09/2016,355.89,359.92,348.37,356.54
11/08/2016,354.09,356.43,351.89,354.64
11/07/2016,350.24,354.08,349.87,352.92
11/04/2016,352.28,352.95,346.99,349.09
11/03/2016,354.9,356.82,351.23,352.28
11/02/2016,360.6,360.6,353.09,354.9
11/01/2016,361.62,366.57,359.02,360.6
10/31/2016,370.01,370.24,361.08,361.62
10/28/2016,373.73,374.24,368.89,370.01
10/27/2016,370.46,374.96,370.21,373.73
10/26/2016,373.11,373.55,368.68,370.46
10/25/2016,374.95,377.45,372.31,373.11
10/24/2016,375.78,377.19,371.38,374.95
10/21/2016,374.08,376.36,372.66,375.78
10/20/2016,379.49,379.61,372.86,374.08
10/19/2016,375.56,381.1,375.56,379.49
10/18/2016,374.61,377.33,373.9,375.56
10/17/2016,375.62,377.07,372.02,374.61
10/14/2016,375.8,378.61,374.15,375.62
10/13/2016,373.35,376.14,370.72,375.8
10/12/2016,376.17,377.65,372.39,372.75
10/11/2016,378.89,379.12,373.97,375.62
10/10/2016,372.37,380.27,370.34,378.34
10/07/2016,373.41,374.9,370.01,371.8
10/06/2016,371.73,373.41,368.86,372.84
10/05/2016,367.41,372.21,367.41,371.73
10/04/2016,366.81,368.76,364.47,367.41
10/03/2016,364.47,367.56,361.7,366.81
09/30/2016,363.32,365.11,359.69,364.47
09/29/2016,360.22,365.81,359.37,363.32
09/28/2016,350.39,361.35,348.97,360.22
09/27/2016,356.45,356.45,348.61,350.39
09/26/2016,351.52,357.93,350.16,356.45
09/23/2016,358.88,359.87,350.15,351.52
09/22/2016,354.9,360.61,354.9,358.88
09/21/2016,350.18,355.67,350.18,354.9
09/20/2016,348.95,351.34,345.69,350.18
09/19/2016,348.09,352.75,348.09,348.95
09/16/2016,349.48,349.48,344.81,348.09
09/15/2016,346.47,350.85,345.59,349.48
09/14/2016,350.93,352.77,346.07,346.47
09/13/2016,357.16,357.16,350.12,350.59
09/12/2016,355.22,358.25,350.19,356.81
09/09/2016,362.43,362.43,354.5,354.76
09/08/2016,352.66,362.42,352.66,361.99
09/07/2016,348.19,352.54,347.84,352.18
09/06/2016,347.18,351.13,344.24,348.19
09/02/2016,341.86,348.44,341.86,347.18
09/01/2016,348.2,349.91,341.23,341.86
08/31/2016,355.72,355.88,347.39,348.2
08/30/2016,359.14,361.18,354.81,355.72
08/29/2016,363.07,363.07,358.24,359.14
08/26/2016,363.14,368.25,360.71,363.07
08/25/2016,361.51,363.46,359.61,363.14
08/24/2016,367.03,367.03,360.22,361.51
08/23/2016,364.4,368.17,360.88,367.03
08/22/2016,370.43,370.43,364.02,364.4
08/19/2016,370.76,372.01,367.86,370.43
08/18/2016,365.07,371.43,364.3,370.76
08/17/2016,363.15,365.4,360.26,365.07
08/16/2016,359.64,363.66,358.25,363.15
08/15/2016,353.11,360.06,353.04,359.64
08/12/2016,349.7,353.68,348.02,353.11
08/11/2016,342.25,351.59,339.78,349.7
08/10/2016,345.85,349.38,340.94,341.63
08/09/2016,347.49,348.87,344.62,345.27
08/08/2016,342.57,348.43,342.57,346.94
08/05/2016,341.26,342.94,339.01,342.02
08/04/2016,336.8,341.4,334.43,340.67
08/03/2016,330.85,337.9,330.01,336.8
08/02/2016,332.43,337.41,329.4,330.85
08/01/2016,339.39,340.62,331.66,332.43
07/29/2016,336.68,339.78,333.25,339.39
07/28/2016,339.4,341.18,336.35,336.68
07/27/2016,344.35,345.76,338.59,339.4
07/26/2016,345.14,345.61,341.58,344.35
07/25/2016,349.03,349.87,344.09,345.14
07/22/2016,350.88,351.55,346.25,349.03
07/21/2016,354.98,356.79,350.49,350.88
07/20/2016,355.33,357.06,350.81,354.98
07/19/2016,358.43,360.59,355.21,355.33
07/18/2016,361.12,362.21,355.54,358.43
07/15/2016,362.25,364.85,359.7,361.12
07/14/2016,358.28,363.94,358.28,362.25
07/13/2016,365.78,366.47,357.34,358.09
07/12/2016,356.21,365.81,355.52,365.53
07/11/2016,358.34,361.44,355.29,355.91
07/08/2016,355.57,359.34,354.94,358.03
07/07/2016,365.96,370.65,354.16,355.27
07/06/2016,364.31,366.82,359.48,365.96
07/05/2016,376.44,376.44,362.68,364.31
07/01/2016,374.03,376.9,371.92,376.44
06/30/2016,380.33,380.33,373.68,374.03
06/29/2016,372.1,380.81,372.1,380.33
06/28/2016,364.07,372.76,364.07,372.1
06/27/2016,369.22,371.96,362.46,364.07
06/24/2016,380.71,380.71,365.75,369.22
06/23/2016,377.02,381,376.49,380.71
06/22/2016,380.15,383.09,374.72,377.02
06/21/2016,382.9,382.9,376.18,380.15
06/20/2016,376.84,383.04,376.77,382.88
06/17/2016,367.8,377.42,367.73,376.84
06/16/2016,376.17,376.17,366.82,367.8
06/15/2016,379.15,379.7,375.23,376.17
06/14/2016,381.3,381.3,376.38,379.15
06/13/2016,381.88,383.4,379.28,381.3
06/10/2016,388.35,388.46,380.69,381.26
06/09/2016,390.36,392.23,385.49,387.76
06/08/2016,382.89,389.84,382.79,389.82
06/07/2016,379.2,382.62,378.13,382.37
06/06/2016,374.02,380.57,374.02,378.77
06/03/2016,374.54,376.26,372.65,374.02
06/02/2016,371.66,375.9,368.57,374.54
06/01/2016,370.94,372.64,365.31,371.66
05/31/2016,371.88,374.99,369.74,370.94
05/27/2016,371.59,372.43,368.29,371.88
05/26/2016,370.68,374.27,368.84,371.59
05/25/2016,366.11,371.3,366.11,370.68
05/24/2016,364.89,368.73,362.49,366.11
05/23/2016,367.3,367.3,362.15,364.89
05/20/2016,366.95,369.99,364.98,367.3
05/19/2016,369.97,369.97,361.46,366.95
05/18/2016,370.76,373.25,368.09,369.97
05/17/2016,367.66,371.49,366.51,370.76
05/16/2016,361.71,368.78,361.32,367.66
05/13/2016,362.91,362.91,359.01,361.71
05/12/2016,361.64,364.19,357.87,362.91
05/11/2016,352.23,361.49,350.4,361.14
05/10/2016,343.39,352.01,342.27,351.71
05/09/2016,351.14,354.68,342.39,342.89
05/06/2016,348.33,353.68,345.07,350.61
05/05/2016,347.71,356.57,346.39,347.81
05/04/2016,348.33,353.31,345.53,347.71
05/03/2016,355.12,357.33,346.91,348.33
05/02/2016,360.4,360.4,354.04,355.12
04/29/2016,359.56,363.47,357.87,360.4
04/28/2016,356.09,359.98,354.53,359.56
04/27/2016,351.67,356.92,349.78,356.09
04/26/2016,345.68,352.05,343.89,351.67
04/25/2016,347.98,349.76,343.44,345.23
04/22/2016,348.33,353.47,346.8,347.98
04/21/2016,352.48,355.69,347.15,348.33
04/20/2016,343.56,352.69,338.73,352.48
04/19/2016,335.85,344.74,334.57,343.56
04/18/2016,336.24,338.15,326.97,335.85
04/15/2016,339.67,340.35,332.77,336.24
04/14/2016,341.98,343.28,337.87,339.67
04/13/2016,342.35,344.71,339.33,341.98
04/12/2016,332.84,341.86,331.82,341.58
04/11/2016,329.8,333.3,327.27,331.99
04/08/2016,317.01,329.17,317.01,329.02
04/07/2016,318.4,320.6,313.84,316.22
04/06/2016,310.4,318.44,310.4,317.59
04/05/2016,311.36,311.43,309.09,310.4
04/04/2016,316.4,318.03,310.98,311.36
04/01/2016,323.39,323.67,315.28,316.4
03/31/2016,323.3,326.43,320.29,323.41
03/30/2016,324.2,330.16,322.82,323.3
03/29/2016,327.83,328.13,322.01,324.2
03/28/2016,327.9,330.08,325.55,327.83
03/24/2016,329.37,329.41,323.16,327.9
03/23/2016,337.52,337.52,329.03,329.37
03/22/2016,336.14,338.36,334,337.52
03/21/2016,335.3,337.68,331.94,336.14
03/18/2016,337.87,340.79,334.86,335.3
03/17/2016,330.69,337.87,330.69,337.87
03/16/2016,323.83,331.57,323.83,330.69
03/15/2016,327.13,327.83,321.88,323.83
03/14/2016,331.4,331.85,324.13,327.13
03/11/2016,328.3,333.3,328.3,331.4
03/10/2016,329.69,329.69,324.67,327.39
03/09/2016,321.65,329.01,320.83,328.73
03/08/2016,325.31,327.72,319.87,320.58
03/07/2016,315.76,325.31,315.76,324.2
03/04/2016,307.15,314.89,306.72,314.68
03/03/2016,306.38,308.81,304.29,307.15
03/02/2016,304.72,308.43,302.37,306.38
03/01/2016,303.62,306.44,300.86,304.72
02/29/2016,300,304.3,297.87,303.62
02/26/2016,300.7,307.97,299.15,300
02/25/2016,297.85,302.11,293.24,300.7
02/24/2016,294.46,299.15,290.09,297.85
02/23/2016,300.7,301.76,293.11,294.46
02/22/2016,293.73,302.4,293.73,300.7
02/19/2016,299.17,299.84,292.23,293.73
02/18/2016,300.41,304.93,298.62,299.17
02/17/2016,290.97,301.57,289.65,300.41
02/16/2016,294.97,303.05,289.71,290.97
02/12/2016,281.7,295.27,281.7,294.97
02/11/2016,284.04,286.28,281.37,281.7
02/10/2016,282.23,287.82,281.38,282.28
02/09/2016,290.55,292.74,280.24,280.61
02/08/2016,293.29,295.95,288.69,288.88
02/05/2016,295.29,297.9,290.77,291.63
02/04/2016,295.3,300.84,293.02,293.7
02/03/2016,285.53,295.84,283.58,295.3
02/02/2016,292.92,292.92,283.85,285.53
02/01/2016,300.66,300.66,291.31,292.92
01/29/2016,296.26,301.9,295.87,300.66
01/28/2016,293.4,304.03,291.23,296.26
01/27/2016,288.82,295.44,284.55,293.4
01/26/2016,283.14,292.22,278.3,288.82
01/25/2016,290.2,292.74,282.61,283.14
01/22/2016,278.04,290.72,278.04,290.2
01/21/2016,271.8,281.31,269.71,278.04
01/20/2016,277.89,277.89,268.4,271.8
01/19/2016,279.16,284.75,277.42,277.89
01/15/2016,287.02,287.02,278.18,279.16
01/14/2016,285.62,288.37,283.93,287.02
01/13/2016,285.74,290.47,283.54,284.64
01/12/2016,288.62,291.69,282.73,284.75
01/11/2016,296.62,296.62,286.03,287.61
01/08/2016,296.76,300.19,293.59,295.56
01/07/2016,297.95,300,289.73,295.7
01/06/2016,307.15,308.09,297.44,297.95
01/05/2016,309.63,311.28,306.6,307.15
01/04/2016,313.06,317.51,307.53,309.63
12/31/2015,309.11,315.28,307.77,311.65
12/30/2015,315.22,315.22,308.7,309.11
12/29/2015,309.46,315.76,308.86,315.22
12/28/2015,314,314.14,308.89,309.46
12/24/2015,311.72,314.73,311.04,314
12/23/2015,305.01,312.65,305.01,311.72
12/22/2015,305.93,307.57,304.71,305.01
12/21/2015,307.38,307.92,303.53,305.93
12/18/2015,305.49,311.37,303.77,307.38
12/17/2015,307.73,309.04,304.2,305.49
12/16/2015,314.24,314.51,306.95,307.73
12/15/2015,312.39,318.26,310.6,314.24
12/14/2015,313.91,314.4,306.96,312.39
12/11/2015,320.51,320.83,312.92,313.91
12/10/2015,319.98,322.14,317.86,319.54
12/09/2015,319.89,325.68,316.36,319.06
12/08/2015,320.99,323.39,316.02,318.99
12/07/2015,332.18,332.18,319.75,320.05
12/04/2015,333.43,337.86,328.97,331.35
12/03/2015,328.3,336.81,328.21,333.43
12/02/2015,337.69,337.69,328.04,328.3
12/01/2015,336.14,339.16,334.19,337.69
11/30/2015,337.29,340.96,335.8,336.14
11/27/2015,343.72,343.72,337.18,337.29
11/25/2015,343.38,344.78,338.49,343.72
11/24/2015,338.73,345.85,338.73,343.38
11/23/2015,337.71,341.54,331.48,338.73
11/20/2015,337.46,341.04,336.52,337.71
11/19/2015,337.02,339.58,334.98,337.46
11/18/2015,336.52,340.05,334.04,337.02
11/17/2015,339.28,341.24,335.54,335.88
11/16/2015,339.47,342.43,333.93,339.28
11/13/2015,343.68,346.24,338.02,339.47
11/12/2015,349.21,351.08,343.44,343.68
11/11/2015,352.62,354.39,347.22,348.06
11/10/2015,352.17,354.91,350.46,351.53
11/09/2015,354.79,358.42,350.58,350.97
11/06/2015,356.51,358.79,352.39,353.67
11/05/2015,360.06,361.34,355.3,355.41
11/04/2015,368.17,370.33,359.73,360.06
11/03/2015,360.53,369.71,359.7,368.17
11/02/2015,363.44,363.51,359.11,360.53
10/30/2015,360.44,365.13,358.34,363.44
10/29/2015,361.57,363.72,357.79,360.44
10/28/2015,351.23,361.93,350.3,361.57
10/27/2015,354.64,354.65,349.77,351.23
10/26/2015,357.09,358.51,354.32,354.64
10/23/2015,359.98,362.62,355.64,357.09
10/22/2015,359.45,363.78,358.44,359.95
10/21/2015,362.73,362.73,357.09,359.14
10/20/2015,361.6,364.72,360.26,362.73
10/19/2015,368.44,368.92,361.45,361.6
10/16/2015,367.53,370.12,364.14,369.2
10/15/2015,368.19,368.92,362.69,366.58
10/14/2015,368.58,370.09,365.91,368.19
10/13/2015,371.58,374.1,367.85,368.58
10/12/2015,380.17,383.4,370.1,370.26
10/09/2015,378.65,386.11,377.98,379.52
10/08/2015,373.19,379.83,371.97,378
10/07/2015,375.2,380.68,372.29,372.57
10/06/2015,363.64,374.66,361.27,374.65
10/05/2015,358.24,365.9,358.24,363.64
10/02/2015,356.7,359.81,352.72,358.24
10/01/2015,359.91,366.86,356.32,356.7
09/30/2015,358.66,362.81,356.9,359.33
09/29/2015,355.69,360.55,355.18,358.66
09/28/2015,362.17,362.3,355.33,355.69
09/25/2015,358.31,363.99,358.28,362.01
09/24/2015,357.95,359.17,354.15,358.31
09/23/2015,362.27,367.65,356.95,357.25
09/22/2015,364.58,364.58,357.67,362.27
09/21/2015,357.58,364.63,357.15,364.58
09/18/2015,365.76,368.5,356.49,357.59
09/17/2015,368.37,369.56,363.35,365.76
09/16/2015,360.45,370.56,360.45,368.37
09/15/2015,359.61,361.35,358.8,360.43
09/14/2015,364.13,365.35,358.43,359.61
09/11/2015,367.15,367.3,358.77,363.47
09/10/2015,360.47,366.98,357.26,366.64
09/09/2015,367.51,369.42,359.71,359.91
09/08/2015,365.35,368.01,358.19,366.92
09/04/2015,369.66,370.69,363.9,364.87
09/03/2015,366.64,376.63,365.08,369.66
09/02/2015,362.41,368.74,355.7,366.64
09/01/2015,380.84,380.84,363.05,364.13
08/31/2015,365.63,381.18,357.66,380.84
08/28/2015,353.62,368.81,351.13,365.65
08/27/2015,335.5,353.83,335.5,353.62
08/26/2015,339.74,340.65,335.09,335.5
08/25/2015,336.88,344.91,336.88,339.74
08/24/2015,348.1,348.1,334.32,336.88
08/21/2015,355.19,355.19,346.04,348.1
08/20/2015,354.78,357.44,351.44,355.19
08/19/2015,362.26,363.33,353.25,354.78
08/18/2015,362.39,363.02,359.39,362.26
08/17/2015,365.01,365.03,361.78,362.4
08/14/2015,365.67,366.93,363.77,365.01
08/13/2015,368.09,370.82,364.09,365.67
08/12/2015,367.34,371.65,365.38,367.89
08/11/2015,375.31,376.88,365.61,367.05
08/10/2015,365.68,375.13,365.05,375.04
08/07/2015,367.62,369.74,364.94,365.41
08/06/2015,369.32,369.4,365.62,367.42
08/05/2015,371.32,375.22,367.41,369.32
08/04/2015,368.67,373.3,368.67,371.32
08/03/2015,378.38,378.38,368.46,368.67
07/31/2015,383.65,384.79,377.19,378.38
07/30/2015,384.76,387.9,382.81,383.65
07/29/2015,383.53,387.91,380.18,384.75
07/28/2015,380.65,385.75,377.06,383.53
07/27/2015,386.64,386.64,379.97,380.65
07/24/2015,391.01,391.7,385.73,386.64
07/23/2015,395.35,397,390.22,391.01
07/22/2015,400.86,400.86,394.89,395.35
07/21/2015,400.11,403.73,398.97,400.86
07/20/2015,404.41,404.79,399.19,400.11
07/17/2015,406.14,406.53,401.64,404.73
07/16/2015,406.14,410.9,405.81,406.14
07/15/2015,414.79,416.06,407.17,407.84
07/14/2015,413.66,416.11,408.05,414.79
07/13/2015,415.41,417.35,408.37,413.65
07/10/2015,415.39,419.43,412.49,415.48
07/09/2015,409.48,418.43,409.48,415.45
07/08/2015,408.95,413.95,405.79,409.35
07/07/2015,412.5,414.92,401.98,409.28
07/06/2015,433.64,433.64,412.04,412.5
07/02/2015,432.63,438.16,432.59,433.8
07/01/2015,440.69,440.69,431.57,432.63
06/30/2015,431.6,441.63,430.17,440.69
06/29/2015,435.97,435.97,428.61,431.6
06/26/2015,434.16,437.06,432.33,435.74
06/25/2015,435.16,436,431.82,434.16
06/24/2015,438.79,441.22,433.88,435.16
06/23/2015,433.14,439.89,431.69,438.79
06/22/2015,431.55,434.09,427.96,433.14
06/19/2015,437.46,437.51,428.92,431.55
06/18/2015,436.43,441.05,434.26,437.46
06/17/2015,435.72,443.31,432,436.43
06/16/2015,434.38,437.3,433.52,435.72
06/15/2015,437.92,437.92,431.85,434.38
06/12/2015,442.92,442.97,437.74,437.92
06/11/2015,447.62,448.33,441.28,442.92
06/10/2015,442.97,450.37,442.97,447.24
06/09/2015,432.65,443.47,432.65,442.54
06/08/2015,433.31,434.21,431.08,432.2
06/05/2015,429.14,433.28,424.06,432.88
06/04/2015,436.19,436.62,427.97,428.76
06/03/2015,443.48,443.48,435.28,436.19
06/02/2015,438.47,444.03,438.09,443.48
06/01/2015,439.09,440.81,435.41,438.47
05/29/2015,431.77,440.3,429.09,439.09
05/28/2015,427.2,430.21,424.08,429.16
05/27/2015,432.59,436.2,426.88,427.2
05/26/2015,441.92,443.55,431.49,432.59
05/22/2015,448.08,448.47,441.57,441.92
05/21/2015,440.59,449.28,440.59,448.08
05/20/2015,437.39,441.15,437.26,440.59
05/19/2015,448.73,448.78,437.32,437.39
05/18/2015,450.75,455.43,447.44,448.73
05/15/2015,451.83,452.01,445.05,450.75
05/14/2015,451.52,454.12,449.34,451.83