Contract,Start,End
H07,2007-01-01,2007-03-09
H08,2007-01-01,2008-03-07
H09,2007-08-02,2009-03-10
H10,2008-03-24,2010-03-10
H11,2008-04-02,2011-03-10
H12,2009-04-02,2012-03-09
H13,2010-04-07,2013-03-07
H14,2011-04-04,2014-03-10
H15,2012-04-03,2015-03-10
H16,2013-04-02,2016-03-09
H17,2014-04-02,2017-03-10
H18,2015-04-02,2018-03-08
H19,2016-04-04,2019-03-08
K07,2005-10-06,2007-05-09
K08,2006-10-03,2008-05-08
K09,2007-10-02,2009-05-07
K10,2007-11-19,2010-05-07
K11,2008-06-03,2011-05-09
K12,2009-06-02,2012-05-09
K13,2010-06-03,2013-05-09
K14,2011-06-02,2014-05-08
K15,2012-06-04,2015-05-07
K16,2013-06-04,2016-05-09
K17,2014-06-03,2017-05-09
K18,2015-06-02,2018-05-09
K19,2016-06-02,2019-05-09
N07,2005-12-02,2007-07-10
N08,2006-12-04,2008-07-10
N09,2008-03-24,2009-07-10
N10,2008-03-24,2010-07-09
N11,2008-08-04,2011-07-08
N12,2009-08-04,2012-07-10
N13,2010-08-03,2013-07-10
N14,2011-08-02,2014-07-10
N15,2012-08-02,2015-07-10
N16,2013-08-02,2016-07-08
N17,2014-08-04,2017-07-10
N18,2015-08-04,2018-07-10
N19,2016-08-09,2019-07-10
U07,2006-02-02,2007-09-07
U08,2007-02-02,2008-09-09
U09,2008-03-24,2009-09-09
U10,2008-03-24,2010-09-09
U11,2008-10-02,2011-09-09
U12,2009-10-05,2012-09-07
U13,2010-10-05,2013-09-09
U14,2011-10-04,2014-09-09
U15,2012-10-02,2015-09-09
U16,2013-10-02,2016-09-09
U17,2014-10-02,2017-09-14
U18,2015-10-02,2018-09-07
U19,2016-10-04,2019-09-09
X07,2006-04-04,2007-11-07
X08,2007-04-03,2008-11-06
X09,2008-03-24,2009-11-06
X10,2008-03-24,2010-11-08
X11,2008-12-03,2011-11-08
X12,2009-12-09,2012-11-08
X13,2010-12-02,2013-11-07
X14,2011-12-02,2014-11-06
X15,2012-12-04,2015-11-06
X16,2013-12-03,2016-11-08
X17,2014-12-02,2017-11-08
X18,2015-12-02,2018-11-08
X19,2016-12-06,2019-11-07