date_index,Date,UD_ind_WTI,UD_ind_lumber,UD_ind_live_cattle,UD_ind_OJ,UD_ind_us_cotton,UD_ind_us_soybean_oil,UD_ind_us_wheat,UD_ind_copper,Vol_WTI,Change_%_WTI,Vol_Lumber,Change_%_Lumber,Vol_Live_Cattle,Change_%_Live_Cattle,Vol_OJ,Change_OJ,Vol_US_Cotton_2,Change_US_Cotton_2,Vol_US_Soybean_Oil,Change_US_Soybean_Oil,Vol_US Wheat,Change_US Wheat,Vol_Copper,Change %_Copper
0,2019-12-31,0,1,1,1,0,0,1,0,494.54K,-1.01%,0.27K,0.27%,0.34K,0.48%,0.55K,2.21%,-,-0.88%,5.09K,-1.93%,-,0.70%,42.72K,-1.27%
1,2019-12-30,0,0,1,0,1,1,0,1,427.15K,-0.06%,0.28K,-1.20%,0.79K,0.49%,0.85K,-2.36%,-,1.22%,34.42K,0.23%,-,-0.34%,46.91K,0.14%
2,2019-12-27,1,1,1,1,1,1,1,0,351.90K,0.06%,0.14K,0.71%,1.01K,0.18%,1.05K,0.83%,-,0.10%,42.25K,1.02%,-,1.30%,52.67K,-0.70%
3,2019-12-26,1,1,0,0,0,1,1,1,265.09K,0.80%,0.12K,0.02%,1.04K,-1.99%,0.69K,-3.30%,-,-0.06%,28.47K,1.51%,-,1.71%,33.11K,0.39%
4,2019-12-25,1,0,1,1,0,0,0,1,-,0.13%,-,-0.17%,-,2.55%,-,0.05%,-,0.00%,-,-0.03%,-,0.00%,-,0.35%
5,2019-12-24,1,0,1,0,1,1,1,1,204.54K,0.97%,0.07K,-0.44%,0.54K,0.20%,0.44K,-1.33%,-,0.32%,24.71K,0.30%,-,0.19%,39.23K,0.71%
6,2019-12-23,1,0,1,1,1,0,0,1,314.71K,0.13%,0.32K,-1.14%,0.71K,0.14%,1.34K,0.55%,-,0.82%,40.22K,-0.73%,-,-0.48%,41.19K,0.07%
7,2019-12-20,0,0,1,1,1,0,0,0,552.52K,-1.27%,0.30K,-0.93%,1.52K,0.08%,1.59K,0.90%,-,0.34%,63.37K,0.00%,-,-0.55%,53.80K,-0.71%
8,2019-12-19,1,1,0,1,1,1,0,1,35.46K,0.48%,0.52K,2.56%,2.09K,-0.10%,1.57K,2.10%,-,1.41%,51.29K,1.08%,-,-0.39%,43.42K,0.50%
9,2019-12-18,0,1,1,1,1,0,0,0,131.07K,-0.02%,0.19K,0.10%,1.66K,0.02%,1.39K,0.41%,-,0.47%,65.32K,-1.15%,-,-1.13%,55.98K,-0.04%
10,2019-12-17,1,0,0,0,0,1,1,1,163.74K,1.21%,0.32K,-1.07%,2.35K,-0.06%,2.93K,-0.87%,-,-0.78%,97.39K,2.05%,-,0.86%,60.01K,0.04%
11,2019-12-16,1,1,0,1,1,1,1,1,347.40K,0.23%,0.44K,1.53%,2.28K,-0.06%,2.23K,0.82%,-,0.34%,63.06K,1.63%,-,3.51%,62.84K,1.11%
12,2019-12-13,1,1,1,0,0,1,1,0,512.29K,1.50%,0.33K,1.71%,4.78K,1.62%,1.36K,-0.10%,-,-0.65%,-,1.81%,-,0.52%,115.06K,-0.54%
13,2019-12-12,1,1,0,0,1,1,1,1,530.85K,0.71%,0.35K,0.30%,4.42K,-0.12%,0.89K,-0.81%,-,1.99%,0.12K,2.56%,-,2.27%,101.02K,0.25%
14,2019-12-11,0,1,1,0,0,0,0,1,589.65K,-0.81%,0.45K,0.99%,3.01K,0.58%,0.71K,-0.61%,-,-0.11%,0.02K,-0.76%,-,-0.88%,77.55K,0.87%
15,2019-12-10,1,0,0,1,1,1,1,1,566.82K,0.37%,0.50K,-1.68%,4.31K,-0.25%,1.30K,1.75%,-,0.75%,0.64K,0.35%,-,0.02%,70.83K,0.22%
16,2019-12-09,0,0,0,1,0,1,0,1,511.56K,-0.30%,0.29K,-1.65%,6.40K,-0.02%,1.59K,2.10%,-,-0.74%,1.01K,1.13%,-,-0.26%,97.05K,1.25%
17,2019-12-06,1,1,1,0,1,1,1,1,679.61K,1.32%,0.20K,0.20%,6.91K,0.23%,1.21K,-0.63%,-,2.25%,1.28K,2.38%,-,0.19%,79.72K,2.33%
18,2019-12-05,0,1,1,1,0,1,0,1,649.46K,0.00%,0.31K,1.15%,6.95K,0.40%,1.00K,0.31%,-,-0.52%,1.50K,0.07%,-,-0.76%,46.28K,0.15%
19,2019-12-04,1,1,0,0,1,1,1,1,760.54K,4.15%,0.29K,0.73%,11.01K,-0.91%,1.14K,-1.24%,-,1.22%,3.20K,0.93%,-,0.45%,72.33K,1.37%
20,2019-12-03,1,0,0,1,0,1,0,0,560.55K,0.25%,0.53K,-2.74%,7.30K,-0.17%,1.38K,0.21%,-,-1.20%,4.26K,0.10%,-,-2.30%,80.85K,-1.06%
21,2019-12-02,1,0,0,0,0,0,0,0,616.42K,1.43%,0.32K,-1.82%,9.93K,-0.37%,1.51K,-2.18%,-,-0.70%,7.88K,-1.54%,-,-0.85%,64.21K,-0.41%
22,2019-11-29,0,1,0,0,0,1,1,0,718.72K,-5.01%,0.21K,0.12%,9.15K,-0.19%,0.40K,-1.20%,-,-0.85%,4.48K,0.23%,-,3.04%,72.15K,-0.30%
23,2019-11-28,0,0,0,0,0,0,0,0,-,-0.05%,,,,,,,,,-,-0.07%,-,0.00%,-,-0.96%
24,2019-11-27,0,1,1,1,1,1,0,0,454.26K,-0.51%,0.35K,0.78%,15.22K,0.85%,0.46K,0.05%,-,0.02%,22.89K,0.50%,-,-0.87%,77.57K,-0.04%
25,2019-11-26,1,0,1,1,1,0,0,1,443.82K,0.69%,0.79K,-1.99%,9.40K,0.58%,0.65K,0.20%,-,0.12%,49.60K,-0.72%,-,-0.23%,48.30K,1.31%
26,2019-11-25,1,1,1,1,1,0,1,1,420.64K,0.42%,0.81K,2.66%,13.19K,0.86%,0.50K,1.43%,-,1.39%,56.12K,-1.42%,-,2.80%,45.08K,0.11%
27,2019-11-22,0,1,0,1,1,1,1,1,508.24K,-1.38%,0.29K,0.54%,14.49K,-0.54%,0.41K,0.05%,-,1.34%,38.50K,0.62%,-,1.15%,38.35K,0.87%
28,2019-11-21,1,1,1,0,0,0,0,0,593.53K,2.57%,0.23K,1.37%,16.74K,0.02%,0.44K,-1.31%,-,-0.33%,62.23K,-1.63%,-,-1.26%,41.48K,-0.90%
29,2019-11-20,1,0,1,1,0,1,1,0,31.92K,3.44%,0.28K,-2.59%,16.54K,0.44%,0.45K,1.27%,-,-1.67%,67.26K,0.78%,-,0.64%,29.17K,-0.30%
30,2019-11-19,0,1,1,0,0,1,1,1,121.21K,-3.23%,0.42K,0.10%,18.45K,0.06%,0.53K,-0.41%,-,-0.74%,81.33K,1.04%,-,0.84%,36.19K,1.29%
31,2019-11-18,0,1,0,0,1,1,1,0,159.33K,-1.16%,0.48K,9.93%,18.19K,-0.34%,0.73K,-1.94%,-,1.45%,50.94K,0.62%,-,0.92%,32.16K,-0.64%
32,2019-11-15,1,0,1,1,1,0,0,1,375.99K,1.67%,0.01K,-1.65%,17.54K,0.02%,0.32K,0.05%,-,0.97%,56.58K,-1.14%,-,-0.96%,20.08K,0.61%
33,2019-11-14,0,1,1,1,0,1,0,0,516.83K,-0.61%,0.03K,2.52%,24.10K,0.83%,0.42K,0.35%,-,-0.09%,75.32K,0.82%,-,-0.25%,28.00K,-0.60%
34,2019-11-13,1,1,0,1,0,0,0,0,547.64K,0.56%,0.07K,0.11%,43.27K,-1.38%,0.53K,1.57%,-,-0.54%,83.63K,-1.61%,-,-1.50%,22.59K,-0.19%
35,2019-11-12,0,0,0,1,1,0,1,0,586.57K,-0.11%,0.10K,-1.27%,30.54K,-0.10%,0.64K,0.46%,-,0.54%,64.47K,-1.24%,-,1.97%,23.30K,-0.30%
36,2019-11-11,0,0,1,0,0,0,0,0,498.98K,-0.66%,0.05K,-0.76%,34.65K,0.52%,0.86K,-2.56%,-,-0.33%,69.13K,-0.25%,-,-0.69%,54.25K,-0.67%
37,2019-11-08,1,0,1,1,1,1,0,0,636.94K,0.16%,0.07K,-1.58%,32.60K,0.21%,-,4.82%,-,0.51%,71.03K,0.22%,-,-0.49%,73.11K,-1.69%
38,2019-11-07,1,0,0,0,1,0,0,1,678.17K,1.42%,0.09K,-0.54%,33.45K,0.00%,0.21K,-3.42%,-,0.83%,68.93K,-1.01%,-,-0.87%,99.63K,2.36%
39,2019-11-06,0,0,0,0,0,1,1,0,623.26K,-1.54%,0.15K,-1.57%,24.00K,-0.38%,-,-1.04%,-,-0.19%,63.26K,0.57%,-,0.29%,62.89K,-1.30%
40,2019-11-05,1,0,0,1,0,0,1,1,435.32K,1.22%,0.28K,-3.00%,25.45K,-0.52%,-,5.57%,-,0.00%,57.26K,-0.94%,-,1.03%,93.00K,1.09%
41,2019-11-04,1,1,1,1,0,1,0,1,580.35K,0.60%,0.13K,0.59%,26.21K,0.46%,0.01K,0.05%,-,-1.33%,73.52K,2.64%,-,-0.78%,53.74K,0.68%
42,2019-11-01,1,1,1,0,1,1,1,1,538.12K,3.73%,0.16K,1.99%,30.67K,7.03%,0.01K,-0.73%,-,0.39%,48.40K,0.91%,-,1.18%,62.35K,0.57%
43,2019-10-31,0,1,0,1,0,0,0,0,677.42K,-1.60%,0.21K,0.30%,0.05K,-1.50%,0.28K,0.79%,-,-2.02%,58.08K,-0.74%,-,-0.20%,91.15K,-1.79%
44,2019-10-30,0,0,1,1,1,0,0,0,659.33K,-0.86%,0.27K,-1.89%,0.40K,0.02%,0.76K,0.42%,-,1.44%,51.70K,-0.06%,-,-0.34%,61.86K,-0.22%
45,2019-10-29,0,1,1,1,0,1,0,1,521.46K,-0.48%,0.19K,0.90%,1.02K,0.42%,0.94K,1.39%,-,-0.08%,64.41K,0.71%,-,-0.24%,52.04K,0.34%
46,2019-10-28,0,0,1,0,0,0,0,1,437.02K,-1.50%,0.26K,-1.07%,0.60K,0.80%,1.04K,-4.74%,-,-0.25%,61.85K,-0.58%,-,-0.70%,49.12K,0.30%
47,2019-10-25,1,1,1,1,1,0,0,1,445.02K,0.76%,0.48K,0.30%,0.60K,1.40%,0.75K,0.26%,-,0.49%,81.89K,-1.21%,-,-0.12%,57.34K,0.26%
48,2019-10-24,1,1,1,0,0,1,0,0,480.76K,0.46%,0.21K,0.37%,1.86K,0.20%,0.73K,-0.41%,-,-0.32%,78.54K,2.49%,-,-0.86%,61.06K,-0.11%
49,2019-10-23,1,1,1,1,1,0,1,1,620.20K,3.34%,0.32K,1.21%,2.71K,0.30%,0.97K,0.26%,-,0.32%,53.23K,-0.88%,-,0.77%,75.68K,1.44%
50,2019-10-22,1,0,0,0,1,1,0,0,33.92K,1.59%,0.35K,-0.45%,1.35K,-0.97%,1.33K,-0.20%,-,0.34%,72.00K,1.21%,-,-1.29%,46.14K,-0.53%
51,2019-10-21,0,1,1,0,0,1,0,1,95.98K,-0.87%,0.63K,3.11%,1.11K,0.43%,1.48K,-1.21%,-,-1.12%,45.89K,0.40%,-,-1.22%,54.49K,0.42%
52,2019-10-18,0,0,0,0,1,0,1,1,174.48K,-0.28%,0.30K,-1.03%,1.95K,-1.71%,1.59K,-0.45%,-,0.14%,45.42K,-0.10%,-,1.10%,71.81K,1.46%
53,2019-10-17,1,1,1,0,1,0,1,1,418.42K,1.07%,0.63K,2.55%,1.27K,0.04%,1.69K,-0.65%,-,0.84%,43.60K,-0.03%,-,2.09%,53.90K,0.31%
54,2019-10-16,1,1,1,1,1,1,1,0,451.64K,1.04%,0.23K,1.93%,1.88K,1.22%,1.68K,0.30%,-,1.77%,53.17K,0.03%,-,1.38%,54.26K,-0.92%
55,2019-10-15,0,0,1,1,1,1,0,0,511.25K,-1.46%,0.43K,-2.05%,1.81K,0.34%,1.07K,0.75%,-,1.98%,102.54K,1.64%,-,-0.73%,53.71K,-0.76%
56,2019-10-14,0,1,1,1,0,0,1,1,467.64K,-2.03%,0.57K,3.00%,1.02K,1.07%,1.30K,2.05%,-,-2.81%,0.07K,-0.27%,-,0.64%,58.73K,0.23%
57,2019-10-11,1,1,1,1,1,1,1,1,741.70K,2.15%,0.25K,1.76%,3.34K,0.67%,0.73K,0.41%,-,3.98%,-,0.84%,-,3.74%,71.34K,0.54%
58,2019-10-10,1,0,1,0,0,1,0,1,613.94K,1.83%,0.24K,-0.90%,1.23K,0.23%,0.91K,-0.77%,-,-0.85%,-,0.34%,-,-2.00%,76.15K,1.79%
59,2019-10-09,0,1,1,0,1,0,1,0,632.67K,-0.08%,0.31K,1.19%,1.95K,0.28%,1.14K,-4.45%,-,1.21%,0.10K,-0.47%,-,0.15%,46.71K,0.00%
60,2019-10-08,0,0,0,0,0,0,1,0,658.32K,-0.23%,0.36K,-1.82%,2.72K,-0.07%,1.10K,-1.11%,-,-0.79%,0.08K,-0.80%,-,2.19%,62.32K,-0.35%
61,2019-10-07,0,1,1,1,1,1,0,1,549.02K,-0.11%,0.31K,0.82%,3.75K,0.84%,1.01K,3.40%,-,0.10%,0.26K,0.40%,-,-0.03%,49.61K,0.59%
62,2019-10-04,1,1,1,1,1,0,1,1,541.10K,0.69%,0.24K,0.41%,7.47K,0.51%,0.58K,0.15%,-,0.34%,0.44K,-0.03%,-,0.44%,48.82K,0.31%
63,2019-10-03,0,1,1,1,1,1,1,0,642.47K,-0.36%,0.55K,1.22%,6.53K,0.71%,0.55K,0.81%,-,0.44%,0.62K,2.55%,-,0.10%,51.49K,-0.66%
64,2019-10-02,0,0,1,1,1,1,0,1,590.31K,-1.83%,0.26K,-0.53%,9.32K,1.36%,0.47K,0.35%,-,0.56%,1.08K,0.80%,-,-1.81%,62.20K,0.39%
65,2019-10-01,0,0,1,0,1,0,1,0,589.18K,-0.83%,0.48K,-1.47%,7.95K,0.05%,0.77K,-1.00%,-,0.35%,1.60K,-0.55%,-,0.35%,74.86K,-0.70%
66,2019-09-30,0,0,0,0,0,1,1,0,532.52K,-3.29%,0.33K,-1.21%,8.73K,-0.43%,0.49K,-0.10%,-,-0.41%,6.89K,1.29%,-,1.80%,50.07K,-0.73%
67,2019-09-27,0,0,1,1,1,0,1,1,712.97K,-0.89%,0.21K,-0.11%,16.28K,2.02%,0.87K,2.41%,-,1.25%,30.66K,-1.34%,-,0.21%,59.06K,0.78%
68,2019-09-26,0,1,0,1,0,0,1,0,599.65K,-0.14%,0.14K,0.76%,10.53K,-0.05%,0.75K,0.52%,-,-0.63%,32.61K,-0.10%,-,1.67%,52.15K,-1.30%
69,2019-09-25,0,0,1,0,1,0,0,1,563.55K,-1.40%,0.24K,-1.02%,8.71K,0.86%,1.08K,-1.27%,-,0.40%,21.77K,-0.55%,-,-0.68%,55.85K,0.19%
70,2019-09-24,0,0,1,0,0,1,0,0,591.53K,-2.30%,0.53K,-3.67%,11.97K,0.27%,0.49K,-1.85%,-,-0.72%,19.32K,0.03%,-,-0.10%,50.89K,-0.15%
71,2019-09-23,1,1,1,0,1,0,0,1,526.79K,0.95%,0.43K,0.89%,11.39K,2.52%,0.30K,-0.05%,-,0.45%,18.17K,-0.31%,-,-0.62%,62.44K,0.15%
72,2019-09-20,0,1,0,1,1,0,0,0,37.98K,-0.07%,0.36K,1.45%,10.63K,-0.45%,0.67K,1.52%,-,0.31%,27.61K,-1.78%,-,-0.51%,54.67K,-0.04%
73,2019-09-19,1,0,0,0,0,0,0,0,112.33K,0.03%,0.24K,-0.97%,12.18K,-0.57%,0.54K,-0.45%,-,-0.10%,14.26K,-0.20%,-,-0.51%,42.04K,-0.19%
74,2019-09-18,0,1,1,0,0,1,1,0,216.96K,-2.07%,0.39K,1.51%,13.17K,1.03%,0.50K,-1.74%,-,-1.45%,11.20K,0.07%,-,0.93%,42.94K,-0.53%
75,2019-09-17,0,1,1,0,0,0,0,0,993.24K,-5.66%,0.39K,2.37%,18.75K,1.38%,0.52K,-1.18%,-,-2.01%,14.73K,-0.96%,-,-0.72%,56.69K,-0.49%
76,2019-09-16,1,0,0,1,1,1,1,0,1.40M,14.68%,0.32K,-1.71%,23.70K,-0.08%,0.41K,0.10%,-,0.43%,18.86K,4.15%,-,1.22%,75.60K,-2.22%
77,2019-09-13,0,0,0,0,1,0,0,1,599.47K,-0.44%,0.00K,-1.58%,34.81K,-0.66%,0.47K,-1.02%,-,0.45%,0.02K,-0.28%,-,-0.29%,64.70K,2.27%
78,2019-09-12,0,0,1,0,1,1,1,1,845.98K,-1.18%,0.07K,-2.56%,45.87K,0.23%,0.45K,-2.14%,-,4.45%,0.06K,1.01%,-,1.57%,95.18K,0.96%
79,2019-09-11,0,1,1,1,1,1,0,0,858.77K,-2.87%,0.07K,1.19%,44.90K,2.44%,0.70K,1.22%,-,0.34%,0.09K,1.23%,-,-1.29%,54.05K,-0.49%
80,2019-09-10,0,1,1,1,1,1,1,1,755.47K,-0.78%,0.18K,6.82%,44.40K,2.07%,-,2.41%,-,0.39%,0.08K,0.42%,-,1.69%,57.00K,0.04%
81,2019-09-09,1,1,0,0,1,0,1,0,646.99K,2.35%,0.14K,0.45%,43.29K,-0.71%,-,-0.34%,-,0.86%,0.12K,-1.15%,-,2.70%,47.65K,-0.27%
82,2019-09-06,1,0,0,0,0,1,0,0,714.29K,0.39%,0.10K,-0.69%,33.21K,-3.07%,-,-2.04%,-,-1.18%,0.47K,0.04%,-,-0.94%,59.96K,-0.30%
83,2019-09-05,1,0,0,1,1,0,1,1,712.47K,0.07%,0.15K,-0.88%,35.07K,-1.16%,0.00K,1.71%,-,1.67%,1.08K,-1.11%,-,1.41%,97.19K,1.81%
84,2019-09-04,1,0,0,1,1,0,1,1,682.30K,4.30%,0.08K,-1.46%,21.40K,-0.25%,-,4.55%,-,0.55%,0.69K,-0.28%,-,1.38%,75.99K,2.65%
85,2019-09-03,0,0,0,0,0,1,0,0,970.80K,-1.32%,0.25K,-1.12%,26.73K,-5.45%,0.03K,-2.69%,-,-1.73%,1.76K,0.10%,-,-1.55%,107.50K,-0.16%
86,2019-09-02,0,0,0,0,0,0,0,0,-,-0.26%,,,,,,,,,,,,,-,-0.78%
87,2019-09-01,0,0,0,0,0,1,0,1,-,-0.54%,,,,,,,,,-,0.70%,,,-,0.04%
88,2019-08-30,0,1,0,0,0,1,0,0,708.27K,-2.84%,0.28K,0.35%,0.60K,-0.62%,0.45K,-3.87%,-,-0.19%,2.39K,0.95%,-,-2.41%,59.78K,-1.05%
89,2019-08-29,1,0,1,1,1,1,0,1,630.76K,1.67%,0.42K,-1.61%,0.53K,0.55%,1.20K,2.25%,-,0.49%,30.12K,0.92%,-,-0.63%,70.76K,0.55%
90,2019-08-28,1,1,1,1,1,1,0,1,674.05K,1.55%,0.55K,3.01%,0.53K,0.31%,0.65K,3.02%,-,1.33%,34.70K,0.36%,-,-0.42%,70.65K,0.43%
91,2019-08-27,1,1,0,1,1,0,1,1,596.62K,2.40%,0.21K,1.35%,1.07K,-0.69%,0.86K,0.76%,-,0.28%,35.16K,-1.13%,-,0.63%,64.33K,0.12%
92,2019-08-26,0,1,1,1,0,0,0,1,679.02K,-0.98%,0.22K,0.94%,0.66K,0.81%,0.92K,2.55%,-,-0.70%,25.48K,-1.01%,-,-0.08%,43.71K,0.47%
93,2019-08-23,0,1,0,0,0,0,1,0,807.15K,-2.13%,0.23K,0.17%,1.63K,-0.33%,0.93K,-0.93%,-,-1.19%,23.84K,-0.70%,-,1.74%,56.09K,-1.09%
94,2019-08-22,0,0,1,0,0,0,1,0,621.57K,-0.59%,0.33K,-2.66%,1.21K,2.24%,0.73K,-0.97%,-,-1.75%,17.70K,-0.70%,-,0.92%,47.82K,-1.00%
95,2019-08-21,0,1,1,1,1,1,1,1,704.04K,-1.17%,0.52K,0.79%,1.58K,0.86%,1.17K,2.30%,-,1.44%,19.47K,1.09%,-,0.87%,41.95K,0.31%
96,2019-08-20,1,0,1,1,0,0,0,0,47.45K,0.23%,0.29K,-1.53%,1.40K,1.60%,1.97K,1.38%,-,-0.17%,20.38K,-0.87%,-,-1.24%,21.57K,-0.92%
97,2019-08-19,1,1,1,0,0,0,0,1,113.57K,2.44%,0.44K,2.48%,1.39K,0.28%,2.83K,-4.45%,-,-1.56%,15.42K,-2.18%,-,-1.25%,22.99K,0.23%
98,2019-08-16,1,1,0,1,1,1,1,0,168.35K,0.73%,0.28K,2.46%,1.19K,-0.27%,2.08K,1.23%,-,0.89%,10.76K,0.21%,-,0.13%,10.75K,-0.04%
99,2019-08-15,0,1,0,0,1,0,0,1,527.87K,-1.38%,0.39K,1.75%,1.88K,0.00%,0.93K,-1.21%,-,0.13%,12.67K,-1.69%,-,-1.05%,16.53K,0.15%
100,2019-08-14,0,0,0,0,0,0,1,0,718.29K,-3.27%,0.29K,-1.72%,3.37K,-0.35%,0.55K,0.00%,-,-0.08%,-,-0.14%,-,0.42%,21.94K,-1.48%
101,2019-08-13,1,1,0,0,1,0,1,1,783.49K,3.95%,0.49K,3.33%,4.14K,-4.28%,0.79K,-0.05%,-,2.44%,-,-0.10%,-,0.05%,33.69K,1.74%
102,2019-08-12,1,0,0,0,0,0,0,0,611.03K,0.79%,0.21K,-1.75%,2.48K,-2.78%,0.83K,-3.37%,-,-1.21%,0.03K,-1.13%,-,-5.52%,27.02K,-0.15%
103,2019-08-09,1,0,1,1,0,1,1,0,726.39K,3.73%,0.34K,-4.04%,3.31K,0.09%,0.47K,0.49%,-,-1.31%,0.16K,1.90%,-,0.38%,17.41K,-0.69%
104,2019-08-08,1,1,1,1,1,1,1,1,724.76K,2.84%,0.20K,1.56%,1.56K,0.33%,0.66K,0.79%,-,1.24%,0.10K,3.58%,-,1.74%,21.36K,1.40%
105,2019-08-07,0,0,1,0,1,1,1,1,1.06M,-4.74%,0.37K,-3.14%,2.69K,0.44%,0.58K,-1.85%,-,0.20%,0.54K,1.75%,-,1.08%,29.25K,0.51%
106,2019-08-06,0,1,0,1,1,0,0,1,682.79K,-1.94%,0.45K,3.24%,2.76K,-0.63%,1.35K,4.47%,-,0.31%,1.12K,-1.01%,-,-1.92%,20.50K,0.47%
107,2019-08-05,0,0,1,0,0,0,1,0,823.84K,-1.74%,0.36K,-2.72%,6.21K,0.14%,1.11K,-0.71%,-,-1.38%,2.24K,-1.53%,-,0.64%,21.99K,-1.12%
108,2019-08-02,1,1,0,0,0,1,1,0,739.81K,3.17%,0.57K,1.41%,11.81K,-0.21%,1.05K,-1.49%,-,-4.64%,2.08K,1.84%,-,2.43%,22.70K,-3.44%
109,2019-08-01,0,1,1,0,0,0,0,0,886.75K,-7.90%,0.77K,5.52%,14.26K,0.91%,0.88K,-2.66%,-,-2.46%,2.93K,-0.25%,-,-1.49%,17.38K,-0.04%
110,2019-07-31,1,0,0,1,1,0,0,0,614.00K,0.91%,0.51K,-1.46%,12.38K,-1.11%,0.54K,1.07%,-,0.88%,8.11K,-1.98%,-,-2.01%,19.34K,-0.45%
111,2019-07-30,1,1,0,1,0,0,0,0,547.40K,2.07%,0.58K,3.93%,11.08K,-0.51%,0.64K,0.64%,-,-1.43%,38.10K,-0.42%,-,-1.19%,13.38K,-1.36%
112,2019-07-29,1,1,0,0,0,0,1,1,529.74K,1.19%,0.18K,0.63%,11.67K,0.00%,0.59K,-0.73%,-,-0.34%,39.30K,-0.14%,-,1.33%,12.52K,1.08%
113,2019-07-26,1,0,0,0,1,1,0,0,476.79K,0.32%,0.29K,-1.88%,6.82K,0.00%,0.46K,-1.63%,-,0.39%,33.58K,0.71%,-,-0.87%,15.26K,-0.70%
114,2019-07-25,1,0,0,1,0,0,1,0,559.28K,0.25%,0.43K,-0.99%,9.28K,-0.23%,0.52K,0.24%,-,-0.02%,26.26K,-0.11%,-,0.65%,13.67K,-0.22%
115,2019-07-24,0,1,0,1,1,1,1,1,745.25K,-1.57%,0.41K,3.25%,7.69K,-0.14%,0.58K,2.36%,-,0.78%,37.36K,1.04%,-,2.05%,12.13K,0.48%
116,2019-07-23,1,0,1,0,1,1,0,0,521.88K,0.98%,0.46K,-3.28%,7.85K,0.55%,0.46K,-1.50%,-,0.52%,21.18K,1.01%,-,-0.15%,10.76K,-0.84%
117,2019-07-22,1,0,1,0,1,0,0,0,24.30K,1.06%,0.44K,-2.74%,8.26K,0.79%,0.34K,-1.01%,-,0.48%,22.24K,-1.39%,-,-3.05%,11.92K,-1.05%
118,2019-07-19,1,1,1,1,1,1,1,1,105.22K,0.60%,0.42K,5.68%,8.15K,0.19%,0.97K,3.58%,-,2.22%,25.74K,1.66%,-,1.90%,20.14K,1.62%
119,2019-07-18,0,1,0,0,0,0,0,0,215.36K,-2.61%,0.44K,2.32%,14.18K,-0.67%,0.83K,-2.47%,-,-1.31%,22.96K,-0.14%,-,-2.28%,7.49K,-0.22%
120,2019-07-17,0,0,0,0,0,0,0,1,504.43K,-1.46%,0.50K,-1.59%,16.04K,-0.09%,0.42K,-1.58%,-,-0.90%,28.86K,-1.11%,-,-0.44%,6.88K,0.59%
121,2019-07-16,0,0,0,1,0,0,0,0,712.54K,-3.29%,0.53K,-7.67%,15.55K,-0.25%,0.83K,3.41%,-,-1.33%,24.96K,-1.03%,-,-0.29%,7.86K,-0.37%
122,2019-07-15,0,0,1,0,1,1,0,1,566.82K,-1.05%,0.00K,0.00%,26.91K,0.02%,0.68K,-2.08%,-,2.12%,17.20K,0.11%,-,-2.75%,6.17K,0.56%
123,2019-07-12,1,0,1,1,0,1,1,1,469.03K,0.02%,0.03K,-0.41%,34.64K,0.56%,0.61K,0.88%,-,-0.78%,-,0.75%,-,0.51%,11.73K,0.26%
124,2019-07-11,0,0,1,0,0,1,1,0,573.02K,-0.38%,0.07K,-2.30%,33.30K,0.23%,-,-0.73%,-,-1.21%,-,0.46%,-,3.22%,9.90K,-0.22%
125,2019-07-10,1,1,0,0,1,1,1,1,690.66K,4.50%,0.06K,0.49%,33.64K,-0.46%,-,-0.08%,-,1.33%,0.22K,0.32%,-,0.45%,10.31K,2.58%
126,2019-07-09,1,0,1,0,0,1,0,0,551.87K,0.29%,0.09K,-2.95%,37.89K,1.86%,-,-1.71%,-,-3.25%,0.48K,0.07%,-,-1.76%,14.88K,-1.31%
127,2019-07-08,1,0,0,1,0,1,0,0,540.86K,0.26%,0.08K,-1.76%,33.47K,-0.79%,-,2.57%,-,-1.73%,0.48K,1.53%,-,-1.09%,12.03K,0.00%
128,2019-07-05,1,1,1,1,0,0,1,0,698.02K,1.25%,0.05K,0.49%,28.77K,1.47%,-,1.59%,-,-0.30%,0.66K,-2.07%,-,0.58%,5.49K,-0.49%
129,2019-07-04,0,0,0,0,0,0,0,0,-,-0.94%,,,,,,,,,,,,,-,-0.30%
130,2019-07-03,1,0,1,1,1,1,1,1,600.13K,1.94%,0.04K,-1.79%,22.64K,1.30%,-,5.21%,-,0.03%,1.68K,1.30%,-,2.16%,8.22K,0.60%
131,2019-07-02,0,0,0,0,1,0,0,0,878.94K,-4.81%,0.19K,-3.29%,26.56K,0.00%,0.00K,-2.44%,-,1.34%,3.10K,-1.14%,-,-1.57%,12.17K,-0.89%
132,2019-07-01,1,1,0,0,0,0,0,0,674.89K,1.06%,0.22K,6.78%,25.60K,-5.79%,0.02K,-2.63%,-,-0.17%,2.84K,-0.92%,-,-2.85%,7.32K,-0.88%
133,2019-06-28,0,0,0,1,0,1,0,0,556.10K,-1.62%,0.17K,-0.58%,0.78K,-0.07%,0.21K,1.66%,-,-0.39%,6.74K,1.55%,-,-3.71%,5.21K,-0.07%
134,2019-06-27,1,0,1,1,0,0,0,1,531.41K,0.08%,0.19K,-1.27%,1.13K,1.44%,0.97K,0.40%,-,-0.53%,40.83K,0.00%,-,0.00%,5.15K,0.04%
135,2019-06-26,1,0,1,0,1,0,1,0,686.82K,2.68%,0.29K,-2.60%,1.47K,1.16%,0.69K,-1.64%,-,1.19%,39.52K,-0.68%,-,1.20%,7.00K,-0.69%
136,2019-06-25,0,0,1,1,1,0,0,1,673.14K,-0.12%,0.21K,-0.48%,1.49K,0.77%,0.75K,1.31%,-,0.21%,50.66K,-1.23%,-,-0.55%,10.83K,1.18%
137,2019-06-24,1,0,1,0,1,0,1,1,597.16K,0.82%,0.36K,-1.75%,1.67K,0.35%,1.20K,-0.75%,-,6.10%,50.42K,-0.49%,-,3.18%,3.25K,0.04%
138,2019-06-21,1,1,0,1,0,0,0,0,676.05K,1.38%,0.42K,4.92%,3.37K,-1.50%,0.78K,0.20%,-,-2.51%,40.65K,-0.52%,-,-0.19%,5.90K,-0.18%
139,2019-06-20,1,0,0,1,0,1,1,1,27.88K,5.38%,0.50K,-1.20%,3.28K,-0.30%,1.73K,1.01%,-,-3.35%,57.09K,0.78%,-,1.05%,5.20K,1.19%
140,2019-06-19,0,0,0,0,1,1,0,0,122.84K,-0.26%,0.63K,-4.63%,3.21K,-0.87%,1.55K,-2.85%,-,0.05%,66.63K,0.14%,-,-1.79%,4.88K,-0.78%
141,2019-06-18,1,1,0,0,1,1,0,1,181.64K,3.79%,0.78K,4.51%,1.84K,0.00%,1.78K,-2.91%,-,0.08%,75.67K,0.68%,-,-1.48%,7.71K,2.08%
142,2019-06-17,0,1,1,1,0,1,1,1,397.87K,-1.10%,0.64K,1.63%,2.49K,0.62%,1.74K,0.24%,-,-0.97%,56.68K,1.74%,-,0.23%,8.52K,0.53%
143,2019-06-14,1,1,0,1,0,0,1,0,574.23K,0.44%,0.89K,3.26%,2.70K,-0.25%,1.20K,1.70%,-,-1.32%,86.47K,-1.46%,-,0.61%,6.37K,-1.02%
144,2019-06-13,1,1,0,1,1,1,1,1,945.02K,2.23%,1.01K,5.36%,3.38K,-0.55%,1.03K,1.18%,-,0.56%,70.11K,1.67%,-,1.85%,6.07K,0.04%
145,2019-06-12,0,1,0,0,1,1,1,0,786.11K,-4.00%,1.07K,3.35%,4.18K,-0.93%,1.15K,-1.84%,-,1.26%,64.73K,1.25%,-,1.59%,4.61K,-0.67%
146,2019-06-11,1,1,1,1,0,0,1,1,642.94K,0.02%,0.53K,5.86%,2.83K,0.89%,1.31K,1.77%,-,-0.32%,68.07K,-0.58%,-,2.22%,7.70K,0.45%
147,2019-06-10,0,1,1,0,0,0,1,1,687.15K,-1.35%,0.25K,2.69%,7.68K,2.60%,0.92K,-4.19%,-,-0.30%,47.61K,0.00%,-,0.40%,7.31K,1.25%
148,2019-06-07,1,1,0,0,0,0,0,0,828.13K,2.66%,0.16K,0.45%,6.79K,-0.63%,0.41K,-1.12%,-,-3.56%,59.59K,-1.37%,-,-1.66%,8.39K,-0.90%
149,2019-06-06,1,1,0,1,0,1,1,1,790.07K,1.76%,0.23K,0.90%,8.74K,-0.23%,0.79K,3.42%,-,-0.32%,72.12K,1.98%,-,3.96%,4.71K,0.95%
150,2019-06-05,0,0,1,0,0,0,0,0,943.19K,-3.37%,0.45K,-1.52%,10.07K,0.28%,1.13K,-4.42%,-,-0.32%,48.19K,-0.98%,-,-2.67%,4.44K,-1.68%
151,2019-06-04,1,1,1,0,0,1,0,1,831.63K,0.43%,0.51K,4.84%,11.91K,0.73%,1.12K,-2.12%,-,-0.62%,52.76K,0.55%,-,-2.79%,4.89K,0.75%
152,2019-06-03,0,0,0,1,1,0,1,1,984.31K,-0.47%,0.53K,-1.21%,13.21K,-1.57%,1.15K,2.31%,-,1.80%,60.99K,-0.91%,-,3.04%,3.05K,0.42%
153,2019-05-31,0,0,0,1,0,0,0,0,1.03M,-5.46%,0.56K,-1.23%,11.95K,-1.45%,1.34K,3.68%,-,-1.64%,67.72K,-0.68%,-,-1.77%,10.56K,-0.71%
154,2019-05-30,0,0,0,1,1,1,1,0,842.28K,-3.77%,0.57K,-2.18%,18.46K,-2.02%,0.59K,1.31%,-,0.25%,68.29K,0.18%,-,5.33%,5.78K,-0.45%
155,2019-05-29,0,1,1,0,0,1,0,0,1.12M,-0.56%,1.21K,2.83%,12.91K,0.72%,0.72K,-1.15%,-,-0.29%,100.81K,1.61%,-,-3.08%,2.25K,-1.11%
156,2019-05-28,0,0,1,1,1,1,1,0,1.02M,-0.03%,0.66K,-5.82%,13.37K,0.34%,0.76K,3.42%,-,1.46%,59.75K,1.07%,-,3.55%,3.00K,-0.29%
157,2019-05-27,1,0,0,0,0,0,0,1,-,0.66%,,,,,,,,,-,0.00%,,,-,0.44%
158,2019-05-26,1,0,0,0,0,0,0,0,-,0.24%,,,,,,,,,-,-0.04%,-,-0.84%,-,-0.33%
159,2019-05-24,1,1,1,1,1,1,1,1,758.10K,1.24%,0.26K,0.86%,7.72K,0.34%,0.54K,1.25%,-,1.21%,43.06K,0.86%,-,4.50%,1.76K,0.67%
160,2019-05-23,0,1,1,1,1,0,0,0,1.11M,-5.71%,0.47K,1.47%,9.40K,0.14%,0.70K,1.53%,-,1.20%,56.42K,-1.94%,-,-0.64%,5.17K,-0.04%
161,2019-05-22,0,1,0,1,0,1,0,0,766.73K,-2.49%,0.24K,0.35%,10.58K,-0.18%,0.43K,0.20%,-,-0.94%,50.36K,0.63%,-,-0.79%,5.20K,-1.28%
162,2019-05-21,0,1,0,0,0,0,0,0,28.91K,-0.17%,0.43K,1.37%,15.29K,-0.45%,0.67K,-2.24%,-,-0.91%,63.95K,-1.31%,-,-0.94%,5.12K,-0.29%
163,2019-05-20,1,0,1,1,1,1,1,0,131.89K,0.54%,0.41K,-3.21%,15.72K,0.07%,0.70K,3.62%,-,3.22%,45.40K,1.03%,-,2.95%,2.26K,-0.44%
164,2019-05-17,0,0,1,0,0,0,0,0,215.80K,-0.17%,0.43K,-1.25%,23.27K,0.72%,1.19K,-5.61%,-,-1.54%,72.20K,-1.80%,-,-1.04%,4.33K,-0.33%
165,2019-05-16,1,0,1,0,1,1,1,1,545.68K,1.37%,0.32K,-0.03%,20.84K,0.73%,1.39K,-4.12%,-,0.71%,55.23K,1.76%,-,4.35%,4.19K,0.29%
166,2019-05-15,1,0,1,1,0,1,0,1,723.00K,0.39%,0.05K,-4.12%,24.51K,0.16%,2.09K,5.11%,-,-0.46%,65.24K,1.15%,-,-0.44%,7.66K,0.48%
167,2019-05-14,1,1,0,1,1,1,1,1,751.67K,1.21%,0.04K,1.09%,26.04K,-0.23%,1.32K,6.16%,-,1.26%,-,2.20%,-,3.27%,5.81K,0.18%
168,2019-05-13,0,0,0,0,0,0,1,0,1.00M,-1.01%,0.07K,-1.05%,45.66K,-2.40%,0.73K,-0.24%,-,-3.77%,0.03K,-0.57%,-,2.98%,7.23K,-1.94%
169,2019-05-10,0,0,1,1,0,1,0,1,786.49K,-0.06%,0.05K,-0.18%,44.45K,0.45%,-,2.62%,-,-2.35%,0.20K,0.61%,-,-1.08%,6.77K,0.07%
170,2019-05-09,0,1,1,0,0,0,0,0,769.58K,-0.68%,0.08K,1.72%,41.76K,0.79%,-,-0.55%,-,-3.06%,0.16K,-1.39%,-,-2.00%,11.27K,-0.18%
171,2019-05-08,1,1,0,1,0,0,0,0,791.77K,1.17%,0.08K,1.26%,45.60K,-1.07%,-,3.12%,-,-1.13%,0.80K,-0.37%,-,-0.68%,14.11K,-0.43%
172,2019-05-07,0,0,0,0,0,0,1,0,842.81K,-1.37%,0.09K,-1.25%,44.66K,0.00%,0.00K,-0.71%,-,-0.44%,0.61K,-0.11%,-,0.69%,9.95K,-1.69%
173,2019-05-06,1,0,0,0,0,0,1,1,768.81K,0.50%,0.05K,-2.12%,42.87K,-1.01%,0.01K,-1.64%,-,-2.96%,0.68K,-1.83%,-,1.19%,4.17K,0.53%
174,2019-05-03,1,1,0,1,1,0,0,1,646.87K,0.21%,0.15K,0.17%,33.44K,-0.22%,-,0.52%,-,0.37%,1.48K,-0.59%,-,-1.57%,8.28K,1.32%
175,2019-05-02,0,1,0,0,0,0,1,0,914.66K,-2.81%,0.17K,2.78%,32.78K,-0.18%,0.08K,-1.17%,-,-1.57%,2.17K,-0.55%,-,1.89%,8.74K,-0.99%
176,2019-05-01,0,0,0,0,0,0,1,0,676.87K,-0.49%,0.14K,-1.99%,31.52K,-7.98%,0.07K,-0.79%,-,-0.17%,4.33K,-0.73%,-,1.75%,6.97K,-3.49%
177,2019-04-30,1,1,0,0,0,0,0,1,750.49K,0.65%,0.31K,0.35%,0.33K,-0.82%,0.56K,-1.96%,-,-0.26%,6.77K,-1.08%,-,-1.15%,2.67K,0.27%
178,2019-04-29,1,0,1,0,0,1,0,1,654.08K,0.32%,0.24K,-2.72%,0.93K,0.18%,0.65K,-3.11%,-,-0.89%,38.43K,1.31%,-,-0.20%,4.34K,0.07%
179,2019-04-26,0,1,1,0,0,0,1,1,1.00M,-2.93%,0.24K,1.95%,1.47K,0.40%,1.01K,-0.94%,-,-0.86%,57.58K,-0.43%,-,0.20%,2.59K,0.93%
180,2019-04-25,0,1,0,1,1,0,1,0,603.00K,-1.03%,0.50K,4.35%,2.99K,-2.15%,0.83K,0.30%,-,1.53%,37.96K,-1.00%,-,0.55%,4.03K,-1.60%
181,2019-04-24,0,1,0,0,0,0,0,1,678.39K,-0.62%,0.67K,4.32%,4.10K,-1.21%,1.12K,-0.54%,-,-0.89%,40.86K,-0.50%,-,-1.40%,3.19K,0.48%
182,2019-04-23,1,0,0,0,0,0,1,0,700.60K,0.91%,0.66K,-2.69%,2.42K,-0.14%,1.04K,-4.76%,-,-0.74%,64.57K,-2.23%,-,0.46%,5.35K,-0.24%
183,2019-04-22,1,0,1,0,1,0,0,1,30.14K,2.66%,0.38K,-3.26%,2.43K,4.77%,0.37K,-1.12%,-,1.40%,68.30K,-0.38%,-,-2.05%,1.42K,0.38%
184,2019-04-18,1,0,1,0,0,1,0,0,148.24K,0.38%,0.34K,-0.94%,3.76K,1.26%,1.00K,-2.19%,-,-1.06%,66.95K,1.19%,-,-0.50%,2.92K,-1.47%
185,2019-04-17,0,1,0,1,1,0,1,1,235.38K,-0.45%,0.66K,0.92%,6.12K,-0.18%,1.59K,2.05%,-,0.31%,77.77K,-0.91%,-,0.56%,5.40K,1.05%
186,2019-04-16,1,0,1,0,1,0,0,0,547.47K,1.03%,0.76K,-3.51%,3.90K,0.67%,2.12K,-2.18%,-,1.66%,46.33K,-0.31%,-,-3.16%,2.95K,-0.10%
187,2019-04-15,0,0,0,1,0,0,0,0,555.86K,-0.77%,0.43K,-0.20%,10.35K,-0.20%,1.49K,2.95%,-,-1.78%,52.30K,-0.48%,-,-1.16%,4.80K,-0.27%
188,2019-04-12,1,1,1,0,1,0,1,1,625.59K,0.49%,0.43K,2.47%,11.05K,0.44%,1.48K,-0.42%,-,1.36%,32.05K,-0.10%,-,0.60%,2.56K,1.85%
189,2019-04-11,0,0,1,0,0,0,1,0,760.50K,-1.59%,0.24K,-0.61%,5.55K,0.10%,1.17K,-1.34%,-,-0.75%,76.06K,-0.31%,-,0.87%,5.28K,-1.25%
190,2019-04-10,1,1,0,0,0,1,0,0,722.22K,0.98%,0.30K,0.71%,4.22K,-0.02%,1.52K,-0.73%,-,-0.60%,50.38K,0.10%,-,-0.27%,5.39K,-0.17%
191,2019-04-09,0,0,1,0,0,1,0,1,790.68K,-0.65%,0.63K,-1.59%,3.28K,0.08%,1.77K,-1.84%,-,-1.08%,76.91K,0.55%,-,-1.02%,6.10K,0.10%
192,2019-04-08,1,0,0,0,1,0,0,1,895.77K,2.09%,0.38K,-2.07%,12.54K,-0.20%,2.40K,-4.54%,-,0.69%,66.49K,-1.10%,-,-1.07%,4.02K,1.30%
193,2019-04-05,1,0,0,0,1,0,0,0,686.86K,1.58%,0.40K,-2.08%,13.52K,-1.18%,1.03K,-0.81%,-,1.23%,56.59K,-0.17%,-,-0.66%,5.51K,-0.38%
194,2019-04-04,0,0,1,0,1,1,0,0,684.97K,-0.58%,0.24K,-1.34%,12.97K,1.41%,1.33K,-2.24%,-,0.42%,71.70K,1.39%,-,-0.11%,1.72K,-1.25%
195,2019-04-03,0,1,0,0,0,0,1,1,799.67K,-0.19%,0.36K,1.47%,8.23K,-0.40%,0.48K,-1.03%,-,-0.27%,44.20K,-0.55%,-,1.56%,1.98K,1.33%
196,2019-04-02,1,0,1,0,1,1,1,0,793.23K,1.61%,0.50K,-1.59%,8.02K,0.08%,0.59K,-1.58%,-,0.04%,51.14K,1.37%,-,0.27%,2.63K,-0.54%
197,2019-04-01,1,1,1,1,0,1,1,0,670.81K,2.41%,0.38K,1.53%,6.73K,0.38%,0.88K,3.09%,-,-0.40%,59.96K,0.74%,-,0.93%,3.01K,-0.30%
198,2019-03-29,1,0,0,0,1,0,0,1,705.56K,1.42%,0.62K,-3.92%,7.94K,-0.65%,0.95K,-3.15%,-,2.16%,55.08K,-0.94%,-,-0.94%,2.10K,2.04%
199,2019-03-28,0,1,1,1,0,0,0,1,712.21K,-0.19%,0.54K,2.26%,7.95K,0.22%,0.94K,0.65%,-,-1.33%,42.91K,-0.66%,-,-1.22%,0.83K,0.38%
200,2019-03-27,0,0,0,0,0,1,0,1,732.15K,-0.88%,0.19K,-0.70%,13.54K,-0.51%,1.16K,-4.28%,-,-1.18%,69.92K,0.59%,-,-0.05%,0.36K,0.21%
201,2019-03-26,1,1,0,0,1,0,1,0,685.99K,1.90%,0.29K,1.71%,8.51K,-0.53%,1.38K,-0.27%,-,0.15%,54.62K,-0.59%,-,0.16%,0.95K,-0.21%
202,2019-03-25,0,0,0,0,1,1,1,1,705.40K,-0.37%,0.39K,-1.44%,13.87K,-1.66%,1.33K,-0.77%,-,1.53%,51.17K,0.56%,-,0.97%,1.46K,0.49%
203,2019-03-22,0,0,0,1,0,0,0,0,738.84K,-1.57%,0.49K,-2.67%,14.41K,-0.13%,0.91K,1.84%,-,-0.74%,65.57K,-1.51%,-,-0.03%,2.08K,-2.08%
204,2019-03-21,1,0,1,0,1,0,1,0,655.38K,0.25%,0.26K,-0.71%,13.56K,0.25%,1.63K,-2.00%,-,2.17%,50.88K,-0.58%,-,0.11%,0.44K,-0.48%
205,2019-03-20,1,0,1,1,0,1,1,0,31.13K,1.36%,0.24K,-1.14%,13.95K,0.35%,0.87K,0.66%,-,-0.15%,47.99K,0.10%,-,1.75%,1.04K,0.00%
206,2019-03-19,0,0,1,1,1,0,0,1,114.82K,-0.10%,0.21K,-1.31%,27.88K,0.62%,0.90K,0.58%,-,0.44%,51.39K,-0.68%,-,-0.16%,0.47K,0.44%
207,2019-03-18,1,0,0,1,0,0,0,1,157.24K,0.97%,0.25K,-2.47%,37.28K,-0.60%,1.07K,1.66%,-,-0.28%,37.85K,-0.03%,-,-0.62%,0.60K,0.14%
208,2019-03-15,0,1,1,1,1,0,1,1,507.39K,-0.15%,0.02K,2.01%,32.26K,1.33%,0.61K,1.20%,-,1.57%,58.46K,-0.34%,-,1.74%,1.13K,0.58%
209,2019-03-14,1,0,1,1,0,0,1,0,567.60K,0.60%,0.05K,-1.11%,27.69K,0.57%,1.07K,1.17%,-,-1.85%,-,-1.27%,-,1.06%,1.65K,-1.32%
210,2019-03-13,1,1,1,0,1,1,0,1,610.62K,2.44%,0.04K,0.20%,41.89K,0.02%,2.01K,-0.04%,-,1.22%,-,0.44%,-,-1.05%,1.14K,0.20%
211,2019-03-12,1,0,0,1,1,1,1,1,652.80K,0.14%,0.03K,-1.02%,55.42K,-1.82%,1.82K,9.34%,-,2.20%,0.32K,1.29%,-,5.73%,0.87K,0.93%
212,2019-03-11,1,1,0,1,0,1,0,1,597.16K,1.28%,0.03K,2.75%,36.42K,-0.52%,0.01K,1.26%,-,-0.15%,0.49K,0.03%,-,-2.84%,1.67K,0.21%
213,2019-03-08,0,1,1,0,1,0,1,0,747.36K,-1.04%,0.05K,0.54%,35.86K,0.56%,0.00K,-0.36%,-,0.29%,0.69K,-0.07%,-,0.09%,0.87K,-0.72%
214,2019-03-07,1,1,1,0,0,0,0,0,628.82K,0.78%,0.14K,5.13%,34.57K,0.04%,0.00K,-0.22%,-,-1.63%,0.54K,-0.34%,-,-2.61%,1.70K,-0.24%
215,2019-03-06,0,1,1,0,0,0,0,0,637.68K,-0.60%,0.15K,2.42%,19.75K,0.06%,0.01K,-0.40%,-,-0.31%,1.29K,-0.74%,-,-3.07%,2.86K,-0.37%
216,2019-03-05,0,0,1,0,1,0,1,1,538.40K,-0.05%,0.07K,-1.83%,23.16K,0.37%,0.15K,-1.49%,-,1.94%,1.26K,-0.17%,-,1.87%,1.01K,0.79%
217,2019-03-04,1,0,0,1,0,0,0,0,549.40K,1.42%,0.20K,-3.37%,39.81K,-0.93%,0.01K,0.26%,-,-1.02%,1.76K,-0.57%,-,-0.35%,0.91K,-0.71%
218,2019-03-01,0,0,0,0,1,0,0,0,684.19K,-2.48%,0.19K,-1.61%,38.07K,-0.31%,0.11K,-0.22%,-,1.54%,3.77K,-0.03%,-,-0.36%,1.04K,-0.57%
219,2019-02-28,1,0,1,1,1,1,0,0,496.68K,0.49%,0.23K,-0.80%,0.41K,0.43%,0.71K,1.02%,-,0.46%,5.21K,0.54%,-,-1.77%,2.21K,-0.40%
220,2019-02-27,1,0,0,0,1,0,0,1,577.23K,2.59%,0.22K,0.00%,1.50K,-0.14%,0.88K,-3.00%,-,0.64%,26.24K,-0.96%,-,-0.16%,2.11K,0.37%
221,2019-02-26,1,0,1,0,0,0,0,1,538.92K,0.04%,0.32K,-1.82%,1.16K,0.80%,0.94K,-1.52%,-,-1.53%,43.39K,-0.89%,-,-0.95%,3.18K,0.17%
222,2019-02-25,0,0,0,0,1,0,0,1,723.01K,-3.11%,0.31K,-0.25%,2.00K,-0.10%,0.93K,-2.35%,-,0.25%,56.06K,-1.27%,-,-2.60%,2.65K,0.10%
223,2019-02-22,1,0,1,1,0,1,0,1,513.44K,0.53%,0.34K,-0.33%,1.73K,0.82%,1.32K,1.04%,-,-1.42%,37.58K,0.07%,-,-0.44%,4.42K,1.51%
224,2019-02-21,1,1,0,1,1,1,1,0,546.20K,0.07%,0.39K,2.37%,2.80K,-0.55%,0.73K,0.17%,-,2.52%,68.92K,1.77%,-,1.51%,2.39K,-0.58%
225,2019-02-20,1,0,1,1,0,1,0,1,37.68K,1.48%,0.53K,-2.11%,2.08K,0.35%,1.24K,0.88%,-,-0.10%,70.88K,0.74%,-,-1.89%,1.72K,1.31%
226,2019-02-19,0,0,1,1,1,0,0,1,153.73K,-0.32%,0.46K,-2.67%,3.03K,0.99%,2.55K,3.13%,-,0.46%,50.74K,-0.77%,-,-2.93%,5.19K,1.83%
227,2019-02-18,0,0,0,0,1,1,1,1,-,-0.11%,,,,,,,-,2.38%,-,0.03%,-,0.10%,-,0.78%
228,2019-02-17,1,0,0,0,0,1,0,0,-,1.33%,,,,,,,,,-,0.03%,-,-0.03%,-,-0.04%
229,2019-02-15,1,0,1,0,1,1,0,1,276.91K,2.17%,0.36K,-3.54%,4.89K,0.40%,1.94K,-2.12%,-,0.14%,34.42K,0.20%,-,-0.76%,0.66K,0.75%
230,2019-02-14,1,1,1,0,1,0,0,1,623.55K,0.95%,0.58K,1.66%,5.99K,0.14%,2.36K,-1.18%,-,0.44%,57.13K,-0.33%,-,-2.73%,1.67K,0.18%
231,2019-02-13,1,1,0,1,1,0,1,1,706.55K,1.51%,0.37K,3.74%,5.32K,-0.69%,1.41K,0.17%,-,0.01%,102.01K,-1.12%,-,0.29%,1.92K,0.07%
232,2019-02-12,1,0,0,1,0,1,1,0,708.31K,1.32%,0.33K,-0.67%,7.04K,-0.78%,1.58K,0.46%,-,-0.96%,73.83K,0.30%,-,0.34%,1.66K,-0.75%
233,2019-02-11,0,0,1,0,0,0,1,0,750.24K,-0.59%,0.46K,-3.58%,4.26K,0.35%,1.13K,-2.15%,-,-2.76%,77.72K,-2.04%,-,0.14%,3.10K,-0.85%
234,2019-02-08,1,0,1,1,0,1,1,0,621.00K,0.15%,0.36K,-1.27%,2.97K,0.85%,0.65K,0.92%,-,-0.40%,74.34K,0.19%,-,1.00%,3.40K,-0.53%
235,2019-02-07,0,0,0,0,0,0,0,0,749.01K,-2.54%,0.53K,-3.41%,3.77K,-0.08%,0.61K,-0.50%,-,-1.26%,77.87K,-0.29%,-,-2.19%,5.01K,-0.11%
236,2019-02-06,1,1,0,1,1,1,0,1,606.72K,0.65%,0.82K,0.14%,5.52K,-0.24%,0.54K,0.37%,-,0.29%,80.54K,1.71%,-,-0.62%,1.74K,0.53%
237,2019-02-05,0,1,1,1,1,1,1,1,609.76K,-1.65%,0.58K,3.54%,4.25K,0.78%,0.61K,0.80%,-,1.06%,43.09K,0.83%,-,0.43%,1.99K,0.82%
238,2019-02-04,0,1,1,0,0,1,1,1,622.47K,-1.27%,0.33K,1.12%,8.86K,0.22%,1.20K,-2.62%,-,-1.24%,51.35K,0.90%,-,0.14%,3.01K,0.61%
239,2019-02-01,1,1,1,1,0,0,1,0,689.57K,2.73%,0.50K,0.72%,11.00K,0.52%,1.08K,1.79%,-,-0.82%,80.66K,-0.93%,-,1.53%,3.32K,-0.43%
240,2019-01-31,0,0,0,1,0,0,0,1,718.65K,-0.81%,0.94K,-0.07%,16.34K,-1.07%,1.14K,2.65%,-,-0.23%,61.89K,-0.82%,-,-0.24%,2.09K,0.64%
241,2019-01-30,1,1,0,0,1,1,1,1,731.31K,1.73%,0.43K,3.74%,11.05K,-0.26%,0.81K,-0.38%,-,0.32%,50.55K,1.03%,-,0.78%,1.13K,1.38%
242,2019-01-29,1,1,1,0,1,0,0,1,660.53K,2.54%,0.64K,3.03%,10.67K,0.06%,0.76K,-0.76%,-,0.57%,55.42K,-0.63%,-,-0.82%,0.50K,1.62%
243,2019-01-28,0,1,1,0,0,1,0,0,650.67K,-3.17%,0.45K,2.15%,10.09K,0.28%,0.44K,-0.88%,-,-0.57%,54.25K,0.97%,-,-0.10%,0.71K,-1.56%
244,2019-01-25,1,1,1,1,1,1,0,1,593.39K,1.05%,0.84K,0.10%,14.49K,0.56%,0.43K,0.21%,-,1.34%,64.81K,1.76%,-,-0.07%,0.57K,2.88%
245,2019-01-24,1,1,0,1,0,1,0,0,714.42K,0.97%,0.63K,4.10%,10.62K,-0.16%,0.95K,1.06%,-,-0.54%,43.61K,0.44%,-,-1.09%,0.56K,-0.41%
246,2019-01-23,1,1,1,0,1,1,1,0,702.87K,0.10%,0.64K,0.74%,10.51K,0.34%,0.58K,-1.09%,-,0.70%,55.89K,1.10%,-,0.86%,0.79K,-0.07%
247,2019-01-22,0,1,0,0,0,1,1,1,46.03K,-3.08%,0.37K,2.40%,17.04K,-1.11%,1.01K,-0.54%,-,-0.85%,55.91K,0.17%,-,1.06%,1.67K,0.22%
248,2019-01-21,1,0,0,0,0,1,0,0,-,1.10%,,,,,,,-,-0.35%,-,0.21%,-,0.00%,-,-1.00%
249,2019-01-20,0,0,0,0,0,0,1,0,-,-0.28%,,,,,,,,,-,-0.21%,-,0.02%,-,-1.13%
250,2019-01-18,1,0,0,1,0,1,0,1,193.10K,3.32%,0.26K,-1.25%,19.65K,-0.45%,0.62K,0.29%,-,-0.43%,52.61K,0.83%,-,-0.50%,0.39K,1.29%
251,2019-01-17,0,0,0,0,1,1,1,1,288.56K,-0.46%,0.31K,-0.58%,16.49K,-0.57%,0.47K,-1.16%,-,1.42%,47.06K,1.91%,-,1.66%,0.64K,0.48%
252,2019-01-16,1,1,1,0,1,0,1,1,694.18K,0.38%,0.58K,6.32%,27.66K,0.69%,0.76K,-0.41%,-,1.29%,37.45K,-0.04%,-,0.25%,0.25K,1.24%
253,2019-01-15,1,1,1,1,0,0,0,0,664.18K,3.17%,0.02K,4.62%,37.37K,1.22%,0.79K,0.54%,-,-0.92%,49.35K,-0.63%,-,-0.88%,0.84K,-0.26%
254,2019-01-14,0,0,1,0,1,1,0,0,791.53K,-2.09%,0.07K,-1.07%,31.62K,0.36%,1.06K,-0.21%,-,0.65%,-,0.89%,-,-1.08%,0.51K,-1.08%
255,2019-01-11,0,0,1,0,0,1,1,1,812.34K,-1.90%,0.13K,-0.45%,43.19K,0.08%,0.73K,-1.05%,-,-0.47%,0.36K,0.82%,-,1.29%,0.30K,1.05%
256,2019-01-10,1,1,1,0,0,0,0,0,821.78K,0.44%,0.13K,1.69%,41.64K,0.06%,-,-1.03%,-,-0.36%,0.05K,-1.34%,-,-1.35%,1.04K,-0.71%
257,2019-01-09,1,0,0,1,1,1,1,1,891.92K,5.18%,0.11K,-0.61%,40.13K,-0.40%,0.00K,1.02%,-,2.17%,0.18K,0.50%,-,0.43%,0.37K,0.07%
258,2019-01-08,1,1,1,1,0,0,1,1,765.98K,2.60%,0.21K,0.52%,59.41K,1.70%,0.00K,0.29%,-,-1.81%,0.93K,-0.28%,-,0.19%,1.24K,0.94%
259,2019-01-07,1,1,1,1,1,0,0,0,819.94K,1.17%,0.10K,0.37%,32.80K,1.05%,0.05K,0.54%,-,0.57%,0.23K,-1.33%,-,-0.29%,0.78K,-0.34%
260,2019-01-04,1,0,0,0,1,1,1,1,817.28K,1.85%,0.05K,-0.83%,28.17K,-1.05%,0.06K,-0.29%,-,2.26%,0.66K,0.82%,-,0.49%,0.62K,2.89%
261,2019-01-03,1,0,0,0,1,1,1,0,788.72K,1.18%,0.22K,-0.82%,29.04K,-0.24%,0.01K,-0.61%,-,0.16%,0.35K,1.00%,-,1.43%,1.08K,-2.04%
262,2019-01-02,1,0,0,0,0,1,1,0,850.48K,1.42%,0.21K,-1.05%,29.28K,-1.02%,0.01K,-2.20%,-,-2.08%,1.97K,1.27%,-,0.70%,0.59K,-0.19%
263,2019-01-01,1,0,0,0,0,0,0,1,-,1.06%,,,,,,,,,,,,,-,0.23%
264,2018-12-31,1,1,1,0,0,0,0,0,476.97K,0.18%,0.14K,0.30%,0.32K,0.58%,0.20K,-0.67%,-,0.00%,8.25K,-1.47%,-,-1.61%,0.09K,-1.71%
265,2018-12-28,1,0,1,1,1,1,1,1,564.39K,1.61%,0.14K,-0.36%,0.82K,0.94%,0.45K,1.78%,-,0.33%,21.53K,0.77%,-,0.05%,0.13K,0.30%
266,2018-12-27,0,1,1,0,0,0,0,0,665.59K,-3.48%,0.15K,0.09%,1.47K,1.30%,0.54K,-3.43%,-,-1.92%,32.67K,-0.18%,-,-0.24%,0.14K,-1.14%
267,2018-12-26,1,0,1,0,1,0,0,1,698.41K,7.09%,0.11K,-0.86%,0.96K,0.39%,0.51K,-0.35%,-,1.35%,28.58K,-1.37%,-,-0.73%,0.02K,2.03%
268,2018-12-25,1,0,0,0,0,0,0,0,-,1.48%,,,,,,,,,,,,,-,-0.49%
269,2018-12-24,0,1,0,0,0,0,1,0,415.86K,-6.71%,0.19K,0.03%,0.74K,0.00%,0.36K,-1.38%,-,-1.04%,20.31K,-0.54%,-,0.98%,0.20K,-0.34%
270,2018-12-21,0,1,1,0,0,0,0,0,694.00K,-0.63%,0.47K,0.12%,1.68K,0.54%,1.08K,-0.80%,-,-2.67%,46.50K,-1.10%,-,-1.67%,0.23K,-0.92%
271,2018-12-20,0,0,1,0,0,0,0,0,794.13K,-2.80%,0.49K,-0.30%,2.21K,0.42%,1.69K,-3.52%,-,-1.87%,48.42K,-0.91%,-,-0.29%,0.15K,-0.51%
272,2018-12-19,1,1,0,0,0,1,0,1,37.16K,2.08%,0.67K,3.23%,1.47K,-0.04%,1.08K,-0.62%,-,-1.47%,54.23K,0.18%,-,-1.55%,0.46K,1.72%
273,2018-12-18,0,1,1,0,0,1,0,0,120.10K,-7.30%,0.45K,1.43%,2.08K,0.63%,1.00K,-1.76%,-,-0.83%,64.52K,0.85%,-,-0.51%,1.56K,-3.29%
274,2018-12-17,0,0,0,1,0,0,1,0,211.26K,-2.58%,0.50K,-0.28%,2.25K,-0.46%,1.68K,0.32%,-,-1.43%,67.29K,-1.12%,-,0.94%,0.48K,-0.07%
275,2018-12-14,0,0,1,1,1,0,0,1,526.84K,-2.62%,0.18K,-0.50%,3.73K,0.10%,1.00K,0.36%,-,0.16%,-,-1.32%,-,-1.12%,0.45K,0.18%
276,2018-12-13,1,1,1,1,0,0,1,0,733.63K,2.80%,0.24K,0.31%,2.24K,0.27%,0.74K,0.11%,-,-0.60%,-,-1.27%,-,1.90%,0.26K,-0.04%
277,2018-12-12,0,1,1,1,0,1,1,0,730.81K,-0.97%,0.30K,1.83%,2.82K,0.63%,0.99K,0.51%,-,-0.10%,-,1.71%,-,0.91%,0.42K,-0.18%
278,2018-12-11,1,0,1,0,1,1,0,1,665.26K,1.27%,0.28K,-0.22%,2.80K,0.68%,0.93K,-1.15%,-,0.26%,0.07K,0.67%,-,-0.62%,0.80K,1.13%
279,2018-12-10,0,0,0,0,0,0,0,0,733.23K,-3.06%,0.47K,-4.46%,8.09K,-0.28%,1.19K,-2.59%,-,-0.55%,0.64K,-0.63%,-,-1.22%,0.23K,-1.26%
280,2018-12-07,1,1,0,1,1,1,1,1,987.72K,2.18%,0.39K,3.88%,10.27K,-0.04%,0.51K,1.13%,-,1.52%,0.68K,0.11%,-,3.05%,0.65K,0.33%
281,2018-12-06,0,0,0,0,0,0,0,0,987.27K,-2.65%,0.22K,-0.71%,7.26K,-0.30%,1.05K,-1.67%,-,-2.48%,1.27K,-0.35%,-,-0.39%,0.79K,-1.14%
282,2018-12-05,0,0,1,0,1,0,0,1,624.91K,-0.68%,0.33K,-1.92%,8.98K,0.45%,0.72K,-0.21%,-,1.60%,1.44K,-0.24%,-,-0.96%,0.27K,0.32%
283,2018-12-04,1,0,1,1,0,1,1,0,738.13K,0.57%,0.33K,-2.00%,9.53K,0.77%,0.91K,0.63%,-,-0.09%,1.71K,1.17%,-,0.72%,0.21K,-1.34%
284,2018-12-03,1,1,0,0,1,1,1,1,758.01K,3.97%,0.57K,3.37%,8.62K,-0.04%,0.84K,-0.45%,-,1.29%,2.10K,1.76%,-,0.73%,0.44K,0.96%
285,2018-11-30,0,0,1,0,1,1,1,0,796.71K,-1.01%,0.49K,-1.76%,8.46K,0.28%,1.16K,-0.42%,-,0.14%,7.29K,0.51%,-,1.53%,0.15K,-0.18%
286,2018-11-29,1,0,0,1,0,0,0,0,812.72K,2.31%,0.81K,-2.08%,12.57K,-0.15%,1.63K,3.47%,-,-0.08%,42.74K,-0.18%,-,-0.68%,0.22K,-0.71%
287,2018-11-28,0,0,1,1,1,1,1,1,831.69K,-2.46%,0.48K,-2.74%,7.17K,0.06%,0.47K,0.29%,-,1.23%,37.17K,2.10%,-,0.94%,0.63K,2.84%
288,2018-11-27,0,0,0,0,0,1,0,0,764.01K,-0.14%,0.43K,-2.67%,8.08K,-0.19%,0.91K,-0.54%,-,-0.74%,51.89K,0.74%,-,-1.36%,0.19K,-1.51%
289,2018-11-26,1,0,0,0,1,0,1,0,663.11K,2.40%,0.23K,-1.82%,9.50K,-0.15%,0.59K,-1.09%,-,1.46%,71.77K,-2.50%,-,2.75%,0.37K,-0.29%
290,2018-11-23,0,0,1,1,0,0,1,0,1.01M,-6.66%,0.18K,-0.93%,8.28K,0.60%,1.00K,1.00%,-,-1.92%,38.97K,-0.54%,-,0.35%,0.48K,-0.07%
291,2018-11-22,0,0,0,0,0,0,0,0,-,-1.12%,,,,,,,,,,,-,0.00%,-,-0.29%
292,2018-11-21,1,1,1,1,1,1,0,1,734.28K,2.25%,0.32K,2.72%,19.13K,0.61%,0.73K,0.72%,-,1.77%,68.67K,1.68%,-,-0.55%,0.50K,1.04%
293,2018-11-20,0,0,0,0,0,1,1,0,983.12K,-5.87%,0.17K,-0.70%,13.01K,-0.39%,0.69K,-0.82%,-,-0.87%,57.38K,0.07%,-,0.55%,1.12K,-0.54%
294,2018-11-19,1,1,1,1,0,0,0,0,33.58K,0.53%,0.36K,2.02%,15.23K,0.69%,1.69K,2.22%,-,-0.27%,70.15K,-0.18%,-,-1.73%,1.51K,-0.78%
295,2018-11-16,0,1,1,1,1,0,1,1,159.00K,0.00%,0.33K,6.81%,20.03K,0.17%,1.50K,3.16%,-,0.10%,53.18K,-1.16%,-,0.25%,1.15K,0.93%
296,2018-11-15,1,1,1,0,0,1,1,1,256.50K,0.37%,0.06K,1.83%,19.47K,0.48%,0.71K,-0.34%,-,-0.15%,48.16K,0.44%,-,0.35%,0.50K,0.98%
297,2018-11-14,1,1,0,0,1,1,0,1,844.70K,1.01%,0.17K,4.16%,20.90K,-0.67%,0.96K,-0.45%,-,0.82%,58.85K,0.07%,-,-0.54%,0.32K,0.62%
298,2018-11-13,0,0,1,0,0,0,0,1,1.10M,-7.07%,0.09K,-5.31%,38.90K,0.39%,0.74K,-0.96%,-,-0.77%,56.37K,-0.58%,-,-2.36%,0.50K,0.55%
299,2018-11-12,0,0,1,0,1,1,1,0,806.22K,-0.43%,0.04K,-1.06%,35.03K,0.31%,0.48K,-0.61%,-,0.17%,48.79K,0.33%,-,3.29%,1.07K,-0.22%
300,2018-11-09,0,0,0,0,0,0,0,0,821.73K,-0.79%,0.08K,-0.27%,54.69K,-1.69%,-,-0.04%,-,-1.04%,92.84K,-1.43%,-,-0.99%,0.22K,-2.04%
301,2018-11-08,0,1,1,0,1,0,0,0,764.55K,-1.62%,0.05K,1.31%,42.72K,0.39%,-,-0.38%,-,0.15%,54.29K,-0.64%,-,-0.44%,0.08K,-0.57%
302,2018-11-07,0,0,1,1,1,1,0,1,866.63K,-0.87%,0.04K,-2.30%,43.38K,0.58%,0.01K,0.59%,-,1.85%,60.89K,1.08%,-,-0.34%,0.07K,0.83%
303,2018-11-06,0,1,1,0,0,0,1,0,761.24K,-1.41%,0.09K,1.64%,26.82K,0.09%,0.01K,-0.95%,-,-1.73%,60.78K,0.00%,-,0.89%,0.36K,-0.96%
304,2018-11-05,0,0,0,1,1,0,0,0,609.13K,-0.06%,0.10K,-2.94%,43.26K,-1.49%,0.01K,0.22%,-,0.03%,55.45K,-1.13%,-,-0.34%,0.38K,-1.58%
305,2018-11-02,0,1,0,1,0,0,0,1,708.91K,-0.86%,0.59K,4.36%,25.56K,-0.04%,0.02K,0.66%,-,-0.37%,50.62K,-0.42%,-,-0.05%,0.77K,2.88%
306,2018-11-01,0,1,1,1,1,1,1,1,790.29K,-2.48%,0.26K,4.59%,25.95K,1.10%,0.01K,0.33%,-,2.89%,70.42K,1.07%,-,1.60%,0.13K,2.36%
307,2018-10-31,0,1,1,1,0,1,1,0,666.49K,-1.31%,0.28K,1.86%,0.40K,1.71%,0.26K,0.11%,-,-0.04%,49.30K,0.07%,-,0.30%,0.01K,-0.40%
308,2018-10-30,0,0,0,0,0,1,0,0,680.44K,-1.28%,0.21K,-0.39%,0.46K,-0.35%,0.32K,-1.92%,-,-0.36%,51.20K,0.39%,-,-1.24%,0.18K,-2.78%
309,2018-10-29,0,0,1,1,0,0,0,1,477.49K,-0.81%,0.15K,-0.23%,0.90K,0.37%,0.44K,1.92%,-,-1.77%,47.81K,-1.10%,-,-1.08%,0.14K,0.14%
310,2018-10-26,1,0,1,0,1,0,1,0,595.21K,0.39%,0.40K,-0.65%,2.13K,0.46%,0.37K,-1.85%,-,1.11%,48.26K,-0.81%,-,3.64%,0.22K,-0.67%
311,2018-10-25,1,1,1,0,1,0,0,0,573.10K,0.76%,0.44K,1.77%,2.03K,0.07%,0.46K,-1.29%,-,0.82%,52.34K,-0.77%,-,-2.65%,0.18K,-0.18%
312,2018-10-24,1,0,1,1,0,0,0,0,775.96K,0.59%,0.39K,-2.87%,3.88K,0.44%,0.58K,1.60%,-,-2.46%,57.04K,-0.52%,-,-2.01%,0.26K,-0.11%
313,2018-10-23,0,0,0,0,0,0,1,0,853.27K,-3.96%,0.26K,-1.60%,2.16K,-0.02%,0.57K,-0.11%,-,-1.26%,42.52K,-1.34%,-,0.39%,1.05K,-0.63%
314,2018-10-22,1,0,1,0,1,1,0,1,27.42K,0.07%,0.44K,-2.30%,3.83K,0.49%,1.07K,-1.15%,-,2.70%,40.26K,0.21%,-,-0.88%,0.30K,0.25%
315,2018-10-19,1,1,0,0,0,1,1,1,108.31K,0.68%,0.25K,1.34%,7.95K,-0.73%,1.03K,-2.31%,-,-0.15%,47.67K,0.41%,-,0.19%,0.10K,1.00%
316,2018-10-18,0,0,1,1,1,0,0,0,215.34K,-1.58%,0.49K,-3.63%,6.83K,0.13%,0.70K,0.04%,-,0.21%,48.99K,-1.83%,-,-0.48%,0.98K,-0.88%
317,2018-10-17,0,0,1,0,0,0,0,0,651.58K,-3.02%,0.30K,-1.82%,2.89K,0.24%,1.04K,-1.62%,-,-0.68%,44.52K,-0.34%,-,-1.10%,0.26K,-0.25%
318,2018-10-16,1,1,0,1,0,0,0,0,535.00K,0.20%,0.68K,4.52%,8.34K,-0.64%,1.56K,0.17%,-,-0.44%,52.22K,-0.34%,-,-0.76%,0.34K,-0.04%
319,2018-10-15,1,1,1,1,1,1,1,0,568.61K,0.62%,0.52K,1.59%,14.07K,0.93%,0.79K,0.49%,-,0.50%,48.74K,1.09%,-,1.25%,1.17K,-0.21%
320,2018-10-12,1,0,0,1,1,0,1,0,626.67K,0.52%,0.73K,-1.26%,5.47K,-0.27%,0.89K,1.02%,-,2.10%,89.03K,-2.23%,-,1.97%,0.73K,-0.18%
321,2018-10-11,0,0,1,0,0,0,0,1,783.96K,-3.01%,0.52K,-4.42%,4.31K,0.49%,1.35K,-0.70%,-,-0.08%,0.11K,-0.69%,-,-0.54%,0.87K,0.81%
322,2018-10-10,0,0,0,1,0,0,0,0,652.74K,-2.39%,0.57K,-2.81%,20.84K,-1.12%,1.28K,0.91%,-,-0.21%,-,-0.14%,-,-1.11%,0.55K,-1.08%
323,2018-10-09,1,0,0,0,0,0,1,1,623.54K,0.90%,0.42K,-1.27%,3.71K,-0.72%,1.10K,-1.86%,-,-0.76%,0.16K,-1.23%,-,0.63%,0.62K,1.17%
324,2018-10-08,0,1,1,1,1,0,0,1,554.94K,-0.07%,0.19K,0.91%,6.96K,0.33%,0.92K,1.33%,-,1.93%,0.42K,-0.10%,-,-2.15%,0.34K,0.11%
325,2018-10-05,1,0,1,0,1,0,1,0,613.22K,0.01%,0.60K,-3.07%,11.15K,0.15%,0.84K,-0.97%,-,0.13%,0.39K,-0.68%,-,1.11%,0.56K,-0.28%
326,2018-10-04,0,1,1,0,0,0,1,0,687.95K,-2.72%,0.57K,2.21%,9.25K,0.38%,1.18K,-1.30%,-,-0.59%,1.01K,-0.81%,-,0.19%,0.74K,-1.94%
327,2018-10-03,1,1,0,0,1,1,0,1,698.82K,1.57%,0.71K,2.11%,9.26K,-0.68%,1.03K,-0.17%,-,0.28%,1.00K,0.54%,-,-1.15%,0.65K,1.26%
328,2018-10-02,0,1,1,1,0,1,1,1,463.62K,-0.09%,0.68K,2.64%,10.29K,0.26%,1.03K,0.44%,-,-0.09%,1.80K,1.21%,-,2.30%,0.51K,0.53%
329,2018-10-01,1,0,1,0,0,1,0,0,601.45K,2.80%,0.67K,-2.03%,9.70K,0.20%,0.82K,-1.02%,-,-0.10%,1.02K,0.07%,-,-0.34%,0.35K,-0.42%
330,2018-09-28,1,0,1,1,0,0,0,1,544.05K,1.57%,0.65K,-4.17%,9.49K,0.20%,0.40K,0.51%,-,-1.71%,1.98K,-0.62%,-,-0.34%,1.13K,0.64%
331,2018-09-27,1,1,0,0,0,1,0,0,454.55K,0.77%,0.71K,2.39%,12.52K,-0.57%,0.69K,-0.64%,-,-1.08%,32.94K,1.33%,-,-1.11%,1.52K,-1.60%
332,2018-09-26,0,1,1,0,0,1,0,1,464.46K,-0.98%,0.65K,4.19%,12.58K,1.36%,0.70K,-1.34%,-,-0.52%,47.29K,0.39%,-,-0.77%,0.65K,0.28%
333,2018-09-25,1,0,1,1,1,1,0,0,551.28K,0.28%,0.38K,-0.80%,6.29K,0.16%,0.78K,2.29%,-,0.52%,39.42K,0.39%,-,-0.52%,1.25K,-0.45%
334,2018-09-24,1,0,0,0,0,0,1,0,576.89K,1.84%,0.27K,-0.21%,12.94K,-0.80%,0.37K,-0.54%,-,-0.73%,29.90K,-0.25%,-,0.67%,1.37K,-0.55%
335,2018-09-21,0,0,1,0,1,1,1,1,855.94K,-0.03%,0.34K,-1.36%,10.16K,0.56%,0.42K,-0.10%,-,0.87%,27.52K,1.78%,-,0.29%,1.69K,3.83%
336,2018-09-20,0,0,0,1,0,1,0,1,28.40K,-0.45%,0.70K,-0.63%,17.68K,-0.57%,0.66K,0.55%,-,-0.33%,26.43K,1.28%,-,-0.43%,0.78K,0.18%
337,2018-09-19,1,0,0,0,1,1,1,0,125.21K,1.82%,0.38K,-0.26%,14.10K,-0.11%,1.29K,-0.14%,-,0.13%,17.40K,0.48%,-,2.40%,0.80K,0.00%
338,2018-09-18,1,0,0,0,0,0,1,1,234.20K,1.36%,0.52K,-4.13%,18.54K,-0.18%,1.70K,-3.74%,-,-3.34%,12.17K,-1.13%,-,0.54%,2.64K,2.46%
339,2018-09-17,0,0,0,0,0,0,0,1,422.29K,-0.12%,0.57K,-13.55%,39.65K,-0.33%,0.54K,-0.65%,-,-0.61%,5.50K,-1.22%,-,-1.07%,0.82K,0.18%
340,2018-09-14,1,0,1,0,1,1,1,0,611.08K,0.58%,0.06K,-3.38%,47.52K,2.71%,0.39K,-0.07%,-,0.42%,-,1.24%,-,3.02%,0.36K,-1.34%
341,2018-09-13,0,1,0,0,0,0,0,1,684.94K,-2.53%,0.11K,0.32%,37.00K,-0.61%,0.32K,-0.16%,-,-1.42%,0.29K,-1.89%,-,-1.78%,0.18K,2.80%
342,2018-09-12,1,0,1,0,0,1,0,1,800.54K,1.62%,0.17K,-2.21%,52.54K,1.99%,0.73K,-2.13%,-,-0.27%,-,0.87%,-,-2.79%,121.30K,2.06%
343,2018-09-11,1,0,0,0,0,0,0,0,676.87K,2.53%,0.13K,-0.43%,37.81K,-0.77%,0.41K,-1.10%,-,-1.19%,0.58K,-1.07%,-,-1.75%,101.40K,-2.85%
344,2018-09-10,0,1,1,0,1,0,1,1,571.17K,-0.31%,0.19K,1.46%,31.25K,0.18%,0.03K,-0.38%,-,2.30%,0.69K,-0.78%,-,3.17%,0.09K,2.90%
345,2018-09-07,0,1,1,1,1,0,0,0,530.90K,-0.03%,0.18K,0.67%,29.58K,0.96%,0.02K,2.01%,-,0.87%,0.92K,-0.78%,-,-0.05%,96.17K,-3.28%
346,2018-09-06,0,0,0,0,0,0,0,1,633.82K,-1.38%,0.29K,-2.16%,23.77K,-0.14%,0.01K,-0.13%,-,-0.57%,0.93K,-0.07%,-,-1.72%,0.06K,1.04%
347,2018-09-05,0,0,0,0,0,0,0,1,542.10K,-1.65%,0.22K,-0.76%,28.53K,-0.75%,0.02K,-1.29%,-,-1.23%,1.84K,-0.74%,-,-1.51%,0.08K,0.15%
348,2018-09-04,0,1,1,1,1,0,0,1,785.98K,-0.36%,0.18K,2.54%,35.62K,2.04%,0.02K,0.51%,-,0.60%,2.11K,-1.46%,-,-1.58%,0.19K,0.34%
349,2018-09-03,1,0,0,0,0,1,0,0,-,0.29%,,,,,,,,,-,0.28%,-,-1.42%,,
350,2018-09-02,1,0,0,0,0,0,0,0,-,0.17%,,,,,,,,,,,,,,
351,2018-08-31,0,1,0,1,1,1,1,0,419.74K,-0.64%,0.44K,1.86%,516.53K,-1.94%,0.24K,0.54%,-,0.06%,295.55K,1.59%,-,2.01%,101.55K,-4.23%
352,2018-08-30,1,0,1,1,0,1,0,1,445.58K,1.06%,0.33K,-1.45%,0.74K,0.57%,0.39K,1.62%,-,-0.63%,14.81K,0.89%,-,-1.88%,0.27K,1.94%
353,2018-08-29,1,0,1,1,0,0,1,0,497.10K,1.43%,0.27K,-2.51%,1.01K,1.28%,0.24K,0.13%,-,-0.96%,23.12K,-0.53%,-,4.50%,73.26K,-3.29%
354,2018-08-28,0,1,0,0,1,0,0,1,426.83K,-0.49%,0.20K,2.17%,0.68K,-0.37%,0.44K,-2.37%,-,0.42%,27.80K,-0.67%,-,-0.05%,0.06K,0.86%
355,2018-08-27,1,0,1,1,1,1,1,1,332.61K,0.22%,0.36K,-0.95%,0.96K,1.84%,0.34K,1.22%,-,1.89%,32.69K,0.78%,-,1.80%,0.01K,0.29%
356,2018-08-24,1,0,0,1,1,1,0,1,517.80K,1.31%,0.53K,-0.41%,1.77K,-1.57%,0.22K,0.10%,-,0.21%,24.69K,0.43%,-,-1.58%,0.13K,1.45%
357,2018-08-23,0,0,0,1,0,0,0,0,450.69K,-0.04%,0.26K,-3.27%,1.33K,-0.25%,0.40K,0.10%,-,-0.98%,14.17K,-0.67%,-,-1.79%,0.11K,-0.54%
358,2018-08-22,1,0,0,1,0,0,1,0,581.90K,0.76%,0.49K,-1.99%,3.06K,-0.96%,0.25K,0.65%,-,-1.14%,18.00K,-1.29%,-,0.95%,0.06K,-0.43%
359,2018-08-21,1,0,1,0,1,1,0,1,27.15K,1.38%,0.40K,-1.66%,1.77K,0.18%,1.05K,-0.29%,-,0.65%,20.22K,0.18%,-,-3.13%,0.06K,0.80%
360,2018-08-20,1,1,0,0,1,1,0,1,112.71K,0.79%,0.67K,0.70%,1.46K,-0.32%,0.58K,-0.03%,-,1.58%,9.88K,1.10%,-,-2.99%,0.07K,1.32%
361,2018-08-17,1,1,1,1,0,1,1,1,171.40K,0.69%,0.43K,3.28%,2.28K,1.02%,1.52K,0.65%,-,-0.42%,9.11K,0.28%,-,3.23%,0.07K,3.45%
362,2018-08-16,1,1,0,0,1,1,1,0,383.38K,0.69%,0.21K,3.39%,1.52K,0.00%,1.72K,-0.55%,-,1.15%,12.48K,0.97%,-,1.93%,50.99K,-1.16%
363,2018-08-15,0,0,1,0,0,0,0,0,573.47K,-3.03%,0.90K,-0.54%,1.74K,0.32%,1.56K,-0.35%,-,-2.67%,18.24K,-0.75%,-,-1.62%,0.12K,-4.34%
364,2018-08-14,0,1,1,0,1,0,1,0,538.48K,-0.24%,0.55K,3.49%,1.73K,0.72%,1.57K,-1.74%,-,0.16%,0.14K,-0.53%,-,1.12%,0.03K,-1.62%
365,2018-08-13,0,1,0,0,0,1,0,0,578.22K,-0.64%,0.50K,3.62%,2.68K,-0.97%,2.07K,-2.04%,-,-2.68%,0.04K,0.89%,-,-2.19%,0.03K,-0.39%
366,2018-08-10,1,1,0,0,0,0,0,1,524.49K,1.23%,0.40K,1.02%,2.48K,0.00%,1.68K,-1.55%,-,-2.35%,0.15K,-1.51%,-,-3.14%,0.03K,2.05%
367,2018-08-09,0,0,0,1,1,0,0,1,509.40K,-0.19%,0.52K,-0.17%,4.35K,-1.43%,0.80K,0.09%,-,0.08%,0.28K,-0.11%,-,-1.05%,28.11K,0.58%
368,2018-08-08,0,0,0,0,0,0,1,0,760.31K,-3.22%,0.65K,-3.52%,2.55K,-0.23%,0.80K,-0.18%,-,-0.84%,1.30K,-0.49%,-,0.18%,29.79K,-2.98%
369,2018-08-07,1,1,0,0,0,1,0,1,485.03K,0.23%,0.36K,0.88%,3.97K,-0.29%,0.89K,-1.14%,-,-0.50%,0.89K,1.06%,-,-0.96%,0.02K,3.78%
370,2018-08-06,1,0,0,0,1,0,1,0,495.61K,0.76%,0.58K,-1.81%,8.49K,-0.25%,0.62K,-1.48%,-,0.23%,1.07K,-0.21%,-,2.95%,17.75K,-1.18%
371,2018-08-03,0,1,1,1,0,1,0,1,476.62K,-0.68%,0.62K,1.20%,9.34K,1.91%,0.53K,0.69%,-,-0.74%,1.81K,0.82%,-,-0.84%,14.55K,0.91%
372,2018-08-02,1,0,0,0,1,0,1,0,531.07K,1.92%,0.52K,-3.41%,6.85K,-0.02%,0.83K,-0.83%,-,0.55%,3.00K,-1.16%,-,0.71%,16.46K,-0.40%
373,2018-08-01,0,0,1,1,0,0,1,0,576.56K,-1.60%,0.37K,-3.29%,12.96K,0.88%,0.73K,1.05%,-,-1.35%,2.91K,-0.97%,-,0.90%,17.47K,-1.70%
374,2018-07-31,0,1,0,0,1,1,1,1,519.07K,-1.95%,0.63K,2.22%,10.94K,-0.69%,0.60K,-1.01%,-,0.47%,8.55K,1.48%,-,1.93%,0.76K,1.44%
375,2018-07-30,1,0,0,1,1,0,1,0,463.01K,2.10%,0.93K,-3.84%,9.69K,-0.18%,0.74K,3.24%,-,0.93%,40.13K,-0.88%,-,2.59%,1.10K,-4.07%
376,2018-07-27,0,0,1,0,1,1,0,1,460.45K,-1.32%,0.30K,-3.14%,9.35K,0.63%,0.43K,-0.06%,-,0.15%,41.33K,1.46%,-,-1.07%,0.07K,3.32%
377,2018-07-26,1,0,0,0,1,0,0,0,489.06K,0.45%,0.21K,-3.04%,19.90K,-0.99%,0.36K,-0.52%,-,0.24%,30.24K,-0.92%,-,-1.52%,0.63K,-0.07%
378,2018-07-25,1,1,1,1,1,1,1,1,622.91K,1.14%,0.40K,0.98%,11.86K,0.90%,0.36K,0.98%,-,1.49%,22.20K,0.60%,-,6.40%,0.68K,0.21%
379,2018-07-24,1,1,0,0,0,1,0,1,524.59K,0.93%,0.38K,2.35%,12.41K,-0.62%,1.02K,-2.80%,-,-0.20%,12.58K,0.97%,-,-0.05%,0.37K,2.30%
380,2018-07-23,0,0,0,0,0,0,0,0,555.92K,-3.65%,0.41K,-1.75%,14.63K,-0.18%,0.52K,-1.81%,-,-0.30%,17.30K,-1.06%,-,-0.73%,0.78K,-0.33%
381,2018-07-20,1,1,1,1,0,1,1,0,25.56K,1.44%,0.99K,0.19%,15.82K,0.02%,0.26K,0.59%,-,-0.55%,25.01K,1.40%,-,2.33%,0.60K,-1.68%
382,2018-07-19,1,0,0,1,0,0,1,0,103.22K,1.02%,0.27K,-3.00%,15.51K,-0.05%,0.48K,0.21%,-,-0.57%,20.35K,-0.86%,-,2.08%,0.26K,-2.10%
383,2018-07-18,1,0,1,0,0,1,0,1,187.31K,1.00%,0.18K,-2.91%,26.47K,2.37%,0.63K,-0.99%,-,-0.24%,22.16K,1.23%,-,-1.05%,0.02K,4.12%
384,2018-07-17,1,0,0,1,1,1,1,0,440.73K,0.03%,0.54K,-0.90%,20.37K,-0.47%,0.57K,0.38%,-,0.56%,19.61K,0.33%,-,1.48%,0.65K,-4.26%
385,2018-07-16,0,0,1,1,0,0,0,0,530.48K,-4.15%,0.34K,-8.84%,36.11K,2.27%,0.58K,1.10%,-,-0.06%,14.91K,-0.93%,-,-1.16%,0.10K,-0.38%
386,2018-07-13,1,0,0,1,0,0,1,0,530.28K,0.97%,0.04K,-2.40%,33.58K,-0.45%,0.66K,0.72%,-,-0.77%,-,-0.96%,-,2.58%,0.02K,-0.21%
387,2018-07-12,0,1,1,1,1,0,1,1,707.89K,-0.07%,0.29K,6.57%,38.36K,1.13%,0.57K,0.54%,-,4.66%,0.68K,-0.56%,-,2.11%,0.31K,1.27%
388,2018-07-11,0,0,0,0,0,0,0,0,861.73K,-5.03%,0.19K,-1.62%,47.94K,-1.52%,0.02K,-0.03%,-,-2.07%,1.41K,-1.90%,-,-2.82%,0.17K,-3.23%
389,2018-07-10,1,0,0,0,1,1,0,0,586.83K,0.35%,0.23K,-0.23%,37.39K,-0.64%,0.01K,-1.19%,-,1.12%,1.79K,0.49%,-,-3.32%,0.19K,-0.20%
390,2018-07-09,1,0,0,1,1,0,0,1,533.00K,0.07%,0.19K,-0.23%,31.56K,-0.24%,0.02K,0.21%,-,1.26%,1.90K,-0.55%,-,-1.70%,0.03K,0.89%
391,2018-07-06,1,1,0,0,1,1,1,1,611.42K,1.18%,0.19K,0.25%,36.72K,0.00%,0.22K,-0.33%,-,2.78%,2.61K,1.51%,-,2.09%,0.02K,3.70%
392,2018-07-05,0,0,0,1,0,0,1,0,841.63K,-1.61%,0.64K,-0.62%,25.24K,-0.07%,-,0.58%,-,-0.83%,3.46K,-0.52%,-,2.55%,1.05K,-3.17%
393,2018-07-04,0,0,0,0,0,0,0,0,-,-0.01%,,,,,,,,,,,,,,
394,2018-07-03,1,0,0,1,0,0,1,0,667.24K,0.27%,0.23K,-2.41%,23.64K,-0.42%,-,1.31%,-,-0.23%,4.32K,-0.52%,-,2.03%,1.33K,-0.89%
395,2018-07-02,0,1,0,1,0,0,0,0,652.17K,-0.28%,0.58K,1.11%,39.05K,-0.09%,0.01K,3.92%,-,-2.82%,4.71K,-1.20%,-,-4.18%,1.74K,-3.87%
396,2018-06-29,1,1,0,1,1,1,1,1,602.40K,0.95%,0.58K,2.03%,0.37K,-1.11%,0.21K,0.16%,-,0.70%,4.89K,0.38%,-,3.56%,0.11K,3.25%
397,2018-06-28,1,1,1,1,0,0,0,0,717.35K,0.95%,0.48K,0.85%,1.11K,1.10%,0.31K,1.21%,-,-1.22%,28.87K,0.00%,-,-0.77%,10.59K,-4.59%
398,2018-06-27,1,0,1,1,1,1,1,0,775.16K,3.16%,0.64K,-1.79%,1.32K,1.04%,0.60K,0.96%,-,0.28%,52.46K,0.24%,-,1.24%,0.01K,-0.26%
399,2018-06-26,1,0,0,0,0,0,0,1,848.54K,3.60%,0.38K,-0.12%,1.02K,-0.05%,0.59K,-0.89%,-,-0.58%,47.91K,0.00%,-,-1.88%,0.02K,3.74%
400,2018-06-25,0,1,0,0,1,0,1,0,816.21K,-0.73%,0.43K,0.71%,1.43K,-2.12%,0.56K,-2.12%,-,0.34%,42.92K,-0.92%,-,0.46%,0.56K,-1.35%
401,2018-06-22,1,1,0,1,1,1,0,1,1.14M,4.64%,0.70K,2.39%,2.44K,-0.35%,0.35K,3.41%,-,3.20%,51.39K,0.07%,-,-1.46%,0.46K,0.26%
402,2018-06-21,0,1,0,0,0,0,1,0,760.72K,-1.03%,0.84K,2.82%,1.82K,-0.34%,0.75K,-0.99%,-,-0.16%,76.96K,-0.61%,-,1.02%,0.30K,-0.69%
403,2018-06-20,1,1,1,1,0,1,1,0,30.65K,1.77%,1.67K,0.72%,1.46K,0.46%,0.96K,0.03%,-,-0.06%,91.95K,1.80%,-,2.93%,0.38K,0.00%
404,2018-06-19,0,0,1,0,0,0,0,0,122.65K,-1.18%,0.60K,-2.76%,2.08K,0.21%,0.59K,-0.70%,-,-4.73%,109.92K,-2.43%,-,-2.35%,0.51K,-1.84%
405,2018-06-18,1,0,0,0,0,1,0,0,218.93K,1.21%,0.53K,-2.69%,1.07K,-0.14%,1.19K,-1.19%,-,-3.36%,46.40K,0.24%,-,-2.10%,0.35K,-1.21%
406,2018-06-15,0,0,1,1,0,0,0,0,512.59K,-2.74%,0.77K,-1.43%,3.28K,2.07%,1.24K,2.83%,-,-3.04%,82.10K,-2.12%,-,-0.40%,0.49K,-2.33%
407,2018-06-14,1,1,0,1,0,1,0,0,460.17K,0.38%,1.38K,2.11%,3.23K,-1.55%,2.11K,1.47%,-,-0.44%,60.81K,0.20%,-,-2.71%,0.40K,-0.99%
408,2018-06-13,1,0,0,0,0,1,0,1,626.40K,0.42%,0.35K,-2.63%,1.36K,-0.55%,1.14K,-0.68%,-,-1.56%,78.74K,0.10%,-,-3.51%,0.55K,0.15%
409,2018-06-12,1,0,0,0,1,0,1,0,524.41K,0.39%,0.53K,-1.73%,1.55K,-0.12%,1.83K,-1.72%,-,0.44%,92.64K,-1.73%,-,3.84%,0.37K,-0.25%
410,2018-06-11,1,0,0,0,0,1,0,0,558.28K,0.55%,0.47K,-1.70%,2.63K,-1.25%,1.33K,-1.38%,-,-0.06%,59.84K,0.20%,-,-1.62%,0.64K,-4.30%
411,2018-06-08,0,0,1,0,1,0,0,1,571.22K,-0.32%,0.53K,-1.65%,3.18K,1.52%,1.14K,-3.43%,-,0.86%,86.75K,-0.26%,-,-1.23%,0.09K,3.95%
412,2018-06-07,1,1,1,0,1,0,1,1,675.04K,1.88%,0.48K,1.15%,3.49K,0.07%,0.50K,-0.63%,-,3.43%,68.40K,-0.16%,-,1.83%,0.38K,0.40%
413,2018-06-06,0,1,1,1,1,0,1,1,708.83K,-1.21%,0.45K,0.66%,6.39K,1.03%,0.60K,0.55%,-,1.29%,56.47K,-0.45%,-,2.16%,0.58K,2.01%
414,2018-06-05,1,1,1,0,0,0,1,1,714.67K,1.19%,0.50K,0.07%,7.10K,2.36%,0.94K,-0.12%,-,-2.55%,56.30K,-0.45%,-,0.39%,0.42K,2.05%
415,2018-06-04,0,0,0,0,0,0,0,1,696.05K,-1.61%,0.39K,-0.88%,6.93K,-0.17%,0.69K,-0.06%,-,-1.44%,66.36K,-0.83%,-,-3.01%,0.36K,1.16%
416,2018-06-01,0,0,0,1,1,1,0,0,781.10K,-1.83%,0.57K,-0.59%,10.80K,-0.14%,0.92K,2.16%,-,0.44%,69.78K,0.22%,-,-0.38%,0.92K,-2.86%
417,2018-05-31,0,0,0,0,1,0,1,1,917.56K,-1.72%,0.86K,-0.33%,14.44K,-1.01%,0.93K,-0.55%,-,0.64%,59.97K,-1.14%,-,1.01%,0.06K,4.02%
418,2018-05-30,1,0,1,0,0,1,0,1,726.89K,2.22%,0.57K,-1.64%,15.22K,2.91%,1.68K,-4.24%,-,-0.76%,59.98K,0.87%,-,-2.81%,1.70K,0.23%
419,2018-05-29,0,1,0,1,1,0,0,0,1.06M,-0.48%,1.13K,1.64%,12.47K,-1.46%,0.84K,0.35%,-,4.31%,48.02K,-0.29%,-,-2.42%,0.52K,-0.49%
420,2018-05-28,0,0,0,0,0,0,1,0,-,-0.46%,,,,,,,,,-,-0.13%,-,0.60%,,
421,2018-05-27,0,0,0,0,0,0,0,0,-,-0.77%,,,,,,,,,,,,,,
422,2018-05-25,0,1,1,1,1,0,1,0,955.35K,-4.00%,0.03K,1.70%,9.30K,0.24%,0.43K,0.53%,-,2.25%,45.97K,-1.17%,-,2.98%,0.40K,-4.60%
423,2018-05-24,0,1,0,0,1,1,0,1,640.73K,-1.57%,0.21K,1.73%,8.95K,-1.00%,0.59K,-0.36%,-,0.52%,51.35K,0.03%,-,-0.56%,0.78K,5.03%
424,2018-05-23,0,0,1,1,0,1,1,0,702.79K,-0.40%,1.68K,-2.47%,13.41K,0.52%,0.45K,0.27%,-,-0.39%,59.02K,0.60%,-,2.06%,0.75K,-1.86%
425,2018-05-22,0,0,0,1,0,1,1,1,31.97K,-0.15%,0.11K,-2.46%,7.77K,-0.02%,0.60K,0.66%,-,-1.49%,53.85K,0.29%,-,3.01%,0.51K,1.07%
426,2018-05-21,1,0,1,1,1,1,0,1,119.89K,1.35%,0.53K,-2.40%,14.91K,2.47%,0.65K,0.75%,-,2.42%,52.38K,1.19%,-,-2.36%,0.49K,1.15%
427,2018-05-18,0,0,0,0,1,1,1,0,211.79K,-0.29%,0.98K,-2.35%,13.15K,-0.63%,0.87K,-2.21%,-,1.85%,64.06K,0.13%,-,4.17%,0.39K,-0.84%
428,2018-05-17,0,1,1,0,1,1,1,1,562.64K,0.00%,0.61K,1.59%,24.19K,1.20%,0.40K,-0.06%,-,0.69%,72.39K,1.14%,-,0.35%,0.71K,0.62%
429,2018-05-16,1,1,0,1,1,0,1,1,574.28K,0.25%,0.14K,2.49%,26.85K,-1.12%,0.70K,0.09%,-,0.69%,60.77K,-1.70%,-,0.35%,0.69K,0.53%
430,2018-05-15,1,0,0,0,0,0,1,0,815.29K,0.49%,0.01K,-5.73%,36.78K,-1.58%,0.71K,-0.85%,-,-0.13%,47.44K,0.00%,-,0.61%,1.00K,-1.20%
431,2018-05-14,1,1,0,1,0,0,0,0,592.83K,0.37%,0.27K,7.25%,35.18K,-2.79%,0.70K,1.18%,-,-0.70%,0.03K,-0.16%,-,-1.31%,0.70K,-0.52%
432,2018-05-11,0,1,1,1,0,1,0,1,634.15K,-0.92%,0.11K,1.35%,46.68K,0.09%,0.93K,1.07%,-,-0.07%,0.18K,0.61%,-,-1.14%,0.49K,0.10%
433,2018-05-10,1,1,1,0,0,1,0,1,749.81K,0.31%,0.06K,0.34%,50.27K,1.75%,-,-0.12%,-,-1.48%,0.29K,0.36%,-,-1.47%,0.76K,1.74%
434,2018-05-09,1,0,0,1,1,1,0,0,863.39K,3.01%,0.24K,-0.85%,46.86K,-0.59%,0.00K,4.71%,-,0.42%,0.38K,1.25%,-,-0.78%,0.51K,-0.07%
435,2018-05-08,0,0,1,0,0,0,1,0,1.25M,-2.36%,0.33K,-0.66%,40.43K,1.07%,-,-3.29%,-,-0.73%,0.09K,-0.59%,-,0.93%,0.79K,-0.59%
436,2018-05-07,1,1,0,1,0,0,0,0,758.92K,1.45%,0.32K,0.92%,30.13K,-0.83%,0.01K,1.98%,-,-0.98%,0.41K,-0.03%,-,-2.30%,0.58K,-0.23%
437,2018-05-04,1,1,0,1,1,0,0,1,690.88K,1.89%,0.18K,2.91%,24.13K,-0.45%,-,1.74%,-,2.95%,0.51K,-0.07%,-,-2.33%,0.69K,0.23%
438,2018-05-03,1,0,1,0,0,1,1,1,691.22K,0.74%,0.32K,-1.93%,39.29K,1.60%,0.01K,-0.19%,-,-0.39%,0.50K,0.69%,-,2.14%,0.53K,0.39%
439,2018-05-02,1,1,0,1,1,1,0,1,789.37K,1.01%,0.52K,0.54%,34.19K,-0.92%,0.35K,1.52%,-,0.38%,1.43K,0.96%,-,-0.61%,1.04K,1.06%
440,2018-05-01,0,1,0,1,1,0,1,0,694.77K,-1.93%,0.58K,2.53%,42.07K,-14.48%,0.41K,1.68%,-,0.68%,1.64K,-0.89%,-,3.07%,1.49K,-5.43%
441,2018-04-30,1,1,0,1,0,0,1,1,755.19K,0.69%,0.49K,1.03%,0.25K,-0.56%,0.14K,0.81%,-,-0.66%,5.94K,-0.26%,-,3.64%,0.02K,4.66%
442,2018-04-27,0,1,1,1,1,0,1,0,542.55K,-0.13%,0.60K,1.31%,1.61K,1.57%,0.45K,1.02%,-,0.42%,30.37K,-1.23%,-,3.02%,12.51K,-2.15%
443,2018-04-26,1,1,1,1,1,1,0,0,660.55K,0.21%,0.65K,1.38%,1.59K,0.49%,0.58K,3.15%,-,0.24%,42.62K,0.06%,-,-1.59%,0.32K,-0.61%
444,2018-04-25,1,0,1,0,1,0,1,0,764.05K,0.52%,0.77K,-0.07%,1.71K,0.68%,0.91K,-0.03%,-,2.38%,50.34K,-0.71%,-,3.22%,0.43K,-0.22%
445,2018-04-24,0,1,0,1,0,0,1,1,832.30K,-1.37%,0.64K,1.81%,2.46K,-0.51%,0.95K,1.17%,-,-2.85%,41.93K,-0.10%,-,2.60%,0.29K,1.00%
446,2018-04-23,1,0,1,1,0,0,0,0,740.94K,0.38%,0.54K,-0.35%,2.26K,1.99%,0.79K,1.82%,-,-1.47%,60.79K,-0.80%,-,-0.54%,0.32K,-0.73%
447,2018-04-20,1,0,1,1,1,0,0,1,32.95K,0.13%,0.69K,-0.65%,2.25K,1.32%,0.79K,0.07%,-,3.27%,62.39K,-0.35%,-,-2.73%,0.28K,0.10%
448,2018-04-19,0,1,0,0,1,0,0,0,125.99K,-0.26%,0.85K,0.27%,4.92K,-0.99%,0.65K,-1.07%,-,0.30%,34.22K,-0.06%,-,0.00%,0.35K,-0.82%
449,2018-04-18,1,1,1,0,0,1,1,1,221.66K,2.93%,0.78K,1.59%,2.26K,0.78%,0.65K,-0.65%,-,-0.51%,51.06K,0.77%,-,2.25%,0.45K,2.57%
450,2018-04-17,1,1,1,1,0,1,1,0,486.08K,0.45%,0.66K,1.18%,2.05K,0.77%,1.12K,1.50%,-,-0.32%,47.94K,0.03%,-,0.65%,0.24K,-0.52%
451,2018-04-16,0,1,1,1,0,0,0,1,560.08K,-1.74%,0.62K,1.71%,2.54K,0.51%,1.46K,1.74%,-,-0.20%,56.19K,-0.95%,-,-2.22%,0.38K,0.78%
452,2018-04-13,1,1,1,1,0,0,0,1,624.20K,0.48%,0.34K,0.48%,2.52K,0.69%,0.88K,0.79%,-,-0.41%,38.00K,-0.47%,-,-1.46%,0.38K,0.23%
453,2018-04-12,1,1,1,1,1,1,0,0,687.47K,0.37%,0.45K,0.23%,3.20K,1.98%,0.74K,0.50%,-,0.14%,53.51K,0.32%,-,-0.72%,0.46K,-5.56%
454,2018-04-11,1,0,1,1,1,0,0,1,963.02K,2.00%,0.77K,-1.88%,2.68K,0.62%,0.60K,0.72%,-,0.17%,90.56K,-1.00%,-,-1.38%,0.00K,3.48%
455,2018-04-10,1,0,1,0,1,1,0,1,840.28K,3.30%,0.54K,-0.21%,2.63K,0.69%,0.71K,-0.18%,-,0.88%,94.96K,1.05%,-,-0.15%,0.41K,1.95%
456,2018-04-09,1,0,0,1,1,0,1,1,655.83K,2.19%,0.46K,-0.37%,4.63K,-0.18%,0.52K,0.76%,-,0.19%,89.32K,-0.03%,-,4.13%,0.32K,0.56%
457,2018-04-06,0,0,0,0,1,0,1,0,753.26K,-2.33%,0.56K,-0.04%,8.58K,-1.82%,0.61K,-0.22%,-,0.07%,52.43K,-0.79%,-,2.39%,0.49K,-0.52%
458,2018-04-05,1,1,1,0,1,1,1,0,588.60K,0.27%,0.78K,1.90%,9.46K,1.13%,0.83K,-0.79%,-,3.85%,62.85K,0.32%,-,0.77%,0.24K,-2.10%
459,2018-04-04,0,1,1,1,0,0,1,0,760.60K,-0.22%,0.45K,1.94%,12.13K,0.94%,0.52K,0.36%,-,-3.01%,80.15K,-2.04%,-,0.22%,0.00K,-1.57%
460,2018-04-03,1,1,0,0,1,1,1,1,527.29K,0.79%,0.63K,0.72%,9.61K,-0.38%,0.81K,-0.61%,-,1.25%,97.08K,0.94%,-,1.78%,0.02K,4.77%
461,2018-04-02,0,0,0,0,0,1,0,1,582.74K,-2.97%,0.58K,-0.58%,8.97K,-1.19%,1.17K,-1.35%,-,-0.67%,44.34K,0.53%,-,-0.72%,0.43K,0.73%
462,2018-03-29,1,1,0,0,1,1,1,1,562.82K,0.87%,0.69K,1.70%,10.93K,-1.94%,0.40K,0.00%,-,0.97%,71.90K,0.79%,-,1.18%,0.80K,0.84%
463,2018-03-28,0,1,1,1,0,1,0,1,697.68K,-1.33%,0.53K,0.02%,8.79K,0.50%,0.74K,2.47%,-,-1.49%,49.12K,0.13%,-,-0.56%,2.13K,0.10%
464,2018-03-27,0,1,1,0,1,1,0,0,670.81K,-0.46%,0.86K,1.99%,9.25K,0.22%,0.36K,-0.15%,-,0.32%,41.86K,0.38%,-,-1.16%,0.42K,-3.14%
465,2018-03-26,0,1,0,1,0,1,0,1,585.90K,-0.50%,0.45K,1.95%,9.45K,-0.75%,0.49K,1.96%,-,-0.05%,48.81K,0.13%,-,-1.25%,0.04K,3.45%
466,2018-03-23,1,1,0,0,0,0,1,0,752.99K,2.46%,0.27K,0.58%,13.26K,-1.78%,0.46K,-0.55%,-,-0.44%,76.29K,-1.44%,-,0.77%,0.35K,-0.90%
467,2018-03-22,0,1,1,0,0,0,1,0,689.17K,-1.33%,0.29K,0.41%,13.62K,0.38%,0.55K,-0.84%,-,-0.65%,62.23K,-1.51%,-,0.50%,0.37K,-1.21%
468,2018-03-21,1,0,0,0,0,1,1,1,763.77K,2.79%,0.29K,-1.41%,23.69K,-1.57%,0.30K,-0.18%,-,-0.36%,80.92K,1.98%,-,0.22%,0.99K,0.76%
469,2018-03-20,1,1,0,0,1,0,1,0,36.06K,2.16%,0.13K,0.64%,20.73K,-0.54%,0.35K,-0.43%,-,2.13%,55.56K,-1.00%,-,0.22%,0.72K,-5.32%
470,2018-03-19,0,0,0,0,0,1,0,1,115.96K,-0.45%,0.25K,-0.51%,21.52K,-0.85%,0.57K,-0.22%,-,-1.86%,53.56K,0.25%,-,-3.37%,0.03K,3.33%
471,2018-03-16,1,0,0,0,0,0,0,0,202.49K,1.88%,0.42K,-7.72%,21.81K,-0.49%,0.66K,-0.36%,-,-0.92%,61.28K,-0.25%,-,-2.40%,0.48K,-0.58%
472,2018-03-15,1,1,0,0,1,1,0,0,430.20K,0.38%,0.02K,2.67%,29.17K,-0.93%,0.23K,-0.43%,-,0.29%,77.28K,0.88%,-,-2.04%,0.49K,-0.92%
473,2018-03-14,1,0,1,1,1,0,1,0,665.02K,0.41%,0.05K,-0.19%,34.27K,0.90%,0.40K,1.01%,-,0.35%,0.02K,-0.75%,-,0.67%,0.45K,-3.41%
474,2018-03-13,0,1,1,0,0,1,0,1,747.74K,-1.06%,0.14K,0.76%,37.72K,0.29%,0.30K,-0.58%,-,-0.19%,0.04K,1.46%,-,-0.77%,0.00K,4.74%
475,2018-03-12,0,1,0,0,0,1,0,0,537.99K,-1.10%,0.14K,1.64%,37.16K,-1.28%,0.26K,-0.49%,-,-1.49%,0.02K,0.45%,-,-0.05%,0.63K,-0.39%
476,2018-03-09,1,1,1,1,0,0,0,1,659.72K,3.19%,0.11K,2.75%,43.31K,1.11%,-,0.07%,-,-0.57%,0.05K,-0.79%,-,-1.80%,0.75K,1.90%
477,2018-03-08,0,0,0,0,1,0,1,0,720.51K,-1.68%,0.22K,-1.21%,45.59K,-0.98%,-,-1.55%,-,2.31%,0.03K,-0.81%,-,0.35%,0.65K,-1.80%
478,2018-03-07,0,0,1,0,1,0,0,0,879.12K,-2.32%,0.42K,-2.45%,29.37K,0.12%,-,-0.26%,-,0.65%,0.11K,-1.15%,-,-1.68%,0.74K,-0.73%
479,2018-03-06,1,0,0,1,0,1,0,0,634.95K,0.05%,0.43K,-0.37%,33.90K,-0.32%,0.01K,0.25%,-,-2.79%,0.22K,0.91%,-,-0.20%,0.54K,-2.88%
480,2018-03-05,1,0,1,1,1,0,1,1,599.27K,2.16%,0.41K,-0.70%,26.79K,0.86%,-,2.53%,-,3.30%,1.01K,-0.16%,-,1.60%,0.03K,4.16%
481,2018-03-02,1,1,0,0,1,0,0,1,613.51K,0.43%,0.57K,0.49%,31.14K,-0.93%,0.02K,-0.25%,-,0.53%,0.64K,-0.19%,-,-3.29%,1.06K,0.06%
482,2018-03-01,0,0,0,0,0,1,1,0,812.51K,-1.05%,0.58K,-0.70%,33.81K,-3.27%,0.01K,-3.45%,-,-1.40%,2.90K,0.50%,-,4.77%,1.73K,-0.26%
483,2018-02-28,0,0,0,0,1,0,1,0,768.41K,-2.17%,0.63K,-1.22%,0.83K,-0.41%,0.24K,-1.88%,-,0.61%,7.91K,-0.71%,-,3.14%,3.32K,-1.61%
484,2018-02-27,0,0,1,0,1,0,1,0,562.67K,-1.41%,0.41K,0.00%,1.37K,0.49%,0.43K,-1.25%,-,0.32%,41.41K,-1.32%,-,0.79%,16.68K,-1.19%
485,2018-02-26,1,0,0,0,1,1,1,0,469.85K,0.57%,0.40K,-0.72%,1.76K,-0.47%,0.35K,-0.20%,-,0.86%,65.57K,0.80%,-,4.81%,0.32K,-0.37%
486,2018-02-23,1,1,0,1,1,1,1,0,460.60K,1.24%,0.54K,0.78%,1.50K,-0.27%,0.36K,1.47%,-,2.40%,45.89K,1.00%,-,0.28%,0.29K,-0.90%
487,2018-02-22,1,0,0,1,0,0,1,1,592.60K,1.77%,0.95K,-0.70%,1.67K,-1.00%,0.46K,2.10%,-,-0.97%,37.83K,-0.09%,-,0.73%,0.34K,0.78%
488,2018-02-21,0,1,0,0,1,1,0,1,466.92K,-0.36%,1.02K,1.86%,6.37K,-0.50%,0.36K,-2.22%,-,1.54%,68.37K,0.66%,-,-0.39%,0.30K,0.82%
489,2018-02-20,0,1,1,0,1,1,0,0,50.21K,-0.77%,1.05K,1.77%,2.63K,0.15%,0.58K,-3.17%,-,4.56%,64.71K,1.17%,-,-1.91%,0.27K,-1.76%
490,2018-02-19,1,0,0,0,0,0,0,0,-,1.07%,,,,,,,,,-,0.00%,-,0.00%,,
491,2018-02-18,1,0,0,0,0,0,0,0,-,0.06%,,,,,,,,,-,-0.16%,-,0.00%,,
492,2018-02-16,1,1,1,1,1,0,0,1,181.18K,0.55%,0.64K,1.42%,4.44K,0.64%,0.74K,1.51%,-,0.31%,62.08K,-0.50%,-,-0.76%,0.40K,0.12%
493,2018-02-15,1,1,1,1,0,0,1,1,340.40K,1.22%,0.75K,0.02%,2.65K,1.27%,0.87K,0.37%,-,-0.28%,71.83K,-0.31%,-,1.48%,0.41K,0.34%
494,2018-02-14,1,1,1,1,0,1,0,1,650.32K,2.38%,1.00K,1.85%,2.08K,0.65%,0.66K,0.41%,-,-0.75%,63.51K,0.73%,-,-0.98%,0.41K,2.31%
495,2018-02-13,0,1,0,0,0,0,0,0,580.60K,-0.17%,0.42K,1.24%,1.86K,-0.24%,0.87K,-0.40%,-,-0.26%,125.19K,-0.88%,-,-1.08%,0.35K,-1.28%
496,2018-02-12,1,1,1,1,0,0,1,1,736.92K,0.15%,0.36K,0.52%,3.03K,0.47%,0.60K,0.54%,-,-0.50%,99.13K,-0.34%,-,3.34%,0.00K,5.65%
497,2018-02-09,0,0,1,1,0,0,0,0,933.31K,-3.19%,0.51K,-1.81%,4.30K,0.60%,1.11K,0.07%,-,-0.29%,84.52K,-0.78%,-,-1.59%,0.47K,-1.53%
498,2018-02-08,0,0,1,1,1,0,0,0,929.58K,-1.04%,0.53K,-0.36%,2.55K,0.14%,1.00K,1.41%,-,1.20%,91.19K,-1.07%,-,-0.98%,0.41K,-0.13%
499,2018-02-07,0,1,0,0,0,0,1,0,1.03M,-2.52%,0.74K,2.00%,2.74K,-0.02%,0.44K,-0.58%,-,-0.33%,125.00K,-1.81%,-,3.19%,0.33K,-6.79%
500,2018-02-06,0,1,0,1,0,1,1,1,797.81K,-1.18%,0.47K,1.28%,2.91K,-0.40%,0.67K,1.77%,-,-0.40%,96.35K,2.03%,-,1.07%,0.00K,2.77%
501,2018-02-05,0,0,0,0,0,0,0,1,891.06K,-1.99%,0.34K,-1.20%,6.10K,-0.57%,0.83K,-2.21%,-,-0.97%,58.25K,-0.06%,-,-1.12%,0.45K,1.10%
502,2018-02-02,0,1,1,0,0,0,0,0,857.57K,-0.53%,0.64K,1.81%,6.66K,0.34%,0.80K,-1.34%,-,-1.20%,53.76K,-1.19%,-,-0.94%,0.41K,-0.66%
503,2018-02-01,1,1,1,1,1,0,0,1,685.75K,1.65%,0.44K,0.89%,12.16K,2.08%,0.94K,0.20%,-,1.45%,74.71K,-0.51%,-,-0.06%,0.89K,0.41%
504,2018-01-31,1,1,0,1,1,0,0,1,613.26K,0.36%,0.57K,0.66%,9.38K,-0.78%,0.71K,0.41%,-,0.08%,58.08K,-0.03%,-,-1.42%,0.80K,0.22%
505,2018-01-30,0,0,0,0,0,1,1,0,688.38K,-1.62%,0.74K,-2.09%,12.26K,-0.70%,0.86K,-2.95%,-,-1.67%,61.96K,0.64%,-,2.00%,0.67K,-0.03%
506,2018-01-29,0,0,1,1,0,1,1,0,656.17K,-0.88%,0.43K,-1.95%,11.15K,0.88%,0.82K,1.87%,-,-2.60%,45.14K,0.24%,-,1.53%,0.27K,-0.16%
507,2018-01-26,1,1,1,1,0,1,1,0,678.19K,0.96%,0.62K,1.95%,10.58K,1.74%,1.01K,0.10%,-,-1.65%,48.23K,0.89%,-,1.84%,0.22K,-0.50%
508,2018-01-25,0,1,0,1,0,0,1,0,771.76K,-0.15%,0.49K,1.08%,16.35K,-2.35%,0.59K,1.15%,-,-0.52%,57.55K,-0.55%,-,0.40%,0.35K,-0.28%
509,2018-01-24,1,1,1,0,1,1,1,1,887.02K,1.77%,0.27K,0.21%,11.80K,0.56%,1.38K,-0.30%,-,0.13%,66.38K,0.49%,-,2.55%,0.32K,3.82%
510,2018-01-23,1,0,1,0,0,1,0,0,662.46K,1.54%,0.35K,-0.61%,11.87K,0.95%,0.64K,-0.03%,-,-1.44%,62.15K,1.12%,-,-0.88%,0.35K,-2.77%
511,2018-01-22,1,0,1,1,0,0,1,1,40.06K,0.19%,0.27K,-1.08%,12.46K,1.35%,0.78K,1.33%,-,-0.04%,52.80K,-0.37%,-,0.53%,0.23K,0.35%
512,2018-01-19,0,1,0,1,1,1,0,0,142.71K,-0.91%,0.29K,0.10%,16.92K,-0.04%,1.47K,0.86%,-,0.93%,50.65K,0.16%,-,-0.35%,0.24K,-0.31%
513,2018-01-18,0,1,1,1,1,0,1,1,204.50K,-0.03%,0.44K,0.65%,15.52K,0.81%,1.40K,3.75%,-,0.68%,59.54K,-0.86%,-,0.77%,0.42K,0.32%
514,2018-01-17,1,1,1,0,1,0,1,0,444.38K,0.38%,0.53K,0.36%,32.59K,2.43%,0.79K,-0.28%,-,1.01%,50.88K,-0.85%,-,1.26%,0.67K,-1.00%
515,2018-01-16,0,1,1,1,0,0,0,0,867.77K,-1.54%,0.59K,0.57%,22.44K,0.62%,1.32K,3.08%,-,-0.36%,59.70K,-0.43%,-,-1.07%,1.02K,-0.03%
516,2018-01-15,1,0,0,0,0,0,0,0,-,0.70%,,,,,,,,,,,,,,
517,2018-01-14,0,0,0,0,0,0,0,0,-,-0.03%,,,,,,,,,,,,,,
518,2018-01-12,1,0,1,0,0,0,0,0,678.73K,0.78%,0.01K,-4.53%,31.77K,0.26%,0.59K,-0.22%,-,-1.31%,0.04K,-0.12%,-,-3.00%,0.32K,-0.40%
519,2018-01-11,1,1,1,1,1,0,0,0,876.64K,0.36%,0.13K,2.96%,32.30K,0.17%,0.59K,1.22%,-,3.81%,0.04K,-0.96%,-,-0.06%,0.32K,-0.06%
520,2018-01-10,1,1,0,0,1,0,1,1,697.84K,0.97%,0.25K,1.85%,37.04K,-0.68%,0.00K,-0.41%,-,1.58%,0.16K,-0.77%,-,0.52%,0.38K,0.63%
521,2018-01-09,1,1,1,0,1,1,1,0,844.72K,1.99%,0.21K,2.06%,36.80K,0.38%,0.00K,-2.82%,-,0.14%,0.32K,0.36%,-,1.11%,0.83K,-0.19%
522,2018-01-08,1,1,0,1,1,0,0,0,616.47K,0.47%,0.24K,0.15%,47.85K,-1.70%,-,0.35%,-,0.42%,0.68K,-0.65%,-,-0.93%,0.70K,-0.19%
523,2018-01-05,0,1,0,0,0,0,0,0,563.04K,-0.92%,0.46K,0.99%,35.64K,-2.45%,0.01K,-0.47%,-,-1.59%,0.54K,-0.27%,-,-0.58%,0.58K,-1.11%
524,2018-01-04,1,1,0,0,1,0,0,1,654.36K,0.62%,0.27K,0.24%,28.57K,-0.57%,0.20K,0.00%,-,1.42%,0.52K,-0.06%,-,-0.34%,0.32K,0.19%
525,2018-01-03,1,1,0,1,1,1,1,0,673.86K,2.09%,0.36K,0.60%,26.01K,-0.32%,0.00K,1.88%,-,0.48%,0.68K,1.14%,-,0.17%,0.33K,-0.58%
526,2018-01-02,1,1,1,1,0,1,1,0,510.31K,0.22%,0.50K,1.12%,25.62K,0.28%,-,0.68%,-,-0.96%,2.96K,0.91%,-,1.58%,0.76K,-0.73%
527,2018-01-01,0,0,0,0,0,0,0,0,-,-0.30%,,,,,,,,,,,,,,
528,2017-12-29,1,1,0,0,0,1,1,0,464.48K,0.97%,-,0.20%,-,-1.24%,0.13K,-0.51%,-,-0.39%,5.24K,1.78%,-,0.18%,0.87K,-0.18%
529,2017-12-28,1,0,1,1,0,0,0,1,345.96K,0.34%,0.56K,-0.78%,0.76K,2.07%,0.29K,2.67%,-,-0.23%,26.15K,-1.72%,-,-0.12%,0.81K,0.89%
530,2017-12-27,0,0,1,0,1,0,1,1,402.40K,-0.55%,0.27K,-0.31%,0.73K,0.43%,0.32K,-0.67%,-,1.81%,34.79K,-0.39%,-,1.18%,0.59K,0.03%
531,2017-12-26,1,1,1,0,0,1,0,1,437.79K,2.36%,0.19K,0.31%,0.84K,1.40%,0.23K,-0.89%,-,-0.44%,30.18K,1.41%,-,-0.59%,0.50K,1.28%
532,2017-12-25,1,0,0,0,0,0,0,0,-,0.21%,,,,,,,,,,,,,,
533,2017-12-22,1,1,1,0,1,1,0,1,324.55K,0.19%,0.48K,2.27%,0.90K,0.17%,0.32K,-1.31%,-,0.35%,30.39K,0.21%,-,-0.53%,0.95K,0.63%
534,2017-12-21,1,1,1,0,1,0,1,1,405.32K,0.46%,0.56K,2.32%,1.39K,0.19%,0.28K,-1.37%,-,2.52%,59.16K,-0.88%,-,0.95%,0.98K,0.76%
535,2017-12-20,1,0,0,0,1,0,1,1,420.84K,1.10%,0.76K,-0.14%,2.78K,-0.50%,0.74K,-1.31%,-,0.91%,62.29K,-0.78%,-,0.71%,0.60K,1.41%
536,2017-12-19,1,0,1,0,0,1,0,1,36.29K,0.52%,1.09K,-0.85%,1.08K,0.02%,0.54K,-0.18%,-,-0.25%,42.58K,0.61%,-,-0.18%,0.71K,0.16%
537,2017-12-18,0,1,1,0,0,0,1,1,137.15K,-0.24%,0.72K,0.69%,1.73K,0.90%,1.09K,-2.39%,-,-0.83%,42.80K,-0.42%,-,0.66%,0.62K,0.39%
538,2017-12-15,1,1,1,0,1,1,1,1,210.05K,0.46%,0.51K,0.28%,3.58K,2.26%,0.69K,-1.63%,-,0.73%,66.68K,0.42%,-,0.06%,0.56K,2.00%
539,2017-12-14,1,1,1,0,1,0,1,1,580.57K,0.78%,0.75K,2.28%,1.72K,0.54%,1.12K,-1.04%,-,1.55%,0.06K,-0.27%,-,0.12%,1.03K,0.63%
540,2017-12-13,0,0,0,0,1,0,1,1,658.14K,-0.95%,0.56K,-0.57%,2.27K,-0.43%,0.93K,-1.00%,-,1.53%,0.07K,-0.75%,-,1.46%,0.54K,1.03%
541,2017-12-12,0,0,1,0,1,0,0,1,826.49K,-1.47%,0.50K,-1.49%,1.94K,0.85%,1.03K,-0.70%,-,0.27%,0.08K,-0.12%,-,-0.48%,0.84K,0.37%
542,2017-12-11,1,1,0,0,0,0,0,1,606.72K,1.10%,0.41K,0.05%,2.80K,-0.35%,0.90K,-1.21%,-,-1.19%,0.24K,-0.42%,-,-1.37%,0.48K,1.12%
543,2017-12-08,1,1,0,0,0,1,0,1,681.60K,1.18%,0.65K,0.89%,2.02K,-0.04%,0.91K,-0.39%,-,-0.62%,0.46K,0.87%,-,-0.53%,0.69K,0.48%
544,2017-12-07,1,1,0,0,1,1,0,1,557.33K,1.30%,0.45K,0.35%,4.08K,-0.24%,1.74K,-2.69%,-,2.02%,0.65K,0.48%,-,-1.00%,0.69K,0.14%
545,2017-12-06,0,1,0,0,1,0,0,0,678.99K,-2.88%,0.39K,0.45%,5.62K,-0.45%,1.24K,-2.68%,-,0.21%,0.72K,-0.96%,-,-1.50%,0.77K,-2.36%
546,2017-12-05,1,0,1,1,0,1,0,0,499.25K,0.26%,0.58K,-2.31%,4.27K,0.04%,0.59K,0.15%,-,-0.06%,3.47K,0.15%,-,-0.75%,0.01K,-1.80%
547,2017-12-04,0,0,0,0,0,0,0,0,529.97K,-1.53%,0.33K,-0.67%,6.49K,-0.73%,0.72K,-0.55%,-,-0.85%,1.10K,-0.71%,-,-0.80%,0.89K,-0.10%
548,2017-12-01,1,1,0,1,1,0,1,1,685.22K,1.67%,0.74K,1.80%,13.40K,-2.23%,1.09K,1.62%,-,0.60%,2.42K,-0.44%,-,1.01%,2.05K,0.95%
549,2017-11-30,1,1,0,0,0,0,0,0,735.13K,0.17%,0.44K,1.40%,15.52K,-0.48%,1.05K,-2.08%,-,-0.86%,5.87K,-0.59%,-,-0.09%,2.04K,-2.82%
550,2017-11-29,0,0,1,0,1,0,1,1,741.56K,-1.19%,0.63K,-1.03%,10.65K,0.69%,0.80K,-1.09%,-,1.63%,20.48K,-0.15%,-,1.22%,0.01K,1.76%
551,2017-11-28,0,1,0,0,1,1,1,0,546.53K,-0.21%,0.46K,2.40%,9.31K,-0.15%,0.45K,-0.90%,-,1.11%,48.37K,1.19%,-,4.98%,0.23K,-1.95%
552,2017-11-27,0,0,1,1,0,0,0,0,690.08K,-1.42%,0.63K,-1.07%,9.56K,1.05%,0.40K,0.54%,-,-0.70%,66.56K,-1.00%,-,-1.65%,0.25K,-1.07%
553,2017-11-24,1,0,0,0,1,0,0,1,577.83K,0.98%,0.64K,-1.59%,6.47K,-0.40%,0.37K,-0.51%,-,1.05%,55.09K,-0.24%,-,-1.48%,0.19K,0.99%
554,2017-11-23,1,0,0,0,0,0,0,0,-,0.62%,,,,,,,,,-,-0.09%,,,,
555,2017-11-22,1,0,1,0,1,0,0,1,837.41K,2.09%,0.64K,-0.88%,12.04K,0.91%,0.41K,0.00%,-,1.60%,44.42K,-0.35%,-,-0.53%,0.32K,0.29%
556,2017-11-21,1,1,1,0,0,1,1,1,619.07K,1.32%,0.66K,0.37%,15.75K,0.75%,0.74K,-0.33%,-,-1.05%,47.24K,0.65%,-,0.56%,0.42K,1.13%
557,2017-11-20,0,0,0,1,1,0,0,0,37.70K,-0.81%,0.63K,-2.27%,13.84K,-1.47%,0.72K,0.30%,-,1.33%,61.66K,-1.42%,-,-1.32%,0.38K,-1.65%
558,2017-11-17,1,0,0,1,1,1,1,1,184.94K,2.56%,0.32K,-2.22%,10.35K,-0.59%,0.51K,0.42%,-,0.88%,55.06K,0.03%,-,1.48%,0.12K,3.29%
559,2017-11-16,0,0,0,1,1,0,1,0,213.92K,-0.34%,0.43K,-10.06%,11.62K,-0.54%,0.76K,1.90%,-,0.60%,54.59K,-0.92%,-,0.54%,0.33K,-2.84%
560,2017-11-15,0,1,1,1,1,1,0,1,501.39K,-0.66%,0.01K,5.71%,21.97K,0.59%,0.71K,0.99%,-,0.32%,69.32K,2.18%,-,-2.04%,0.00K,2.35%
561,2017-11-14,0,1,0,1,0,0,1,0,707.34K,-1.87%,0.14K,1.20%,23.06K,-0.89%,0.54K,0.50%,-,-0.41%,51.58K,-0.93%,-,1.00%,0.29K,-1.64%
562,2017-11-13,1,0,0,0,0,0,0,1,631.62K,0.04%,0.15K,-0.76%,31.18K,0.00%,1.53K,-1.23%,-,-0.22%,73.93K,-1.38%,-,-1.85%,0.37K,1.34%
563,2017-11-10,0,1,0,1,1,0,1,0,541.30K,-0.75%,0.10K,1.79%,44.62K,-1.55%,0.81K,0.77%,-,1.07%,47.06K,-0.94%,-,0.70%,0.21K,-0.32%
564,2017-11-09,1,1,0,1,0,0,1,0,666.95K,0.63%,0.10K,0.19%,41.41K,-0.37%,0.00K,0.03%,-,-0.60%,73.30K,-0.65%,-,0.53%,0.22K,-0.42%
565,2017-11-08,0,0,0,1,1,1,0,1,919.15K,-0.68%,0.18K,-0.65%,45.61K,-1.36%,0.00K,0.78%,-,0.87%,58.52K,1.00%,-,-0.12%,0.26K,0.32%
566,2017-11-07,0,1,0,1,0,1,0,0,750.19K,-0.26%,0.16K,0.69%,35.38K,-0.56%,0.01K,0.47%,-,-0.92%,73.82K,0.84%,-,-0.93%,0.38K,-2.16%
567,2017-11-06,1,1,0,1,1,1,1,1,861.71K,3.07%,0.19K,2.81%,33.69K,-1.55%,-,1.66%,-,0.19%,54.00K,0.90%,-,1.35%,0.27K,1.29%
568,2017-11-03,1,0,1,1,0,0,0,0,614.16K,2.02%,0.27K,0.00%,35.86K,2.39%,-,1.08%,-,-0.64%,65.48K,-1.26%,-,-0.12%,0.35K,-0.77%
569,2017-11-02,1,0,0,1,1,0,1,1,482.85K,0.44%,0.61K,-3.73%,39.01K,-1.80%,-,1.39%,-,1.20%,62.48K,-0.11%,-,1.73%,0.57K,0.06%
570,2017-11-01,0,1,1,0,0,1,0,1,671.04K,-0.15%,0.74K,1.75%,27.49K,5.06%,0.13K,-2.14%,-,-0.39%,62.79K,0.43%,-,0.00%,0.44K,1.33%
571,2017-10-31,1,1,1,0,0,1,0,0,497.30K,0.42%,0.49K,2.23%,0.20K,0.77%,0.11K,-0.35%,-,-0.20%,54.15K,0.20%,-,-1.59%,0.66K,-0.32%
572,2017-10-30,1,0,1,1,1,0,0,1,565.04K,0.46%,0.54K,-0.55%,0.85K,3.64%,0.19K,0.80%,-,0.67%,48.81K,-0.46%,-,-0.41%,0.68K,0.26%
573,2017-10-27,1,1,1,1,1,1,0,0,730.92K,2.39%,0.63K,2.27%,1.13K,1.07%,0.56K,1.20%,-,0.10%,52.46K,0.99%,-,-1.10%,0.32K,-2.31%
574,2017-10-26,1,1,1,1,0,1,0,0,594.65K,0.88%,0.56K,0.27%,1.33K,1.00%,0.36K,0.23%,-,-1.50%,48.06K,0.70%,-,-0.75%,0.35K,-0.13%
575,2017-10-25,0,0,0,1,0,0,0,0,681.74K,-0.55%,0.49K,-0.20%,1.98K,-0.53%,0.38K,1.15%,-,-0.53%,77.69K,-0.23%,-,-0.63%,0.49K,-0.50%
576,2017-10-24,1,1,1,0,0,0,1,1,709.55K,1.10%,0.67K,1.15%,2.17K,1.88%,0.41K,-0.75%,-,-0.22%,51.56K,-0.84%,-,0.11%,0.31K,0.41%
577,2017-10-23,1,1,0,0,1,1,1,1,583.56K,0.84%,0.74K,1.89%,4.16K,-0.13%,0.47K,-2.08%,-,4.31%,84.21K,1.38%,-,2.67%,0.36K,0.73%
578,2017-10-20,1,1,1,1,0,1,0,0,32.96K,0.35%,0.52K,0.19%,3.28K,0.43%,0.65K,2.56%,-,-0.76%,78.34K,0.98%,-,-1.59%,0.37K,-0.06%
579,2017-10-19,0,1,0,1,0,1,1,0,127.41K,-1.44%,0.51K,0.71%,2.86K,-0.25%,0.40K,1.20%,-,-0.53%,52.61K,1.26%,-,0.64%,0.41K,-0.32%
580,2017-10-18,1,0,1,0,0,0,0,0,152.62K,0.31%,0.52K,-1.12%,4.83K,0.27%,0.74K,-1.60%,-,-0.13%,37.29K,-0.54%,-,-1.09%,0.54K,-0.53%
581,2017-10-17,1,0,0,1,1,0,0,0,471.61K,0.02%,0.45K,-0.30%,3.64K,-0.49%,0.43K,0.26%,-,0.22%,36.76K,0.00%,-,-0.34%,0.47K,-1.36%
582,2017-10-16,1,1,0,1,0,1,0,1,520.73K,0.82%,0.72K,1.30%,6.52K,-0.97%,0.69K,0.49%,-,-1.50%,39.03K,0.30%,-,-0.80%,0.35K,3.37%
583,2017-10-13,1,1,1,0,1,1,1,1,667.50K,1.68%,0.69K,1.70%,3.44K,0.42%,1.25K,-4.59%,-,1.18%,-,1.27%,-,2.21%,0.32K,0.48%
584,2017-10-12,0,1,0,0,0,1,0,1,729.27K,-1.36%,0.53K,1.96%,6.85K,-1.25%,1.55K,-2.28%,-,-1.22%,0.42K,0.49%,-,-0.75%,0.50K,0.78%
585,2017-10-11,1,1,1,1,0,1,0,1,651.95K,0.75%,0.37K,0.47%,4.70K,0.07%,1.07K,0.84%,-,-0.28%,0.08K,0.15%,-,-0.55%,0.56K,1.12%
586,2017-10-10,1,0,1,1,0,0,0,1,664.84K,2.70%,0.63K,-1.55%,5.39K,2.04%,1.06K,2.38%,-,-0.09%,0.23K,-0.48%,-,-0.03%,0.72K,0.96%
587,2017-10-09,1,1,1,1,1,1,0,1,505.08K,0.59%,0.20K,0.39%,11.79K,0.36%,0.59K,0.22%,-,0.44%,0.22K,0.95%,-,-1.80%,0.41K,0.10%
588,2017-10-06,0,1,1,0,1,0,1,0,743.11K,-2.95%,0.24K,0.78%,9.63K,0.79%,0.54K,-1.29%,-,0.64%,0.32K,-0.18%,-,0.62%,0.40K,-0.56%
589,2017-10-05,1,1,1,1,0,0,0,1,654.39K,1.62%,0.41K,0.02%,8.30K,0.99%,0.96K,0.63%,-,-1.00%,2.13K,-0.67%,-,-0.28%,0.54K,2.92%
590,2017-10-04,0,0,0,1,1,1,0,0,598.84K,-0.87%,0.36K,-0.39%,9.17K,-0.02%,0.78K,1.87%,-,2.03%,0.43K,1.48%,-,-1.34%,0.37K,-0.14%
591,2017-10-03,0,1,1,1,0,1,1,1,462.74K,-0.32%,0.46K,0.88%,8.90K,1.18%,0.71K,1.50%,-,-0.07%,0.77K,0.71%,-,0.84%,0.42K,0.34%
592,2017-10-02,0,1,0,1,0,0,0,1,600.93K,-2.11%,0.40K,1.14%,7.83K,-1.17%,0.73K,3.13%,-,-1.20%,0.62K,-0.89%,-,-0.78%,1.17K,0.03%
593,2017-09-29,1,0,1,1,0,0,0,0,551.98K,0.21%,0.64K,-0.05%,12.08K,0.11%,0.82K,0.92%,-,-0.83%,3.91K,-0.06%,-,-1.43%,0.60K,-0.81%
594,2017-09-28,0,1,1,0,1,0,0,1,801.82K,-1.11%,0.87K,2.26%,6.97K,0.37%,0.62K,-1.97%,-,0.39%,34.57K,-1.30%,-,-1.46%,1.23K,1.75%
595,2017-09-27,1,1,1,1,0,0,1,1,637.04K,0.50%,0.57K,1.18%,13.99K,0.28%,0.52K,1.45%,-,-0.16%,38.77K,-0.63%,-,1.76%,0.66K,0.48%
596,2017-09-26,0,0,0,1,0,0,0,0,709.52K,-0.65%,0.33K,-0.28%,12.18K,-0.87%,0.45K,1.55%,-,-0.92%,45.11K,-1.63%,-,-0.11%,1.14K,-0.69%
597,2017-09-25,1,0,0,0,1,0,1,0,701.24K,3.08%,0.36K,-0.79%,12.09K,-2.11%,0.68K,-0.85%,-,1.37%,29.61K,-0.62%,-,1.00%,0.58K,-0.27%
598,2017-09-22,1,1,1,0,1,0,0,1,473.80K,0.22%,0.61K,1.21%,14.25K,1.34%,0.86K,-3.58%,-,0.45%,19.57K,-0.32%,-,-0.72%,0.57K,0.38%
599,2017-09-21,1,0,0,0,0,0,1,0,580.57K,0.28%,0.47K,-0.41%,16.55K,-0.77%,0.42K,-1.58%,-,-1.57%,15.27K,-1.64%,-,0.72%,0.50K,-1.22%
600,2017-09-20,1,1,1,1,0,1,1,0,35.49K,1.88%,0.48K,2.15%,29.88K,2.76%,0.70K,1.68%,-,-0.09%,20.05K,0.43%,-,1.52%,1.32K,0.00%
601,2017-09-19,0,1,1,1,0,1,0,1,143.38K,-0.86%,0.59K,0.69%,15.65K,0.37%,0.85K,0.53%,-,-0.06%,14.08K,0.97%,-,-0.28%,0.71K,0.03%
602,2017-09-18,1,0,0,1,1,0,0,1,189.61K,0.04%,0.33K,-4.05%,23.24K,-0.16%,0.56K,1.44%,-,0.64%,22.48K,-1.07%,-,-1.06%,1.05K,0.72%
603,2017-09-15,0,0,1,0,0,0,1,0,433.60K,0.00%,0.01K,-3.42%,25.64K,0.77%,-,-1.28%,-,-0.29%,11.38K,-0.29%,-,1.53%,1.11K,-0.31%
604,2017-09-14,1,1,0,0,0,0,0,0,709.04K,1.20%,0.04K,2.71%,39.70K,-0.58%,-,-2.20%,-,-0.19%,0.15K,-0.17%,-,-0.56%,1.24K,-0.81%
605,2017-09-13,1,1,1,0,1,0,1,0,706.93K,2.22%,0.08K,0.86%,34.33K,1.20%,-,-1.37%,-,0.22%,0.33K,-0.34%,-,0.45%,0.82K,-1.79%
606,2017-09-12,1,1,0,1,0,1,1,0,676.04K,0.33%,0.16K,0.82%,33.02K,-0.86%,-,3.43%,-,-4.25%,1.04K,0.14%,-,1.84%,1.31K,-1.02%
607,2017-09-11,1,0,0,0,0,1,0,0,774.47K,1.24%,0.15K,-1.93%,33.03K,-0.12%,-,-1.95%,-,-3.07%,0.94K,0.58%,-,-0.74%,0.97K,-2.03%
608,2017-09-08,0,1,1,1,1,0,1,0,843.76K,-3.28%,0.10K,1.32%,38.23K,1.04%,0.05K,2.76%,-,0.27%,1.21K,-1.40%,-,0.06%,0.00K,-0.45%
609,2017-09-07,0,1,1,1,0,0,0,0,702.51K,-0.14%,0.19K,1.10%,32.44K,1.46%,0.04K,3.37%,-,-0.30%,2.41K,-0.37%,-,-1.85%,1.53K,-0.26%
610,2017-09-06,1,0,1,0,0,1,1,1,788.96K,1.03%,0.24K,-1.61%,22.61K,0.26%,0.00K,-0.03%,-,-0.47%,2.86K,0.31%,-,0.51%,0.85K,0.77%
611,2017-09-05,1,1,0,1,1,0,1,1,1.03M,2.64%,0.50K,2.48%,26.17K,-0.69%,0.07K,4.98%,-,4.38%,4.82K,-0.59%,-,1.05%,1.51K,0.29%
612,2017-09-04,1,0,0,0,0,0,0,0,-,0.19%,,,,,,,,,,,,,,
613,2017-09-03,1,0,0,0,0,0,0,0,-,0.06%,,,,,,,,,,,,,,
614,2017-09-01,1,1,1,1,1,1,1,1,742.81K,0.13%,0.41K,0.29%,23.34K,0.60%,0.25K,0.69%,-,1.04%,4.87K,1.73%,-,0.78%,1.76K,0.62%
615,2017-08-31,1,1,0,1,1,1,1,1,915.71K,2.76%,0.66K,1.50%,0.16K,-0.97%,0.25K,3.11%,-,0.24%,7.25K,1.11%,-,1.34%,4.35K,0.49%
616,2017-08-30,0,1,1,1,1,1,1,0,882.98K,-1.03%,0.28K,0.98%,0.85K,0.29%,0.29K,2.03%,-,1.29%,22.97K,0.15%,-,0.06%,15.36K,-0.55%
617,2017-08-29,0,0,0,0,1,0,1,1,895.64K,-0.28%,0.76K,-1.00%,0.77K,-0.89%,0.28K,-1.43%,-,0.14%,32.06K,-0.90%,-,0.17%,0.10K,0.52%
618,2017-08-28,0,1,1,0,1,0,1,1,921.29K,-2.72%,0.50K,2.18%,1.26K,0.24%,0.30K,-1.96%,-,2.53%,31.71K,-0.06%,-,4.57%,0.53K,1.06%
619,2017-08-25,1,0,0,0,0,0,1,0,646.52K,0.93%,0.56K,-0.51%,0.89K,0.00%,0.55K,-2.20%,-,-2.44%,22.41K,-0.49%,-,0.18%,0.16K,-0.03%
620,2017-08-24,0,1,1,1,1,1,1,1,831.36K,-2.02%,0.59K,2.19%,1.99K,0.28%,0.47K,2.67%,-,1.32%,29.95K,0.17%,-,1.52%,0.23K,1.78%
621,2017-08-23,1,0,0,1,1,1,1,0,701.69K,1.62%,0.15K,-0.46%,1.44K,-1.01%,0.68K,2.24%,-,1.47%,19.30K,1.94%,-,0.03%,0.18K,-0.17%
622,2017-08-22,1,1,1,0,1,1,0,1,38.40K,0.57%,0.17K,0.63%,1.62K,0.68%,0.92K,-2.58%,-,0.73%,17.04K,0.77%,-,-1.71%,0.37K,0.17%
623,2017-08-21,0,0,0,0,1,1,0,1,129.19K,-2.35%,0.28K,-0.27%,1.76K,-0.35%,1.22K,-3.49%,-,0.33%,14.31K,0.57%,-,-1.50%,0.19K,1.36%
624,2017-08-18,1,0,0,0,1,1,1,1,253.07K,3.02%,0.33K,-1.35%,1.43K,-0.70%,1.29K,-2.64%,-,0.49%,19.49K,1.20%,-,0.54%,0.29K,0.10%
625,2017-08-17,1,1,0,1,1,1,0,0,608.31K,0.66%,0.26K,0.27%,3.35K,-2.15%,1.67K,1.73%,-,0.01%,15.71K,1.10%,-,-1.25%,0.22K,-0.54%
626,2017-08-16,0,0,0,1,0,1,0,1,815.54K,-1.62%,0.27K,-0.88%,2.82K,-0.52%,1.29K,1.69%,-,-0.52%,21.92K,0.43%,-,-2.50%,0.28K,2.39%
627,2017-08-15,0,1,1,1,0,0,0,0,770.36K,-0.08%,0.36K,0.89%,3.53K,0.92%,1.35K,2.39%,-,-0.81%,34.80K,-0.82%,-,-2.38%,0.42K,-0.72%
628,2017-08-14,0,1,0,0,0,0,1,0,763.24K,-2.52%,0.36K,1.34%,2.78K,-0.62%,0.62K,-0.04%,-,-0.65%,0.11K,-1.64%,-,0.28%,0.30K,-0.27%
629,2017-08-11,1,0,1,1,0,0,0,1,804.24K,0.47%,0.55K,-0.03%,2.59K,0.80%,0.58K,0.41%,-,-1.00%,0.11K,-0.62%,-,-0.23%,0.29K,0.28%
630,2017-08-10,0,0,0,1,0,0,0,0,1.14M,-1.96%,0.44K,-0.68%,3.16K,-1.05%,1.07K,1.57%,-,-3.20%,0.11K,-1.14%,-,-4.24%,0.37K,-3.20%
631,2017-08-09,1,0,0,1,0,1,1,1,858.25K,0.79%,0.35K,0.00%,6.55K,-2.20%,0.83K,1.44%,-,0.00%,0.61K,0.98%,-,0.60%,0.00K,2.04%
632,2017-08-08,0,1,0,0,1,1,0,1,924.24K,-0.45%,0.49K,0.11%,4.96K,-0.24%,0.79K,-1.90%,-,0.91%,0.17K,0.87%,-,-1.46%,0.31K,1.17%
633,2017-08-07,0,0,0,0,0,0,1,1,831.37K,-0.38%,0.48K,-1.66%,7.68K,-2.34%,0.41K,-0.89%,-,-0.09%,0.97K,-0.27%,-,1.92%,0.32K,0.80%
634,2017-08-04,1,0,1,1,1,1,0,1,745.66K,1.12%,0.37K,-2.61%,9.55K,0.20%,1.09K,1.50%,-,0.60%,1.15K,0.66%,-,-0.55%,0.30K,0.28%
635,2017-08-03,0,0,1,0,0,0,0,0,837.76K,-1.13%,0.34K,-0.23%,11.61K,0.61%,0.62K,-0.45%,-,-0.13%,2.21K,-2.25%,-,-0.76%,0.30K,-0.17%
636,2017-08-02,1,1,1,1,1,1,0,1,847.72K,0.87%,0.45K,1.00%,13.04K,1.53%,0.73K,1.36%,-,1.36%,3.35K,0.86%,-,-0.11%,0.41K,0.10%
637,2017-08-01,0,1,1,1,1,0,0,0,1.01M,-2.01%,0.43K,0.69%,7.30K,0.71%,1.02K,0.34%,-,0.55%,4.42K,-2.45%,-,-2.69%,0.58K,-0.31%
638,2017-07-31,1,1,0,0,1,1,0,1,781.54K,0.93%,0.54K,0.16%,14.23K,-0.80%,1.54K,-3.41%,-,0.22%,8.13K,0.29%,-,-1.45%,0.44K,0.63%
639,2017-07-28,1,0,0,0,0,1,1,0,771.23K,1.37%,0.31K,-0.97%,11.56K,-1.22%,0.75K,-1.05%,-,-0.04%,29.53K,2.25%,-,0.10%,0.52K,-0.14%
640,2017-07-27,1,1,0,1,1,1,1,1,880.76K,0.59%,0.25K,1.03%,13.10K,0.00%,0.85K,2.76%,-,0.58%,37.29K,0.36%,-,0.58%,0.24K,0.17%
641,2017-07-26,1,1,1,1,0,1,1,1,887.86K,1.80%,0.30K,0.08%,13.84K,0.99%,0.70K,1.06%,-,-0.62%,38.91K,0.69%,-,0.61%,0.97K,0.99%
642,2017-07-25,1,0,0,0,1,0,0,1,885.70K,3.34%,0.35K,-0.45%,16.73K,-0.61%,0.62K,-1.38%,-,0.82%,40.84K,-0.33%,-,-2.81%,0.94K,4.10%
643,2017-07-24,1,0,0,1,0,0,0,1,707.91K,1.25%,0.54K,-2.02%,19.30K,-2.19%,1.29K,3.14%,-,-0.03%,36.81K,-0.56%,-,-2.13%,0.62K,0.52%
644,2017-07-21,0,0,1,1,0,0,0,1,769.44K,-2.18%,0.41K,-0.49%,19.32K,0.47%,0.82K,3.66%,-,-0.97%,17.76K,-0.50%,-,-1.21%,0.29K,0.26%
645,2017-07-20,0,0,0,1,1,1,1,1,23.24K,-0.70%,0.77K,-0.05%,19.11K,-1.19%,0.51K,0.24%,-,1.26%,38.11K,1.52%,-,0.40%,0.37K,0.18%
646,2017-07-19,1,1,1,0,1,1,0,0,140.68K,1.55%,0.49K,0.86%,32.02K,1.91%,0.70K,-0.95%,-,0.01%,17.39K,0.87%,-,-0.22%,0.43K,-0.77%
647,2017-07-18,1,0,0,0,1,1,0,1,208.42K,0.83%,0.65K,-0.46%,27.01K,-1.60%,0.73K,0.00%,-,0.56%,22.42K,0.48%,-,-0.35%,0.47K,0.26%
648,2017-07-17,0,0,0,0,1,0,0,1,560.63K,-1.12%,0.55K,-3.90%,30.57K,-0.72%,0.85K,-0.16%,-,1.71%,15.12K,-0.15%,-,-0.83%,0.54K,1.23%
649,2017-07-14,1,1,1,0,1,1,0,1,742.90K,1.00%,0.07K,2.81%,40.91K,0.32%,0.74K,-1.59%,-,0.30%,0.14K,0.15%,-,-0.17%,0.45K,1.09%
650,2017-07-13,1,0,0,1,0,0,0,0,748.97K,1.30%,0.13K,-0.51%,50.67K,-0.38%,0.74K,0.12%,-,-1.15%,0.32K,-1.26%,-,-4.64%,0.57K,-0.82%
651,2017-07-12,1,1,1,0,0,0,0,1,963.51K,1.00%,0.17K,1.34%,49.91K,2.61%,0.54K,-0.49%,-,-0.65%,0.65K,-0.89%,-,-3.03%,0.50K,0.49%
652,2017-07-11,1,1,1,0,1,1,1,1,1.01M,1.44%,0.22K,2.34%,37.58K,0.92%,-,-2.57%,-,0.45%,0.91K,0.33%,-,0.50%,0.76K,0.95%
653,2017-07-10,1,1,0,0,0,1,1,1,848.57K,0.38%,0.52K,3.94%,32.38K,-0.83%,0.01K,-0.82%,-,-1.67%,0.52K,2.56%,-,2.85%,0.90K,0.04%
654,2017-07-07,0,1,0,0,1,0,0,0,975.91K,-2.83%,0.23K,0.88%,27.04K,-0.15%,-,-0.63%,-,0.38%,0.34K,-0.15%,-,-0.63%,0.56K,-0.49%
655,2017-07-06,1,0,1,0,1,0,0,1,969.68K,0.86%,0.25K,-0.69%,35.82K,1.23%,0.00K,-1.96%,-,0.90%,2.45K,-0.97%,-,-3.60%,0.59K,0.08%
656,2017-07-05,0,0,0,1,0,1,1,0,1.17M,-4.24%,0.07K,-0.60%,34.57K,-1.90%,0.01K,4.44%,-,-0.46%,1.49K,0.06%,-,0.79%,0.98K,-1.19%
657,2017-07-04,1,0,0,0,0,0,0,0,-,0.13%,,,,,,,,,,,,,,
658,2017-07-03,1,1,0,1,0,1,1,0,517.62K,2.24%,0.04K,0.30%,20.11K,-2.81%,0.01K,1.39%,-,-1.14%,2.95K,0.61%,-,5.45%,1.56K,-0.67%
659,2017-06-30,1,0,0,0,1,1,1,1,677.41K,2.47%,0.47K,-0.03%,0.26K,-0.92%,0.14K,-2.29%,-,2.14%,7.21K,1.57%,-,6.02%,1.96K,0.60%
660,2017-06-29,1,1,0,0,0,1,1,1,768.95K,0.42%,0.38K,2.01%,1.33K,-0.04%,0.15K,-4.49%,-,-0.61%,33.70K,0.93%,-,4.78%,9.14K,0.79%
661,2017-06-28,1,1,1,0,1,1,1,1,753.38K,1.13%,0.44K,1.47%,1.55K,0.54%,0.18K,-2.66%,-,0.13%,63.19K,0.12%,-,0.91%,0.38K,0.57%
662,2017-06-27,1,0,0,1,1,1,1,1,759.12K,1.98%,0.56K,-2.02%,1.37K,-1.54%,0.48K,1.45%,-,0.07%,51.24K,1.78%,-,0.59%,0.21K,0.84%
663,2017-06-26,1,0,1,1,0,0,1,1,661.35K,0.86%,0.62K,-0.77%,1.52K,1.91%,0.57K,2.36%,-,-7.55%,46.07K,-0.28%,-,1.36%,0.32K,0.08%
664,2017-06-23,1,1,1,1,1,1,0,1,690.91K,0.63%,0.15K,0.19%,1.12K,0.48%,0.49K,4.32%,-,2.67%,55.39K,0.19%,-,-0.22%,0.23K,0.96%
665,2017-06-22,1,1,0,1,1,0,0,0,668.83K,0.49%,0.27K,0.81%,2.23K,-0.73%,0.62K,0.42%,-,0.11%,60.87K,-0.94%,-,-0.81%,0.32K,-0.15%
666,2017-06-21,0,0,0,0,0,0,0,1,1.07M,-1.62%,0.20K,-0.96%,2.36K,-0.71%,1.23K,-3.10%,-,-0.38%,64.49K,-0.53%,-,-1.48%,0.25K,1.84%
667,2017-06-20,0,0,1,0,0,0,1,0,29.57K,-2.19%,0.31K,-1.25%,2.32K,0.29%,1.21K,-2.45%,-,-0.07%,70.92K,-2.44%,-,0.86%,0.45K,-1.35%
668,2017-06-19,0,1,0,0,0,0,1,1,123.94K,-1.21%,0.30K,1.32%,1.94K,-1.40%,1.02K,-1.94%,-,-0.81%,52.42K,-0.88%,-,0.38%,0.27K,1.09%
669,2017-06-16,1,0,0,0,0,1,1,0,191.82K,0.63%,0.25K,-0.57%,2.42K,-0.65%,1.01K,-0.70%,-,-0.12%,64.11K,1.13%,-,2.47%,0.49K,-0.08%
670,2017-06-15,0,0,0,1,0,1,1,0,500.94K,-0.60%,0.36K,-0.68%,3.85K,-1.61%,0.90K,1.78%,-,-2.04%,73.74K,2.03%,-,2.62%,0.52K,-0.27%
671,2017-06-14,0,0,0,0,0,0,0,0,924.41K,-3.72%,0.26K,-0.24%,4.13K,-2.35%,0.69K,-0.57%,-,-1.34%,39.02K,0.00%,-,-0.31%,0.48K,-0.85%
672,2017-06-13,1,0,0,1,0,1,1,0,783.32K,0.82%,0.56K,-0.35%,2.66K,-0.66%,0.75K,2.10%,-,-0.83%,62.39K,0.47%,-,2.42%,0.28K,-0.73%
673,2017-06-12,1,1,0,0,0,0,0,0,666.77K,0.55%,0.35K,1.59%,4.91K,-2.21%,0.69K,-0.47%,-,-0.71%,51.09K,-1.08%,-,-2.64%,0.27K,-1.28%
674,2017-06-09,1,1,0,1,0,1,0,1,735.93K,0.42%,0.21K,0.22%,3.77K,-0.10%,0.87K,1.35%,-,-1.03%,103.22K,1.38%,-,-0.89%,0.25K,1.50%
675,2017-06-08,0,1,1,1,1,1,1,1,927.70K,-0.17%,0.45K,1.59%,4.80K,0.13%,0.84K,3.83%,-,0.80%,65.43K,1.56%,-,1.12%,0.31K,2.28%
676,2017-06-07,0,1,1,0,0,0,1,1,1.18M,-5.13%,0.51K,0.82%,5.78K,0.77%,0.43K,-0.49%,-,-0.33%,66.42K,-0.10%,-,2.07%,0.25K,0.16%
677,2017-06-06,1,1,0,0,0,1,1,0,825.06K,1.67%,0.27K,0.97%,7.69K,-1.44%,0.72K,-2.36%,-,-0.42%,54.52K,0.26%,-,1.46%,0.29K,-0.35%
678,2017-06-05,0,0,1,1,0,1,1,0,710.20K,-0.55%,0.41K,-0.54%,7.38K,0.97%,0.80K,2.45%,-,-0.37%,49.96K,0.97%,-,0.06%,0.32K,-0.66%
679,2017-06-02,0,1,1,1,0,0,0,0,802.66K,-1.45%,0.44K,0.08%,16.72K,2.67%,1.29K,0.45%,-,-1.13%,55.50K,-0.77%,-,0.00%,0.36K,-0.50%
680,2017-06-01,1,1,1,0,1,0,0,1,774.48K,0.08%,0.93K,2.35%,10.67K,2.41%,1.28K,-1.24%,-,0.83%,56.05K,-0.29%,-,-0.06%,0.65K,0.27%
681,2017-05-31,0,0,1,0,0,0,1,1,779.14K,-2.70%,0.63K,-0.49%,10.65K,1.18%,1.09K,-2.13%,-,-0.52%,63.15K,-0.25%,-,0.03%,0.52K,0.62%
682,2017-05-30,0,0,1,0,1,0,0,1,663.49K,-0.62%,0.72K,-2.09%,10.07K,0.22%,0.72K,-1.55%,-,0.21%,63.36K,-0.63%,-,-2.14%,0.72K,0.08%
683,2017-05-29,1,0,0,0,0,1,0,0,-,0.06%,,,,,,,,,-,0.06%,,,,
684,2017-05-28,1,0,0,0,0,0,0,0,-,0.28%,,,,,,,,,,,,,,
685,2017-05-26,1,1,0,1,0,0,1,0,763.92K,1.84%,0.33K,0.34%,12.30K,-0.99%,0.69K,1.95%,-,-0.10%,52.95K,-1.37%,-,1.86%,0.39K,-1.27%
686,2017-05-25,0,0,1,1,0,0,0,1,1.15M,-4.79%,0.66K,-2.38%,11.94K,1.47%,1.48K,0.04%,-,-0.26%,37.33K,-0.74%,-,-0.40%,0.77K,0.54%
687,2017-05-24,0,0,0,1,1,0,1,0,736.34K,-0.21%,0.26K,-0.30%,13.35K,-0.77%,0.80K,0.07%,-,0.30%,44.26K,-0.19%,-,0.79%,0.51K,-0.50%
688,2017-05-23,1,0,0,0,0,0,0,1,584.14K,1.46%,0.21K,-0.17%,11.65K,-0.69%,0.67K,-0.18%,-,-1.56%,52.47K,-1.82%,-,-1.29%,0.97K,0.08%
689,2017-05-22,1,1,1,0,0,0,0,1,30.01K,0.79%,0.32K,0.08%,14.76K,0.38%,1.09K,-2.65%,-,-1.26%,48.13K,-0.30%,-,-0.17%,0.31K,0.58%
690,2017-05-19,1,0,1,0,1,1,1,1,146.45K,1.99%,0.43K,-1.28%,15.02K,0.43%,1.19K,-0.96%,-,0.24%,49.61K,1.85%,-,2.23%,0.81K,1.90%
691,2017-05-18,1,0,1,0,0,0,0,0,242.75K,0.57%,0.36K,-1.61%,21.66K,0.39%,0.87K,-0.56%,-,-1.31%,94.35K,-2.14%,-,-0.35%,0.59K,-0.63%
692,2017-05-17,1,1,1,0,0,1,1,0,650.11K,0.84%,0.47K,0.54%,28.94K,0.45%,0.54K,-1.01%,-,-1.45%,41.47K,0.42%,-,0.59%,0.74K,-0.12%
693,2017-05-16,0,0,0,0,0,0,1,1,589.21K,-0.39%,0.34K,-4.08%,23.85K,-0.45%,0.46K,-0.62%,-,-4.78%,46.77K,-0.03%,-,0.18%,0.35K,0.47%
694,2017-05-15,1,1,0,0,1,1,0,1,687.15K,2.11%,0.09K,3.39%,23.13K,-2.18%,0.53K,-2.24%,-,4.19%,44.59K,1.20%,-,-1.96%,0.60K,0.60%
695,2017-05-12,1,0,1,1,1,1,0,1,537.49K,0.02%,0.13K,-0.19%,42.48K,1.01%,0.59K,1.76%,-,3.76%,0.07K,1.12%,-,-0.17%,0.34K,0.68%
696,2017-05-11,1,1,0,1,1,1,1,1,661.78K,1.06%,0.11K,1.93%,48.41K,-0.22%,0.51K,1.19%,-,3.60%,0.01K,0.62%,-,0.41%,0.41K,0.56%
697,2017-05-10,1,0,0,0,0,0,1,0,819.80K,3.16%,0.38K,-2.98%,57.57K,-0.62%,-,-2.76%,-,-1.32%,0.07K,-1.78%,-,0.47%,0.39K,-0.12%
698,2017-05-09,0,0,0,0,1,0,0,1,701.94K,-1.18%,0.15K,-0.39%,61.67K,-2.19%,-,-1.16%,-,0.19%,0.16K,-0.24%,-,-0.98%,0.65K,0.16%
699,2017-05-08,1,0,0,1,0,1,0,0,785.06K,0.45%,0.14K,-0.47%,69.09K,-0.41%,0.02K,1.84%,-,-0.69%,0.18K,0.06%,-,-2.03%,0.61K,-1.31%
700,2017-05-05,1,0,0,0,0,1,1,1,1.02M,1.54%,0.17K,-1.42%,47.54K,-2.28%,-,-2.92%,-,-1.44%,0.44K,1.18%,-,1.08%,0.52K,0.68%
701,2017-05-04,0,1,1,1,1,1,0,0,943.96K,-4.81%,0.17K,1.28%,67.88K,0.96%,0.00K,0.79%,-,0.18%,1.10K,0.03%,-,-3.36%,0.78K,-1.22%
702,2017-05-03,1,0,1,0,0,0,0,0,691.32K,0.34%,0.19K,-0.42%,71.95K,2.36%,-,-6.28%,-,-0.44%,1.55K,-0.09%,-,-0.22%,1.01K,-3.50%
703,2017-05-02,0,0,1,0,1,1,0,0,702.38K,-2.42%,0.24K,-0.80%,57.47K,2.36%,0.00K,-0.99%,-,0.27%,0.61K,1.44%,-,-0.33%,1.07K,-0.94%
704,2017-05-01,0,1,0,1,1,1,1,1,364.39K,-0.99%,0.46K,2.24%,37.24K,-10.05%,0.03K,1.99%,-,0.23%,1.92K,1.40%,-,5.40%,1.63K,2.08%
705,2017-04-28,1,1,1,1,1,0,1,1,633.99K,0.74%,0.33K,0.56%,0.42K,1.77%,0.32K,1.22%,-,1.05%,4.54K,-0.79%,-,0.26%,2.96K,0.62%
706,2017-04-27,0,1,1,0,0,0,1,0,771.19K,-1.31%,0.34K,0.13%,2.13K,2.71%,0.63K,-2.83%,-,-1.49%,16.71K,-0.66%,-,1.29%,19.00K,-0.42%
707,2017-04-26,1,0,1,1,0,1,0,1,655.72K,0.12%,0.69K,-2.05%,2.22K,1.69%,0.51K,1.71%,-,-0.31%,49.90K,1.04%,-,-0.29%,0.22K,0.35%
708,2017-04-25,1,0,1,1,1,0,1,1,587.24K,0.67%,0.38K,-2.53%,1.76K,0.64%,0.63K,0.41%,-,0.76%,67.09K,-0.35%,-,1.97%,0.27K,1.10%
709,2017-04-24,0,0,0,0,0,0,1,1,517.90K,-0.79%,0.79K,-0.85%,2.30K,-0.62%,1.27K,-1.63%,-,-0.89%,48.12K,-0.78%,-,3.27%,0.52K,0.67%
710,2017-04-21,0,1,1,0,0,1,0,0,687.47K,-1.29%,0.52K,2.49%,2.29K,0.14%,1.16K,-0.65%,-,-0.93%,43.64K,0.06%,-,-0.25%,0.28K,-0.16%
711,2017-04-20,0,1,1,0,1,1,0,1,33.75K,-0.34%,0.42K,0.36%,3.97K,1.33%,0.92K,-3.07%,-,3.24%,45.14K,1.08%,-,-2.81%,0.49K,0.28%
712,2017-04-19,0,1,1,1,1,1,0,1,133.17K,-3.76%,0.27K,0.62%,5.78K,0.91%,0.69K,1.53%,-,1.05%,52.67K,1.41%,-,-0.89%,0.28K,0.20%
713,2017-04-18,0,0,1,1,0,0,1,0,202.04K,-0.46%,0.50K,-0.44%,3.08K,0.28%,1.08K,2.99%,-,-0.30%,69.43K,-2.08%,-,0.24%,0.22K,-2.54%
714,2017-04-17,0,1,1,0,1,1,0,1,326.34K,-1.00%,0.34K,0.44%,2.77K,0.84%,0.82K,-1.15%,-,1.92%,52.56K,1.96%,-,-1.98%,0.17K,0.97%
715,2017-04-13,1,0,1,0,1,0,0,1,480.84K,0.13%,0.70K,-2.16%,5.17K,0.95%,1.00K,-0.25%,-,1.30%,68.55K,-0.16%,-,-0.84%,0.21K,1.02%
716,2017-04-12,0,0,1,0,0,1,0,0,629.81K,-0.54%,0.49K,-2.48%,4.84K,0.77%,0.43K,-0.37%,-,-0.27%,82.22K,0.55%,-,-0.17%,0.29K,-2.38%
717,2017-04-11,1,1,1,0,0,0,1,1,598.00K,0.60%,0.52K,2.46%,4.57K,1.78%,1.10K,-3.49%,-,-0.39%,83.12K,-0.89%,-,1.25%,0.40K,0.15%
718,2017-04-10,1,0,1,1,1,0,1,0,565.44K,1.61%,1.23K,-1.45%,5.82K,0.87%,0.94K,0.12%,-,2.33%,66.02K,-0.85%,-,1.21%,0.52K,-1.63%
719,2017-04-07,1,1,1,1,0,1,1,0,796.44K,1.04%,0.27K,2.57%,13.93K,1.05%,0.97K,3.30%,-,-1.45%,74.13K,0.80%,-,0.15%,0.36K,-0.38%
720,2017-04-06,1,1,1,1,0,0,0,0,473.02K,1.08%,0.88K,2.63%,6.08K,0.44%,0.93K,0.81%,-,-0.39%,49.85K,-1.45%,-,-1.69%,0.42K,-0.75%
721,2017-04-05,1,1,1,1,1,1,1,1,651.40K,0.24%,0.61K,1.74%,7.85K,0.04%,1.28K,3.64%,-,0.08%,57.58K,1.27%,-,0.70%,0.43K,2.65%
722,2017-04-04,1,0,0,1,0,1,0,1,532.05K,1.57%,0.27K,-0.24%,9.10K,-1.00%,1.48K,0.71%,-,-0.91%,69.84K,0.03%,-,-0.47%,0.33K,0.31%
723,2017-04-03,0,0,0,0,0,0,1,0,440.72K,-0.71%,0.74K,-1.94%,8.90K,-0.44%,1.28K,-1.91%,-,-2.37%,46.84K,-1.13%,-,0.82%,0.56K,-1.85%
724,2017-03-31,1,1,0,0,1,0,1,0,527.61K,0.50%,0.82K,1.60%,8.22K,-0.04%,2.93K,-2.21%,-,1.46%,80.32K,-0.72%,-,1.19%,0.63K,-0.68%
725,2017-03-30,1,1,0,0,1,0,0,0,580.67K,1.70%,0.65K,1.68%,10.87K,-1.11%,2.07K,-4.86%,-,0.13%,71.64K,-0.62%,-,-1.12%,0.65K,-0.19%
726,2017-03-29,1,0,1,0,0,0,1,1,548.62K,2.36%,0.20K,0.00%,9.56K,0.48%,1.01K,-1.03%,-,-1.05%,43.70K,-0.80%,-,0.18%,0.42K,0.04%
727,2017-03-28,1,0,0,0,0,1,1,1,502.38K,1.34%,0.26K,-0.91%,9.58K,-0.25%,1.22K,-2.57%,-,-0.09%,47.03K,0.56%,-,0.83%,0.36K,1.68%
728,2017-03-27,0,0,0,0,0,1,0,1,466.18K,-0.50%,0.20K,-1.06%,12.34K,-0.84%,1.69K,-2.97%,-,-0.61%,58.66K,0.19%,-,-0.71%,0.43K,0.08%
729,2017-03-24,1,0,1,0,1,0,1,0,421.03K,0.57%,0.24K,-0.03%,16.78K,0.27%,0.96K,-2.59%,-,0.13%,68.70K,-2.98%,-,0.71%,0.39K,-0.49%
730,2017-03-23,0,1,0,0,0,0,0,1,499.88K,-0.71%,0.36K,0.91%,15.96K,-0.55%,1.02K,-2.04%,-,-0.01%,84.30K,-0.89%,-,-0.24%,0.39K,0.53%
731,2017-03-22,1,1,1,0,1,1,0,1,680.85K,1.48%,0.10K,0.84%,33.33K,2.13%,1.44K,-0.68%,-,0.74%,90.76K,1.15%,-,-1.00%,0.44K,0.46%
732,2017-03-21,0,0,1,1,0,1,0,0,28.08K,-1.82%,0.40K,-0.22%,21.96K,0.84%,1.99K,4.07%,-,-0.74%,81.27K,1.22%,-,-0.99%,0.55K,-1.69%
733,2017-03-20,0,1,0,1,0,1,0,0,142.26K,-1.15%,0.46K,2.54%,23.64K,-0.36%,0.95K,1.05%,-,-1.28%,57.02K,1.36%,-,-1.37%,0.37K,-0.90%
734,2017-03-17,1,0,1,1,1,1,0,1,172.34K,0.06%,0.23K,-0.47%,18.91K,0.10%,0.97K,1.94%,-,0.37%,46.07K,0.12%,-,0.00%,0.30K,0.49%
735,2017-03-16,0,1,1,0,0,1,1,1,516.85K,-0.23%,0.18K,6.63%,28.35K,1.27%,0.66K,-0.34%,-,-0.06%,61.94K,0.12%,-,0.17%,0.40K,0.76%
736,2017-03-15,1,0,1,1,1,1,1,1,655.79K,2.39%,0.08K,-1.53%,29.00K,1.18%,0.80K,1.60%,-,1.27%,52.74K,1.16%,-,1.16%,0.32K,0.84%
737,2017-03-14,0,1,0,1,1,0,1,1,857.71K,-1.40%,0.04K,0.35%,29.66K,-1.21%,0.93K,1.74%,-,0.42%,0.21K,-0.06%,-,0.06%,0.38K,0.31%
738,2017-03-13,0,0,1,1,0,0,0,1,601.36K,-0.19%,0.03K,-0.14%,27.70K,0.13%,-,0.38%,-,-0.60%,0.08K,-1.76%,-,-2.55%,0.39K,1.12%
739,2017-03-10,0,0,1,0,0,0,0,1,796.96K,-1.60%,-,-0.89%,-,0.94%,-,-2.89%,-,-0.69%,0.28K,-1.31%,-,-0.39%,0.64K,0.66%
740,2017-03-09,0,0,1,1,0,0,0,0,1.07M,-1.99%,0.20K,-2.27%,35.07K,0.45%,0.03K,0.94%,-,-0.40%,0.10K,-1.26%,-,-0.84%,0.83K,-0.85%
741,2017-03-08,0,0,1,0,1,0,0,0,963.39K,-5.38%,0.24K,-1.16%,43.96K,0.54%,0.02K,-2.18%,-,0.17%,1.86K,-0.54%,-,-1.92%,0.89K,-0.69%
742,2017-03-07,0,1,0,0,0,0,0,0,494.68K,-0.11%,0.20K,1.12%,30.09K,-0.17%,0.29K,-0.44%,-,-1.49%,1.30K,-1.62%,-,-0.54%,1.73K,-1.25%
743,2017-03-06,0,0,0,1,1,0,1,0,503.69K,-0.24%,0.18K,-0.03%,22.84K,-0.37%,0.00K,2.83%,-,1.62%,2.21K,-0.32%,-,0.99%,0.84K,-1.64%
744,2017-03-03,1,1,0,1,1,1,1,1,436.36K,1.37%,0.28K,0.37%,23.77K,-0.15%,0.00K,2.49%,-,1.43%,2.32K,0.74%,-,0.17%,0.63K,0.30%
745,2017-03-02,0,0,0,1,0,0,0,0,638.39K,-2.27%,0.38K,-1.60%,30.39K,-1.21%,0.01K,2.43%,-,-1.37%,2.90K,-1.77%,-,-0.82%,0.78K,-1.76%
746,2017-03-01,0,0,0,1,1,1,1,1,491.29K,-0.33%,0.26K,-1.34%,39.94K,-7.13%,0.01K,1.06%,-,2.10%,3.87K,2.37%,-,3.04%,1.18K,0.85%
747,2017-02-28,0,0,1,1,1,1,1,1,593.91K,-0.07%,0.22K,-1.90%,0.49K,0.98%,0.49K,1.70%,-,0.25%,13.35K,4.14%,-,1.14%,1.74K,0.60%
748,2017-02-27,1,1,1,0,0,0,1,1,394.38K,0.11%,0.43K,1.63%,1.27K,1.31%,1.02K,-5.81%,-,-0.61%,38.34K,-0.12%,-,1.33%,14.42K,0.30%
749,2017-02-24,0,1,1,0,1,1,0,1,395.26K,-0.84%,0.32K,1.27%,2.05K,0.55%,1.51K,-2.13%,-,0.60%,39.49K,0.22%,-,-0.92%,0.09K,1.40%
750,2017-02-23,1,0,1,1,1,0,0,0,529.88K,1.60%,0.37K,-0.22%,2.26K,1.46%,1.19K,1.12%,-,0.87%,39.25K,-1.22%,-,-0.91%,0.16K,-3.26%
751,2017-02-22,0,1,1,0,0,1,1,0,499.48K,-0.87%,0.31K,0.66%,4.49K,1.85%,1.14K,-0.91%,-,-0.28%,62.87K,0.15%,-,0.92%,0.17K,-0.47%
752,2017-02-21,1,0,1,0,1,0,0,1,44.05K,0.17%,0.62K,-0.55%,2.31K,1.00%,1.61K,-0.45%,-,3.09%,60.43K,-0.67%,-,-0.96%,0.23K,1.48%
753,2017-02-20,1,0,0,0,0,0,0,0,-,0.33%,,,,,,,,,,,,,,
754,2017-02-19,1,0,0,0,0,0,0,0,-,0.73%,,,,,,,,,,,,,,
755,2017-02-17,1,1,1,1,0,0,0,0,195.35K,0.07%,0.39K,0.55%,3.36K,1.20%,1.16K,1.00%,-,-2.16%,79.38K,-1.88%,-,-1.45%,0.27K,-0.41%
756,2017-02-16,1,0,0,1,0,0,0,0,343.36K,0.47%,0.46K,-1.20%,2.10K,-0.21%,1.16K,0.87%,-,-0.94%,59.05K,-1.24%,-,-1.59%,0.41K,-0.73%
757,2017-02-15,0,1,0,1,0,0,1,1,463.64K,-0.17%,0.47K,0.08%,2.73K,-0.51%,1.14K,1.76%,-,-0.89%,52.16K,-0.59%,-,1.17%,1.09K,0.18%
758,2017-02-14,1,0,1,1,0,0,0,0,493.02K,0.51%,0.40K,0.00%,2.57K,1.25%,0.99K,1.74%,-,-0.37%,52.34K,-0.09%,-,-0.39%,0.71K,-1.62%
759,2017-02-13,0,0,0,0,1,0,1,1,586.03K,-1.73%,0.39K,-1.38%,2.02K,-0.41%,1.23K,-1.68%,-,1.13%,57.83K,-1.27%,-,0.39%,0.41K,0.51%
760,2017-02-10,1,0,0,0,1,0,1,1,596.45K,1.62%,0.52K,-1.31%,5.25K,-1.06%,1.15K,-2.33%,-,0.24%,56.58K,-0.17%,-,1.41%,0.38K,4.31%
761,2017-02-09,1,1,1,1,1,0,1,0,610.20K,1.26%,0.85K,0.94%,5.06K,0.75%,0.74K,0.58%,-,0.57%,63.93K,-0.06%,-,2.48%,0.32K,-0.45%
762,2017-02-08,1,1,0,1,1,1,1,1,767.38K,0.33%,0.66K,2.76%,6.42K,-0.76%,0.86K,1.76%,-,0.17%,75.49K,1.14%,-,0.64%,0.33K,1.29%
763,2017-02-07,0,1,1,1,0,0,1,0,624.06K,-1.58%,0.62K,0.50%,4.47K,1.07%,0.81K,2.72%,-,-0.74%,68.86K,-0.41%,-,1.53%,0.68K,-0.76%
764,2017-02-06,0,1,0,0,0,1,0,1,425.09K,-1.52%,0.61K,2.71%,6.54K,-0.41%,0.66K,-0.90%,-,-0.89%,44.57K,1.71%,-,-1.71%,0.26K,1.38%
765,2017-02-03,1,1,1,1,0,0,0,0,462.62K,0.54%,0.91K,0.78%,8.61K,0.02%,0.81K,0.36%,-,-0.65%,66.94K,-2.11%,-,-1.00%,0.43K,-2.54%
766,2017-02-02,0,1,1,0,1,1,1,0,492.55K,-0.63%,1.16K,2.96%,11.47K,1.12%,0.86K,-2.89%,-,0.59%,60.38K,0.82%,-,0.58%,0.53K,-0.96%
767,2017-02-01,1,1,0,0,1,1,1,0,577.24K,2.03%,0.81K,2.39%,13.66K,-0.02%,1.16K,-0.90%,-,1.89%,47.02K,1.36%,-,2.79%,0.69K,-0.62%
768,2017-01-31,1,1,0,0,1,1,1,1,586.68K,0.34%,0.64K,1.79%,8.41K,-0.49%,0.93K,-2.78%,-,1.17%,55.99K,0.71%,-,1.63%,0.60K,2.80%
769,2017-01-30,0,0,0,1,0,0,0,0,486.31K,-1.02%,0.39K,-1.28%,13.90K,-1.82%,1.72K,2.68%,-,-1.07%,64.70K,-1.93%,-,-1.78%,0.77K,-1.23%
770,2017-01-27,0,0,0,1,1,0,0,1,495.56K,-1.13%,0.33K,-1.08%,9.35K,-0.32%,1.08K,5.38%,-,0.88%,54.56K,-0.58%,-,-1.03%,0.24K,0.53%
771,2017-01-26,1,1,0,0,1,0,1,0,578.07K,1.95%,0.44K,1.00%,13.18K,-0.98%,1.35K,-1.38%,-,0.50%,77.84K,-1.15%,-,0.44%,0.32K,-1.37%
772,2017-01-25,0,1,1,1,1,0,0,1,589.71K,-0.81%,0.53K,2.46%,14.63K,0.17%,1.12K,0.66%,-,0.52%,59.73K,-1.16%,-,-0.82%,0.21K,0.11%
773,2017-01-24,1,0,0,1,0,1,0,1,520.29K,0.82%,0.55K,-0.22%,13.35K,-0.48%,1.10K,1.91%,-,-1.67%,56.45K,0.43%,-,-1.21%,1.13K,2.31%
774,2017-01-23,1,0,0,0,1,0,1,1,455.33K,0.63%,0.36K,-1.23%,9.16K,0.00%,1.97K,-2.29%,-,2.40%,46.51K,-0.06%,-,1.17%,0.24K,0.84%
775,2017-01-20,1,0,0,0,1,0,1,1,-,2.04%,0.16K,-0.03%,17.62K,-0.64%,1.12K,-0.86%,-,0.30%,53.07K,-0.82%,-,1.06%,0.79K,0.58%
776,2017-01-19,1,0,1,0,1,0,0,0,122.59K,0.57%,0.22K,-0.37%,22.80K,0.62%,1.02K,-1.21%,-,0.71%,43.81K,-0.39%,-,-1.74%,0.19K,-0.23%
777,2017-01-18,0,0,1,0,1,1,0,0,236.24K,-2.67%,0.41K,-2.36%,18.85K,0.59%,1.74K,-2.22%,-,0.18%,49.81K,0.06%,-,-0.40%,0.42K,-0.31%
778,2017-01-17,0,1,1,0,0,1,1,0,606.02K,-0.08%,0.65K,5.92%,22.85K,0.89%,2.19K,-5.21%,-,-0.15%,84.61K,0.11%,-,1.52%,0.29K,-2.39%
779,2017-01-16,1,0,0,0,0,1,0,0,-,0.13%,,,,,,,,,-,0.42%,,,,
780,2017-01-15,1,0,0,0,0,0,0,0,-,0.15%,,,,,,,,,,,,,,
781,2017-01-13,0,1,1,0,0,0,1,1,477.99K,-1.21%,-,3.61%,33.28K,0.89%,0.81K,-0.73%,-,-0.19%,-,-1.34%,-,0.09%,0.23K,0.75%
782,2017-01-12,1,0,0,1,0,1,1,1,660.70K,1.45%,0.10K,-1.80%,39.65K,-1.39%,0.75K,0.33%,-,-1.07%,0.10K,0.17%,-,1.64%,0.22K,2.27%
783,2017-01-11,1,1,0,1,1,1,0,0,815.85K,2.81%,0.13K,1.27%,39.93K,-0.33%,0.73K,1.46%,-,0.12%,0.26K,1.02%,-,-1.87%,0.42K,-0.08%
784,2017-01-10,0,1,1,0,1,1,0,1,632.57K,-2.19%,0.15K,0.62%,47.20K,2.57%,-,-0.36%,-,0.10%,0.53K,0.45%,-,-0.06%,0.61K,2.89%
785,2017-01-09,0,0,1,0,0,1,1,0,564.89K,-3.76%,0.24K,-2.59%,28.36K,1.48%,0.03K,-1.97%,-,-1.26%,1.68K,1.44%,-,1.00%,0.24K,-0.32%
786,2017-01-06,1,0,0,0,1,0,0,1,528.33K,0.43%,0.22K,-0.76%,24.09K,-0.22%,0.05K,-2.80%,-,0.18%,1.95K,-0.66%,-,-0.59%,0.34K,0.32%
787,2017-01-05,1,1,0,0,1,1,1,0,517.36K,0.94%,0.19K,0.13%,24.51K,-0.52%,0.08K,-2.63%,-,0.46%,2.34K,0.06%,-,1.79%,0.31K,-0.71%
788,2017-01-04,1,0,1,0,1,1,1,1,512.64K,1.78%,0.16K,-0.16%,25.29K,0.70%,0.01K,-0.48%,-,2.40%,2.78K,1.19%,-,2.86%,0.74K,2.70%
789,2017-01-03,0,0,0,0,1,1,0,0,727.79K,-3.15%,0.33K,-0.38%,29.26K,-3.47%,0.03K,-0.56%,-,1.50%,3.98K,0.44%,-,-0.34%,0.59K,-0.68%
790,2017-01-02,1,0,0,0,0,0,0,0,-,0.58%,,,,,,,,,,,,,,
