Date,Open,High,Low,Close
2015-05-14,123.85,123.85,123.85,123.85
2015-05-15,123.5178618,123.5178618,123.5178618,123.5178618
2015-05-16,123.1863152,123.1863152,123.1863152,123.1863152
2015-05-17,123.1523276,123.1523276,123.1523276,123.1523276
2015-05-18,123.0797743,123.0797743,123.0797743,123.0797743
2015-05-19,123.1667616,123.1667616,123.1667616,123.1667616
2015-05-20,123.3603522,123.3603522,123.3603522,123.3603522
2015-05-21,123.4758601,123.4758601,123.4758601,123.4758601
2015-05-22,122.9559761,122.9559761,122.9559761,122.9559761
2015-05-23,122.4382814,122.4382814,122.4382814,122.4382814
2015-05-24,122.4654657,122.4654657,122.4654657,122.4654657
2015-05-25,122.2440756,122.2440756,122.2440756,122.2440756
2015-05-26,122.2934902,122.2934902,122.2934902,122.2934902
2015-05-27,122.3511628,122.3511628,122.3511628,122.3511628
2015-05-28,122.3762803,122.3762803,122.3762803,122.3762803
2015-05-29,122.6866005,122.6866005,122.6866005,122.6866005
2015-05-30,122.9211855,122.9211855,122.9211855,122.9211855
2015-05-31,123.1867912,123.1867912,123.1867912,123.1867912
2015-06-01,123.3859018,123.3859018,123.3859018,123.3859018
2015-06-02,123.6342417,123.6342417,123.6342417,123.6342417
2015-06-03,123.7443064,123.7443064,123.7443064,123.7443064
2015-06-04,123.5329082,123.5329082,123.5329082,123.5329082
2015-06-05,123.3344734,123.3344734,123.3344734,123.3344734
2015-06-06,123.26966,123.26966,123.26966,123.26966
2015-06-07,123.0717912,123.0717912,123.0717912,123.0717912
2015-06-08,123.1349836,123.1349836,123.1349836,123.1349836
2015-06-09,123.2897752,123.2897752,123.2897752,123.2897752
2015-06-10,123.6021516,123.6021516,123.6021516,123.6021516
2015-06-11,123.8031428,123.8031428,123.8031428,123.8031428
2015-06-12,123.9096897,123.9096897,123.9096897,123.9096897
2015-06-13,124.1610979,124.1610979,124.1610979,124.1610979
2015-06-14,124.504812,124.504812,124.504812,124.504812
2015-06-15,124.4118941,124.4118941,124.4118941,124.4118941
2015-06-16,124.0333279,124.0333279,124.0333279,124.0333279
2015-06-17,123.8328147,123.8328147,123.8328147,123.8328147
2015-06-18,123.8691572,123.8691572,123.8691572,123.8691572
2015-06-19,123.7424936,123.7424936,123.7424936,123.7424936
2015-06-20,123.6159684,123.6159684,123.6159684,123.6159684
2015-06-21,123.4174018,123.4174018,123.4174018,123.4174018
2015-06-22,123.3815781,123.3815781,123.3815781,123.3815781
2015-06-23,123.3506197,123.3506197,123.3506197,123.3506197
2015-06-24,123.3868206,123.3868206,123.3868206,123.3868206
2015-06-25,123.6252629,123.6252629,123.6252629,123.6252629
2015-06-26,123.6543783,123.6543783,123.6543783,123.6543783
2015-06-27,123.8332082,123.8332082,123.8332082,123.8332082
2015-06-28,123.9989879,123.9989879,123.9989879,123.9989879
2015-06-29,124.1785014,124.1785014,124.1785014,124.1785014
2015-06-30,124.3465539,124.3465539,124.3465539,124.3465539
2015-07-01,124.4310605,124.4310605,124.4310605,124.4310605
2015-07-02,124.3524729,124.3524729,124.3524729,124.3524729
2015-07-03,124.2254434,124.2254434,124.2254434,124.2254434
2015-07-04,124.1470882,124.1470882,124.1470882,124.1470882
2015-07-05,124.1140921,124.1140921,124.1140921,124.1140921
2015-07-06,124.0810441,124.0810441,124.0810441,124.0810441
2015-07-07,124.0478715,124.0478715,124.0478715,124.0478715
2015-07-08,124.031737,124.031737,124.031737,124.031737
2015-07-09,123.907527,123.907527,123.907527,123.907527
2015-07-10,123.6639952,123.6639952,123.6639952,123.6639952
2015-07-11,123.7442963,123.7442963,123.7442963,123.7442963
2015-07-12,123.8155302,123.8155302,123.8155302,123.8155302
2015-07-13,123.9700227,123.9700227,123.9700227,123.9700227
2015-07-14,124.1247133,124.1247133,124.1247133,124.1247133
2015-07-15,123.7473412,123.7473412,123.7473412,123.7473412
2015-07-16,123.5656707,123.5656707,123.5656707,123.5656707
2015-07-17,123.6019155,123.6019155,123.6019155,123.6019155
2015-07-18,123.6382066,123.6382066,123.6382066,123.6382066
2015-07-19,123.5117792,123.5117792,123.5117792,123.5117792
2015-07-20,123.5355643,123.5355643,123.5355643,123.5355643
2015-07-21,123.3408418,123.3408418,123.3408418,123.3408418
2015-07-22,123.3795218,123.3795218,123.3795218,123.3795218
2015-07-23,123.5812465,123.5812465,123.5812465,123.5812465
2015-07-24,123.5328701,123.5328701,123.5328701,123.5328701
2015-07-25,123.7352543,123.7352543,123.7352543,123.7352543
2015-07-26,123.8110473,123.8110473,123.8110473,123.8110473
2015-07-27,123.7918077,123.7918077,123.7918077,123.7918077
2015-07-28,123.8721512,123.8721512,123.8721512,123.8721512
2015-07-29,123.7771949,123.7771949,123.7771949,123.7771949
2015-07-30,123.8589971,123.8589971,123.8589971,123.8589971
2015-07-31,123.9219973,123.9219973,123.9219973,123.9219973
2015-08-01,123.744843,123.744843,123.744843,123.744843
2015-08-02,123.9093354,123.9093354,123.9093354,123.9093354
2015-08-03,123.9016574,123.9016574,123.9016574,123.9016574
2015-08-04,124.1038247,124.1038247,124.1038247,124.1038247
2015-08-05,123.9275717,123.9275717,123.9275717,123.9275717
2015-08-06,123.7135766,123.7135766,123.7135766,123.7135766
2015-08-07,123.5462927,123.5462927,123.5462927,123.5462927
2015-08-08,123.4201272,123.4201272,123.4201272,123.4201272
2015-08-09,123.2096309,123.2096309,123.2096309,123.2096309
2015-08-10,123.2439695,123.2439695,123.2439695,123.2439695
2015-08-11,123.0319217,123.0319217,123.0319217,123.0319217
2015-08-12,122.8194692,122.8194692,122.8194692,122.8194692
2015-08-13,122.6073809,122.6073809,122.6073809,122.6073809
2015-08-14,122.3956588,122.3956588,122.3956588,122.3956588
2015-08-15,122.190952,122.190952,122.190952,122.190952
2015-08-16,122.2072273,122.2072273,122.2072273,122.2072273
2015-08-17,122.1616149,122.1616149,122.1616149,122.1616149
2015-08-18,122.2463608,122.2463608,122.2463608,122.2463608
2015-08-19,122.4466488,122.4466488,122.4466488,122.4466488
2015-08-20,122.4532973,122.4532973,122.4532973,122.4532973
2015-08-21,122.4739968,122.4739968,122.4739968,122.4739968
2015-08-22,122.5099398,122.5099398,122.5099398,122.5099398
2015-08-23,122.5522771,122.5522771,122.5522771,122.5522771
2015-08-24,122.7031903,122.7031903,122.7031903,122.7031903
2015-08-25,122.8181626,122.8181626,122.8181626,122.8181626
2015-08-26,122.8058106,122.8058106,122.8058106,122.8058106
2015-08-27,122.7109589,122.7109589,122.7109589,122.7109589
2015-08-28,122.7060743,122.7060743,122.7060743,122.7060743
2015-08-29,122.6112784,122.6112784,122.6112784,122.6112784
2015-08-30,122.6452182,122.6452182,122.6452182,122.6452182
2015-08-31,122.4395196,122.4395196,122.4395196,122.4395196
2015-09-01,122.5922909,122.5922909,122.5922909,122.5922909
2015-09-02,122.5443362,122.5443362,122.5443362,122.5443362
2015-09-03,122.6222569,122.6222569,122.6222569,122.6222569
2015-09-04,122.4668641,122.4668641,122.4668641,122.4668641
2015-09-05,122.3251293,122.3251293,122.3251293,122.3251293
2015-09-06,122.3610293,122.3610293,122.3610293,122.3610293
2015-09-07,122.3969399,122.3969399,122.3969399,122.3969399
2015-09-08,122.432861,122.432861,122.432861,122.432861
2015-09-09,122.442665,122.442665,122.442665,122.442665
2015-09-10,122.2312273,122.2312273,122.2312273,122.2312273
2015-09-11,122.0201548,122.0201548,122.0201548,122.0201548
2015-09-12,121.9258901,121.9258901,121.9258901,121.9258901
2015-09-13,121.8316982,121.8316982,121.8316982,121.8316982
2015-09-14,121.7379665,121.7379665,121.7379665,121.7379665
2015-09-15,121.6916185,121.6916185,121.6916185,121.6916185
2015-09-16,121.6452881,121.6452881,121.6452881,121.6452881
2015-09-17,121.6080951,121.6080951,121.6080951,121.6080951
2015-09-18,121.8070216,121.8070216,121.8070216,121.8070216
2015-09-19,121.8956242,121.8956242,121.8956242,121.8956242
2015-09-20,121.9840512,121.9840512,121.9840512,121.9840512
2015-09-21,122.0725411,122.0725411,122.0725411,122.0725411
2015-09-22,121.8682107,121.8682107,121.8682107,121.8682107
2015-09-23,121.774017,121.774017,121.774017,121.774017
2015-09-24,121.6821297,121.6821297,121.6821297,121.6821297
2015-09-25,121.5886639,121.5886639,121.5886639,121.5886639
2015-09-26,121.4265807,121.4265807,121.4265807,121.4265807
2015-09-27,121.4616351,121.4616351,121.4616351,121.4616351
2015-09-28,121.2916566,121.2916566,121.2916566,121.2916566
2015-09-29,121.0190917,121.0190917,121.0190917,121.0190917
2015-09-30,120.6126818,120.6126818,120.6126818,120.6126818
2015-10-01,120.5101905,120.5101905,120.5101905,120.5101905
2015-10-02,120.4055786,120.4055786,120.4055786,120.4055786
2015-10-03,120.3308497,120.3308497,120.3308497,120.3308497
2015-10-04,120.3720805,120.3720805,120.3720805,120.3720805
2015-10-05,120.3624345,120.3624345,120.3624345,120.3624345
2015-10-06,120.4337933,120.4337933,120.4337933,120.4337933
2015-10-07,120.3889648,120.3889648,120.3889648,120.3889648
2015-10-08,120.2961317,120.2961317,120.2961317,120.2961317
2015-10-09,120.0887309,120.0887309,120.0887309,120.0887309
2015-10-10,119.8814492,119.8814492,119.8814492,119.8814492
2015-10-11,119.7615497,119.7615497,119.7615497,119.7615497
2015-10-12,119.6856175,119.6856175,119.6856175,119.6856175
2015-10-13,119.7717235,119.7717235,119.7717235,119.7717235
2015-10-14,119.6799283,119.6799283,119.6799283,119.6799283
2015-10-15,119.4795106,119.4795106,119.4795106,119.4795106
2015-10-16,119.432943,119.432943,119.432943,119.432943
2015-10-17,119.264306,119.264306,119.264306,119.264306
2015-10-18,119.0959037,119.0959037,119.0959037,119.0959037
2015-10-19,119.0377492,119.0377492,119.0377492,119.0377492
2015-10-20,118.831962,118.831962,118.831962,118.831962
2015-10-21,118.5847364,118.5847364,118.5847364,118.5847364
2015-10-22,118.1700708,118.1700708,118.1700708,118.1700708
2015-10-23,117.7357867,117.7357867,117.7357867,117.7357867
2015-10-24,117.3910806,117.3910806,117.3910806,117.3910806
2015-10-25,117.0808431,117.0808431,117.0808431,117.0808431
2015-10-26,116.7571312,116.7571312,116.7571312,116.7571312
2015-10-27,116.7332879,116.7332879,116.7332879,116.7332879
2015-10-28,116.2377745,116.2377745,116.2377745,116.2377745
2015-10-29,115.6157883,115.6157883,115.6157883,115.6157883
2015-10-30,114.9614649,114.9614649,114.9614649,114.9614649
2015-10-31,114.3109852,114.3109852,114.3109852,114.3109852
2015-11-01,113.8881773,113.8881773,113.8881773,113.8881773
2015-11-02,114.0668324,114.0668324,114.0668324,114.0668324
2015-11-03,114.1915867,114.1915867,114.1915867,114.1915867
2015-11-04,114.130851,114.130851,114.130851,114.130851
2015-11-05,113.9046205,113.9046205,113.9046205,113.9046205
2015-11-06,113.8007143,113.8007143,113.8007143,113.8007143
2015-11-07,113.7174517,113.7174517,113.7174517,113.7174517
2015-11-08,113.6719481,113.6719481,113.6719481,113.6719481
2015-11-09,113.5859131,113.5859131,113.5859131,113.5859131
2015-11-10,113.2666534,113.2666534,113.2666534,113.2666534
2015-11-11,113.2641431,113.2641431,113.2641431,113.2641431
2015-11-12,113.1370708,113.1370708,113.1370708,113.1370708
2015-11-13,113.0109415,113.0109415,113.0109415,113.0109415
2015-11-14,112.9013568,112.9013568,112.9013568,112.9013568
2015-11-15,112.7919236,112.7919236,112.7919236,112.7919236
2015-11-16,112.7266796,112.7266796,112.7266796,112.7266796
2015-11-17,112.6174158,112.6174158,112.6174158,112.6174158
2015-11-18,112.5082578,112.5082578,112.5082578,112.5082578
2015-11-19,112.3335267,112.3335267,112.3335267,112.3335267
2015-11-20,112.1591269,112.1591269,112.1591269,112.1591269
2015-11-21,111.9849379,111.9849379,111.9849379,111.9849379
2015-11-22,111.7721635,111.7721635,111.7721635,111.7721635
2015-11-23,111.5333264,111.5333264,111.5333264,111.5333264
2015-11-24,111.2948541,111.2948541,111.2948541,111.2948541
2015-11-25,111.0570617,111.0570617,111.0570617,111.0570617
2015-11-26,110.8635747,110.8635747,110.8635747,110.8635747
2015-11-27,110.7746959,110.7746959,110.7746959,110.7746959
2015-11-28,110.6871199,110.6871199,110.6871199,110.6871199
2015-11-29,110.8909361,110.8909361,110.8909361,110.8909361
2015-11-30,110.9893046,110.9893046,110.9893046,110.9893046
2015-12-01,111.0877603,111.0877603,111.0877603,111.0877603
2015-12-02,111.18636,111.18636,111.18636,111.18636
2015-12-03,111.4769441,111.4769441,111.4769441,111.4769441
2015-12-04,111.7676352,111.7676352,111.7676352,111.7676352
2015-12-05,112.1313894,112.1313894,112.1313894,112.1313894
2015-12-06,112.289313,112.289313,112.289313,112.289313
2015-12-07,112.4729101,112.4729101,112.4729101,112.4729101
2015-12-08,112.5942716,112.5942716,112.5942716,112.5942716
2015-12-09,112.7773931,112.7773931,112.7773931,112.7773931
2015-12-10,112.8357505,112.8357505,112.8357505,112.8357505
2015-12-11,112.8916343,112.8916343,112.8916343,112.8916343
2015-12-12,112.9460115,112.9460115,112.9460115,112.9460115
2015-12-13,113.0462538,113.0462538,113.0462538,113.0462538
2015-12-14,113.2100977,113.2100977,113.2100977,113.2100977
2015-12-15,113.3591492,113.3591492,113.3591492,113.3591492
2015-12-16,113.5084089,113.5084089,113.5084089,113.5084089
2015-12-17,113.7634714,113.7634714,113.7634714,113.7634714
2015-12-18,113.9381548,113.9381548,113.9381548,113.9381548
2015-12-19,113.9833618,113.9833618,113.9833618,113.9833618
2015-12-20,114.0015675,114.0015675,114.0015675,114.0015675
2015-12-21,113.8951627,113.8951627,113.8951627,113.8951627
2015-12-22,113.9176826,113.9176826,113.9176826,113.9176826
2015-12-23,114.0694611,114.0694611,114.0694611,114.0694611
2015-12-24,114.4518976,114.4518976,114.4518976,114.4518976
2015-12-25,114.8355033,114.8355033,114.8355033,114.8355033
2015-12-26,115.2205082,115.2205082,115.2205082,115.2205082
2015-12-27,115.6067617,115.6067617,115.6067617,115.6067617
2015-12-28,115.990479,115.990479,115.990479,115.990479
2015-12-29,116.1450178,116.1450178,116.1450178,116.1450178
2015-12-30,116.1678161,116.1678161,116.1678161,116.1678161
2015-12-31,116.5566743,116.5566743,116.5566743,116.5566743
2016-01-01,116.9472327,116.9472327,116.9472327,116.9472327
2016-01-02,117.3323449,117.3323449,117.3323449,117.3323449
2016-01-03,117.7257208,117.7257208,117.7257208,117.7257208
2016-01-04,118.1204113,118.1204113,118.1204113,118.1204113
2016-01-05,118.5157844,118.5157844,118.5157844,118.5157844
2016-01-06,118.9129228,118.9129228,118.9129228,118.9129228
2016-01-07,119.0713569,119.0713569,119.0713569,119.0713569
2016-01-08,119.2225909,119.2225909,119.2225909,119.2225909
2016-01-09,119.5347962,119.5347962,119.5347962,119.5347962
2016-01-10,119.7996668,119.7996668,119.7996668,119.7996668
2016-01-11,119.8233709,119.8233709,119.8233709,119.8233709
2016-01-12,119.8468006,119.8468006,119.8468006,119.8468006
2016-01-13,119.8702349,119.8702349,119.8702349,119.8702349
2016-01-14,119.8473897,119.8473897,119.8473897,119.8473897
2016-01-15,119.824548,119.824548,119.824548,119.824548
2016-01-16,119.8486594,119.8486594,119.8486594,119.8486594
2016-01-17,119.8269525,119.8269525,119.8269525,119.8269525
2016-01-18,119.8510618,119.8510618,119.8510618,119.8510618
2016-01-19,119.8282185,119.8282185,119.8282185,119.8282185
2016-01-20,119.8053805,119.8053805,119.8053805,119.8053805
2016-01-21,119.7825468,119.7825468,119.7825468,119.7825468
2016-01-22,119.7597175,119.7597175,119.7597175,119.7597175
2016-01-23,119.7368925,119.7368925,119.7368925,119.7368925
2016-01-24,119.7195239,119.7195239,119.7195239,119.7195239
2016-01-25,119.6967066,119.6967066,119.6967066,119.6967066
2016-01-26,119.9154506,119.9154506,119.9154506,119.9154506
2016-01-27,119.9223475,119.9223475,119.9223475,119.9223475
2016-01-28,119.8994915,119.8994915,119.8994915,119.8994915
2016-01-29,119.8766399,119.8766399,119.8766399,119.8766399
2016-01-30,119.8537926,119.8537926,119.8537926,119.8537926
2016-01-31,119.7633464,119.7633464,119.7633464,119.7633464
2016-02-01,119.7405749,119.7405749,119.7405749,119.7405749
2016-02-02,120.0283225,120.0283225,120.0283225,120.0283225
2016-02-03,120.1769891,120.1769891,120.1769891,120.1769891
2016-02-04,120.4485002,120.4485002,120.4485002,120.4485002
2016-02-05,120.5809894,120.5809894,120.5809894,120.5809894
2016-02-06,120.7831141,120.7831141,120.7831141,120.7831141
2016-02-07,121.0041134,121.0041134,121.0041134,121.0041134
2016-02-08,120.9828482,120.9828482,120.9828482,120.9828482
2016-02-09,121.0303818,121.0303818,121.0303818,121.0303818
2016-02-10,121.0779689,121.0779689,121.0779689,121.0779689
2016-02-11,121.3701665,121.3701665,121.3701665,121.3701665
2016-02-12,121.59224,121.59224,121.59224,121.59224
2016-02-13,121.8147198,121.8147198,121.8147198,121.8147198
2016-02-14,122.0376067,122.0376067,122.0376067,122.0376067
2016-02-15,122.3202424,122.3202424,122.3202424,122.3202424
2016-02-16,122.5440551,122.5440551,122.5440551,122.5440551
2016-02-17,122.7493739,122.7493739,122.7493739,122.7493739
2016-02-18,123.0031316,123.0031316,123.0031316,123.0031316
2016-02-19,123.1443398,123.1443398,123.1443398,123.1443398
2016-02-20,123.1018745,123.1018745,123.1018745,123.1018745
2016-02-21,123.0594238,123.0594238,123.0594238,123.0594238
2016-02-22,123.0174046,123.0174046,123.0174046,123.0174046
2016-02-23,123.2220425,123.2220425,123.2220425,123.2220425
2016-02-24,123.1795504,123.1795504,123.1795504,123.1795504
2016-02-25,123.1370561,123.1370561,123.1370561,123.1370561
2016-02-26,123.0300153,123.0300153,123.0300153,123.0300153
2016-02-27,122.9331574,122.9331574,122.9331574,122.9331574
2016-02-28,122.8190028,122.8190028,122.8190028,122.8190028
2016-02-29,122.70535,122.70535,122.70535,122.70535
2016-03-01,122.8393074,122.8393074,122.8393074,122.8393074
2016-03-02,122.9545008,122.9545008,122.9545008,122.9545008
2016-03-03,123.1605639,123.1605639,123.1605639,123.1605639
2016-03-04,123.2552013,123.2552013,123.2552013,123.2552013
2016-03-05,123.3781295,123.3781295,123.3781295,123.3781295
2016-03-06,123.4001124,123.4001124,123.4001124,123.4001124
2016-03-07,123.2855282,123.2855282,123.2855282,123.2855282
2016-03-08,123.1710458,123.1710458,123.1710458,123.1710458
2016-03-09,123.056668,123.056668,123.056668,123.056668
2016-03-10,122.9425554,122.9425554,122.9425554,122.9425554
2016-03-11,123.0767717,123.0767717,123.0767717,123.0767717
2016-03-12,123.2245772,123.2245772,123.2245772,123.2245772
2016-03-13,123.3591014,123.3591014,123.3591014,123.3591014
2016-03-14,123.3032289,123.3032289,123.3032289,123.3032289
2016-03-15,123.238838,123.238838,123.238838,123.238838
2016-03-16,123.1711611,123.1711611,123.1711611,123.1711611
2016-03-17,123.056965,123.056965,123.056965,123.056965
2016-03-18,123.0142945,123.0142945,123.0142945,123.0142945
2016-03-19,122.9000621,122.9000621,122.9000621,122.9000621
2016-03-20,122.7871795,122.7871795,122.7871795,122.7871795
2016-03-21,122.9374891,122.9374891,122.9374891,122.9374891
2016-03-22,123.1237331,123.1237331,123.1237331,123.1237331
2016-03-23,123.3611896,123.3611896,123.3611896,123.3611896
2016-03-24,123.7269888,123.7269888,123.7269888,123.7269888
2016-03-25,124.0940296,124.0940296,124.0940296,124.0940296
2016-03-26,124.4621592,124.4621592,124.4621592,124.4621592
2016-03-27,124.7587247,124.7587247,124.7587247,124.7587247
2016-03-28,124.9795203,124.9795203,124.9795203,124.9795203
2016-03-29,125.350278,125.350278,125.350278,125.350278
2016-03-30,125.6277594,125.6277594,125.6277594,125.6277594
2016-03-31,125.8576231,125.8576231,125.8576231,125.8576231
2016-04-01,125.949307,125.949307,125.949307,125.949307
2016-04-02,125.9554478,125.9554478,125.9554478,125.9554478
2016-04-03,126.2625055,126.2625055,126.2625055,126.2625055
2016-04-04,126.6437601,126.6437601,126.6437601,126.6437601
2016-04-05,127.0538112,127.0538112,127.0538112,127.0538112
2016-04-06,127.4328977,127.4328977,127.4328977,127.4328977
2016-04-07,127.9633303,127.9633303,127.9633303,127.9633303
2016-04-08,128.5151073,128.5151073,128.5151073,128.5151073
2016-04-09,128.9879361,128.9879361,128.9879361,128.9879361
2016-04-10,129.4936764,129.4936764,129.4936764,129.4936764
2016-04-11,129.7897728,129.7897728,129.7897728,129.7897728
2016-04-12,130.0865409,130.0865409,130.0865409,130.0865409
2016-04-13,130.5568885,130.5568885,130.5568885,130.5568885
2016-04-14,130.3446231,130.3446231,130.3446231,130.3446231
2016-04-15,129.8872907,129.8872907,129.8872907,129.8872907
2016-04-16,129.4316272,129.4316272,129.4316272,129.4316272
2016-04-17,129.147009,129.147009,129.147009,129.147009
2016-04-18,128.7843872,128.7843872,128.7843872,128.7843872
2016-04-19,128.3764715,128.3764715,128.3764715,128.3764715
2016-04-20,127.8373244,127.8373244,127.8373244,127.8373244
2016-04-21,127.296476,127.296476,127.296476,127.296476
2016-04-22,126.8393144,126.8393144,126.8393144,126.8393144
2016-04-23,126.3838314,126.3838314,126.3838314,126.3838314
2016-04-24,125.9337187,125.9337187,125.9337187,125.9337187
2016-04-25,125.3252202,125.3252202,125.3252202,125.3252202
2016-04-26,124.6983917,124.6983917,124.6983917,124.6983917
2016-04-27,124.2497027,124.2497027,124.2497027,124.2497027
2016-04-28,123.7538607,123.7538607,123.7538607,123.7538607
2016-04-29,123.4629764,123.4629764,123.4629764,123.4629764
2016-04-30,123.275507,123.275507,123.275507,123.275507
2016-05-01,123.319496,123.319496,123.319496,123.319496
2016-05-02,123.3604899,123.3604899,123.3604899,123.3604899
2016-05-03,123.4047711,123.4047711,123.4047711,123.4047711
2016-05-04,123.4490489,123.4490489,123.4490489,123.4490489
2016-05-05,123.4830578,123.4830578,123.4830578,123.4830578
2016-05-06,123.5168288,123.5168288,123.5168288,123.5168288
2016-05-07,123.3945381,123.3945381,123.3945381,123.3945381
2016-05-08,123.3659144,123.3659144,123.3659144,123.3659144
2016-05-09,123.4057909,123.4057909,123.4057909,123.4057909
2016-05-10,123.4956664,123.4956664,123.4956664,123.4956664
2016-05-11,123.9458896,123.9458896,123.9458896,123.9458896
2016-05-12,123.9813695,123.9813695,123.9813695,123.9813695
2016-05-13,124.3313717,124.3313717,124.3313717,124.3313717
2016-05-14,123.9454144,123.9454144,123.9454144,123.9454144
2016-05-15,123.4235639,123.4235639,123.4235639,123.4235639
2016-05-16,122.9039952,122.9039952,122.9039952,122.9039952
2016-05-17,122.680248,122.680248,122.680248,122.680248
2016-05-18,122.667617,122.667617,122.667617,122.667617
2016-05-19,122.413275,122.413275,122.413275,122.413275
2016-05-20,122.1451777,122.1451777,122.1451777,122.1451777
2016-05-21,121.9941084,121.9941084,121.9941084,121.9941084
2016-05-22,121.7363981,121.7363981,121.7363981,121.7363981
2016-05-23,121.498703,121.498703,121.498703,121.498703
2016-05-24,121.2614738,121.2614738,121.2614738,121.2614738
2016-05-25,121.3213509,121.3213509,121.3213509,121.3213509
2016-05-26,121.3657206,121.3657206,121.3657206,121.3657206
2016-05-27,121.2048792,121.2048792,121.2048792,121.2048792
2016-05-28,120.9882203,120.9882203,120.9882203,120.9882203
2016-05-29,120.9606376,120.9606376,120.9606376,120.9606376
2016-05-30,121.2088392,121.2088392,121.2088392,121.2088392
2016-05-31,121.2362992,121.2362992,121.2362992,121.2362992
2016-06-01,121.3148291,121.3148291,121.3148291,121.3148291
2016-06-02,121.3921911,121.3921911,121.3921911,121.3921911
2016-06-03,121.4255659,121.4255659,121.4255659,121.4255659
2016-06-04,121.3194217,121.3194217,121.3194217,121.3194217
2016-06-05,121.3536178,121.3536178,121.3536178,121.3536178
2016-06-06,121.082411,121.082411,121.082411,121.082411
2016-06-07,120.7310752,120.7310752,120.7310752,120.7310752
2016-06-08,120.6274744,120.6274744,120.6274744,120.6274744
2016-06-09,120.3618309,120.3618309,120.3618309,120.3618309
2016-06-10,120.2858963,120.2858963,120.2858963,120.2858963
2016-06-11,120.3498863,120.3498863,120.3498863,120.3498863
2016-06-12,120.4131885,120.4131885,120.4131885,120.4131885
2016-06-13,120.5928116,120.5928116,120.5928116,120.5928116
2016-06-14,120.5179905,120.5179905,120.5179905,120.5179905
2016-06-15,120.3995649,120.3995649,120.3995649,120.3995649
2016-06-16,120.3067396,120.3067396,120.3067396,120.3067396
2016-06-17,119.982454,119.982454,119.982454,119.982454
2016-06-18,119.6643738,119.6643738,119.6643738,119.6643738
2016-06-19,119.5632473,119.5632473,119.5632473,119.5632473
2016-06-20,119.6052763,119.6052763,119.6052763,119.6052763
2016-06-21,119.5992778,119.5992778,119.5992778,119.5992778
2016-06-22,119.6378142,119.6378142,119.6378142,119.6378142
2016-06-23,119.7812397,119.7812397,119.7812397,119.7812397
2016-06-24,119.8633177,119.8633177,119.8633177,119.8633177
2016-06-25,119.9454593,119.9454593,119.9454593,119.9454593
2016-06-26,120.0276406,120.0276406,120.0276406,120.0276406
2016-06-27,120.0635139,120.0635139,120.0635139,120.0635139
2016-06-28,120.0987491,120.0987491,120.0987491,120.0987491
2016-06-29,119.8919584,119.8919584,119.8919584,119.8919584
2016-06-30,119.6849615,119.6849615,119.6849615,119.6849615
2016-07-01,119.6745882,119.6745882,119.6745882,119.6745882
2016-07-02,119.5124026,119.5124026,119.5124026,119.5124026
2016-07-03,119.5942975,119.5942975,119.5942975,119.5942975
2016-07-04,119.6762536,119.6762536,119.6762536,119.6762536
2016-07-05,119.7582648,119.7582648,119.7582648,119.7582648
2016-07-06,119.8371156,119.8371156,119.8371156,119.8371156
2016-07-07,119.8844915,119.8844915,119.8844915,119.8844915
2016-07-08,119.6819317,119.6819317,119.6819317,119.6819317
2016-07-09,119.4792236,119.4792236,119.4792236,119.4792236
2016-07-10,119.2729033,119.2729033,119.2729033,119.2729033
2016-07-11,119.0669392,119.0669392,119.0669392,119.0669392
2016-07-12,118.8613309,118.8613309,118.8613309,118.8613309
2016-07-13,118.6560776,118.6560776,118.6560776,118.6560776
2016-07-14,118.4511787,118.4511787,118.4511787,118.4511787
2016-07-15,118.4859407,118.4859407,118.4859407,118.4859407
2016-07-16,118.5207057,118.5207057,118.5207057,118.5207057
2016-07-17,118.3165648,118.3165648,118.3165648,118.3165648
2016-07-18,118.3513212,118.3513212,118.3513212,118.3513212
2016-07-19,118.386055,118.386055,118.386055,118.386055
2016-07-20,118.4207991,118.4207991,118.4207991,118.4207991
2016-07-21,118.4558336,118.4558336,118.4558336,118.4558336
2016-07-22,118.490596,118.490596,118.490596,118.490596
2016-07-23,118.4860923,118.4860923,118.4860923,118.4860923
2016-07-24,118.2823238,118.2823238,118.2823238,118.2823238
2016-07-25,118.3170373,118.3170373,118.3170373,118.3170373
2016-07-26,118.3517608,118.3517608,118.3517608,118.3517608
2016-07-27,118.3864947,118.3864947,118.3864947,118.3864947
2016-07-28,118.3110336,118.3110336,118.3110336,118.3110336
2016-07-29,118.3457553,118.3457553,118.3457553,118.3457553
2016-07-30,118.3804874,118.3804874,118.3804874,118.3804874
2016-07-31,118.1761631,118.1761631,118.1761631,118.1761631
2016-08-01,117.9721962,117.9721962,117.9721962,117.9721962
2016-08-02,117.9906514,117.9906514,117.9906514,117.9906514
2016-08-03,117.961963,117.961963,117.961963,117.961963
2016-08-04,117.996495,117.996495,117.996495,117.996495
2016-08-05,118.0296536,118.0296536,118.0296536,118.0296536
2016-08-06,118.064294,118.064294,118.064294,118.064294
2016-08-07,118.0989435,118.0989435,118.0989435,118.0989435
2016-08-08,118.1336032,118.1336032,118.1336032,118.1336032
2016-08-09,118.1682731,118.1682731,118.1682731,118.1682731
2016-08-10,118.2029532,118.2029532,118.2029532,118.2029532
2016-08-11,118.2376435,118.2376435,118.2376435,118.2376435
2016-08-12,118.2723439,118.2723439,118.2723439,118.2723439
2016-08-13,118.3070545,118.3070545,118.3070545,118.3070545
2016-08-14,118.3480817,118.3480817,118.3480817,118.3480817
2016-08-15,118.3828025,118.3828025,118.3828025,118.3828025
2016-08-16,118.4638134,118.4638134,118.4638134,118.4638134
2016-08-17,118.4985802,118.4985802,118.4985802,118.4985802
2016-08-18,118.5333702,118.5333702,118.5333702,118.5333702
2016-08-19,118.3461439,118.3461439,118.3461439,118.3461439
2016-08-20,118.1417803,118.1417803,118.1417803,118.1417803
2016-08-21,118.0131745,118.0131745,118.0131745,118.0131745
2016-08-22,117.953249,117.953249,117.953249,117.953249
2016-08-23,117.7497018,117.7497018,117.7497018,117.7497018
2016-08-24,117.7812031,117.7812031,117.7812031,117.7812031
2016-08-25,117.5778224,117.5778224,117.5778224,117.5778224
2016-08-26,117.6123292,117.6123292,117.6123292,117.6123292
2016-08-27,117.6436544,117.6436544,117.6436544,117.6436544
2016-08-28,117.6781804,117.6781804,117.6781804,117.6781804
2016-08-29,117.7127167,117.7127167,117.7127167,117.7127167
2016-08-30,117.6785472,117.6785472,117.6785472,117.6785472
2016-08-31,117.7106471,117.7106471,117.7106471,117.7106471
2016-09-01,117.722596,117.722596,117.722596,117.722596
2016-09-02,117.8472138,117.8472138,117.8472138,117.8472138
2016-09-03,118.0306484,118.0306484,118.0306484,118.0306484
2016-09-04,118.162259,118.162259,118.162259,118.162259
2016-09-05,118.1860849,118.1860849,118.1860849,118.1860849
2016-09-06,118.2294232,118.2294232,118.2294232,118.2294232
2016-09-07,118.2059911,118.2059911,118.2059911,118.2059911
2016-09-08,117.983636,117.983636,117.983636,117.983636
2016-09-09,117.7798984,117.7798984,117.7798984,117.7798984
2016-09-10,117.5765125,117.5765125,117.5765125,117.5765125
2016-09-11,117.373484,117.373484,117.373484,117.373484
2016-09-12,117.1707999,117.1707999,117.1707999,117.1707999
2016-09-13,117.0059946,117.0059946,117.0059946,117.0059946
2016-09-14,116.8710696,116.8710696,116.8710696,116.8710696
2016-09-15,116.7807827,116.7807827,116.7807827,116.7807827
2016-09-16,116.579123,116.579123,116.579123,116.579123
2016-09-17,116.3778106,116.3778106,116.3778106,116.3778106
2016-09-18,116.1768459,116.1768459,116.1768459,116.1768459
2016-09-19,115.9804329,115.9804329,115.9804329,115.9804329
2016-09-20,115.7801837,115.7801837,115.7801837,115.7801837
2016-09-21,115.580251,115.580251,115.580251,115.580251
2016-09-22,115.6185837,115.6185837,115.6185837,115.6185837
2016-09-23,115.5441875,115.5441875,115.5441875,115.5441875
2016-09-24,115.7168566,115.7168566,115.7168566,115.7168566
2016-09-25,115.6276719,115.6276719,115.6276719,115.6276719
2016-09-26,115.5383456,115.5383456,115.5383456,115.5383456
2016-09-27,115.4565289,115.4565289,115.4565289,115.4565289
2016-09-28,115.2598248,115.2598248,115.2598248,115.2598248
2016-09-29,115.1707828,115.1707828,115.1707828,115.1707828
2016-09-30,115.0781843,115.0781843,115.0781843,115.0781843
2016-10-01,114.9880978,114.9880978,114.9880978,114.9880978
2016-10-02,115.0248172,115.0248172,115.0248172,115.0248172
2016-10-03,115.0637687,115.0637687,115.0637687,115.0637687
2016-10-04,115.147232,115.147232,115.147232,115.147232
2016-10-05,115.0657109,115.0657109,115.0657109,115.0657109
2016-10-06,114.9768187,114.9768187,114.9768187,114.9768187
2016-10-07,114.7902443,114.7902443,114.7902443,114.7902443
2016-10-08,114.6070158,114.6070158,114.6070158,114.6070158
2016-10-09,114.4422686,114.4422686,114.4422686,114.4422686
2016-10-10,114.5228907,114.5228907,114.5228907,114.5228907
2016-10-11,114.2528906,114.2528906,114.2528906,114.2528906
2016-10-12,114.1363619,114.1363619,114.1363619,114.1363619
2016-10-13,114.0198978,114.0198978,114.0198978,114.0198978
2016-10-14,113.9736315,113.9736315,113.9736315,113.9736315
2016-10-15,114.0115673,114.0115673,114.0115673,114.0115673
2016-10-16,114.0496035,114.0496035,114.0496035,114.0496035
2016-10-17,114.0875824,114.0875824,114.0875824,114.0875824
2016-10-18,113.9953998,113.9953998,113.9953998,113.9953998
2016-10-19,113.8344372,113.8344372,113.8344372,113.8344372
2016-10-20,113.674013,113.674013,113.674013,113.674013
2016-10-21,113.3374229,113.3374229,113.3374229,113.3374229
2016-10-22,113.1308774,113.1308774,113.1308774,113.1308774
2016-10-23,112.9246789,112.9246789,112.9246789,112.9246789
2016-10-24,112.973875,112.973875,112.973875,112.973875
2016-10-25,112.6880883,112.6880883,112.6880883,112.6880883
2016-10-26,113.1217207,113.1217207,113.1217207,113.1217207
2016-10-27,113.5885279,113.5885279,113.5885279,113.5885279
2016-10-28,113.5647668,113.5647668,113.5647668,113.5647668
2016-10-29,113.4948284,113.4948284,113.4948284,113.4948284
2016-10-30,112.9687381,112.9687381,112.9687381,112.9687381
2016-10-31,113.1894267,113.1894267,113.1894267,113.1894267
2016-11-01,113.0203156,113.0203156,113.0203156,113.0203156
2016-11-02,112.9181691,112.9181691,112.9181691,112.9181691
2016-11-03,112.7732047,112.7732047,112.7732047,112.7732047
2016-11-04,112.6364925,112.6364925,112.6364925,112.6364925
2016-11-05,112.5340692,112.5340692,112.5340692,112.5340692
2016-11-06,112.3881812,112.3881812,112.3881812,112.3881812
2016-11-07,112.1175246,112.1175246,112.1175246,112.1175246
2016-11-08,111.6217497,111.6217497,111.6217497,111.6217497
2016-11-09,111.3535789,111.3535789,111.3535789,111.3535789
2016-11-10,111.0860538,111.0860538,111.0860538,111.0860538
2016-11-11,110.7802564,110.7802564,110.7802564,110.7802564
2016-11-12,110.6557911,110.6557911,110.6557911,110.6557911
2016-11-13,110.6616869,110.6616869,110.6616869,110.6616869
2016-11-14,110.6624128,110.6624128,110.6624128,110.6624128
2016-11-15,110.661209,110.661209,110.661209,110.661209
2016-11-16,110.5953191,110.5953191,110.5953191,110.5953191
2016-11-17,110.5264773,110.5264773,110.5264773,110.5264773
2016-11-18,110.1159323,110.1159323,110.1159323,110.1159323
2016-11-19,109.7483548,109.7483548,109.7483548,109.7483548
2016-11-20,109.6623914,109.6623914,109.6623914,109.6623914
2016-11-21,109.607918,109.607918,109.607918,109.607918
2016-11-22,109.4470292,109.4470292,109.4470292,109.4470292
2016-11-23,109.5620094,109.5620094,109.5620094,109.5620094
2016-11-24,109.9130155,109.9130155,109.9130155,109.9130155
2016-11-25,110.3861058,110.3861058,110.3861058,110.3861058
2016-11-26,110.6289896,110.6289896,110.6289896,110.6289896
2016-11-27,110.7312875,110.7312875,110.7312875,110.7312875
2016-11-28,110.8637353,110.8637353,110.8637353,110.8637353
2016-11-29,111.2306713,111.2306713,111.2306713,111.2306713
2016-11-30,111.4201197,111.4201197,111.4201197,111.4201197
2016-12-01,111.5848286,111.5848286,111.5848286,111.5848286
2016-12-02,111.9250398,111.9250398,111.9250398,111.9250398
2016-12-03,112.1795055,112.1795055,112.1795055,112.1795055
2016-12-04,112.5130792,112.5130792,112.5130792,112.5130792
2016-12-05,112.9792995,112.9792995,112.9792995,112.9792995
2016-12-06,113.298294,113.298294,113.298294,113.298294
2016-12-07,113.5982142,113.5982142,113.5982142,113.5982142
2016-12-08,113.8244593,113.8244593,113.8244593,113.8244593
2016-12-09,113.9592829,113.9592829,113.9592829,113.9592829
2016-12-10,114.2518545,114.2518545,114.2518545,114.2518545
2016-12-11,114.628372,114.628372,114.628372,114.628372
2016-12-12,114.8796819,114.8796819,114.8796819,114.8796819
2016-12-13,115.213863,115.213863,115.213863,115.213863
2016-12-14,115.6001347,115.6001347,115.6001347,115.6001347
2016-12-15,115.9877007,115.9877007,115.9877007,115.9877007
2016-12-16,116.3765685,116.3765685,116.3765685,116.3765685
2016-12-17,116.6328279,116.6328279,116.6328279,116.6328279
2016-12-18,116.6556371,116.6556371,116.6556371,116.6556371
2016-12-19,116.9142004,116.9142004,116.9142004,116.9142004
2016-12-20,117.1735599,117.1735599,117.1735599,117.1735599
2016-12-21,117.4770137,117.4770137,117.4770137,117.4770137
2016-12-22,117.8635135,117.8635135,117.8635135,117.8635135
2016-12-23,118.1435116,118.1435116,118.1435116,118.1435116
2016-12-24,118.4080446,118.4080446,118.4080446,118.4080446
2016-12-25,118.6704365,118.6704365,118.6704365,118.6704365
2016-12-26,118.9333921,118.9333921,118.9333921,118.9333921
2016-12-27,119.1969302,119.1969302,119.1969302,119.1969302
2016-12-28,119.311032,119.311032,119.311032,119.311032
2016-12-29,119.3343615,119.3343615,119.3343615,119.3343615
2016-12-30,119.3576956,119.3576956,119.3576956,119.3576956
2016-12-31,119.3811628,119.3811628,119.3811628,119.3811628
2017-01-01,119.4023281,119.4023281,119.4023281,119.4023281
2017-01-02,119.3795712,119.3795712,119.3795712,119.3795712
2017-01-03,119.4707916,119.4707916,119.4707916,119.4707916
2017-01-04,119.4949035,119.4949035,119.4949035,119.4949035
2017-01-05,119.7135161,119.7135161,119.7135161,119.7135161
2017-01-06,119.7368451,119.7368451,119.7368451,119.7368451
2017-01-07,119.7602579,119.7602579,119.7602579,119.7602579
2017-01-08,119.7836753,119.7836753,119.7836753,119.7836753
2017-01-09,119.8070973,119.8070973,119.8070973,119.8070973
2017-01-10,119.83085,119.83085,119.83085,119.83085
2017-01-11,119.923568,119.923568,119.923568,119.923568
2017-01-12,120.1576806,120.1576806,120.1576806,120.1576806
2017-01-13,120.375555,120.375555,120.375555,120.375555
2017-01-14,120.6341569,120.6341569,120.6341569,120.6341569
2017-01-15,120.9014637,120.9014637,120.9014637,120.9014637
2017-01-16,121.124041,121.124041,121.124041,121.124041
2017-01-17,121.3924333,121.3924333,121.3924333,121.3924333
2017-01-18,121.613909,121.613909,121.613909,121.613909
2017-01-19,121.8363169,121.8363169,121.8363169,121.8363169
2017-01-20,122.0538858,122.0538858,122.0538858,122.0538858
2017-01-21,122.1872818,122.1872818,122.1872818,122.1872818
2017-01-22,122.4174202,122.4174202,122.4174202,122.4174202
2017-01-23,122.6877874,122.6877874,122.6877874,122.6877874
2017-01-24,122.7117948,122.7117948,122.7117948,122.7117948
2017-01-25,122.7357893,122.7357893,122.7357893,122.7357893
2017-01-26,122.7597885,122.7597885,122.7597885,122.7597885
2017-01-27,122.7363917,122.7363917,122.7363917,122.7363917
2017-01-28,122.7129994,122.7129994,122.7129994,122.7129994
2017-01-29,122.6215604,122.6215604,122.6215604,122.6215604
2017-01-30,122.8459235,122.8459235,122.8459235,122.8459235
2017-01-31,123.0706973,123.0706973,123.0706973,123.0706973
2017-02-01,123.2958823,123.2958823,123.2958823,123.2958823
2017-02-02,123.5214793,123.5214793,123.5214793,123.5214793
2017-02-03,123.7474891,123.7474891,123.7474891,123.7474891
2017-02-04,123.9733278,123.9733278,123.9733278,123.9733278
2017-02-05,124.2001644,124.2001644,124.2001644,124.2001644
2017-02-06,124.427416,124.427416,124.427416,124.427416
2017-02-07,124.6550834,124.6550834,124.6550834,124.6550834
2017-02-08,124.8831674,124.8831674,124.8831674,124.8831674
2017-02-09,125.1116688,125.1116688,125.1116688,125.1116688
2017-02-10,125.3405882,125.3405882,125.3405882,125.3405882
2017-02-11,125.5612094,125.5612094,125.5612094,125.5612094
2017-02-12,125.7913389,125.7913389,125.7913389,125.7913389
2017-02-13,126.0215247,126.0215247,126.0215247,126.0215247
2017-02-14,126.2198337,126.2198337,126.2198337,126.2198337
2017-02-15,126.3770976,126.3770976,126.3770976,126.3770976
2017-02-16,126.5346002,126.5346002,126.5346002,126.5346002
2017-02-17,126.7661229,126.7661229,126.7661229,126.7661229
2017-02-18,126.9785156,126.9785156,126.9785156,126.9785156
2017-02-19,126.9347623,126.9347623,126.9347623,126.9347623
2017-02-20,126.9105744,126.9105744,126.9105744,126.9105744
2017-02-21,127.1293326,127.1293326,127.1293326,127.1293326
2017-02-22,127.3617406,127.3617406,127.3617406,127.3617406
2017-02-23,127.3374667,127.3374667,127.3374667,127.3374667
2017-02-24,127.3581725,127.3581725,127.3581725,127.3581725
2017-02-25,127.3338993,127.3338993,127.3338993,127.3338993
2017-02-26,127.3096308,127.3096308,127.3096308,127.3096308
2017-02-27,127.2853669,127.2853669,127.2853669,127.2853669
2017-02-28,127.5105919,127.5105919,127.5105919,127.5105919
2017-03-01,127.7439036,127.7439036,127.7439036,127.7439036
2017-03-02,128.0199562,128.0199562,128.0199562,128.0199562
2017-03-03,128.210888,128.210888,128.210888,128.210888
2017-03-04,128.3706336,128.3706336,128.3706336,128.3706336
2017-03-05,128.5857146,128.5857146,128.5857146,128.5857146
2017-03-06,128.8024088,128.8024088,128.8024088,128.8024088
2017-03-07,129.0380839,129.0380839,129.0380839,129.0380839
2017-03-08,129.2741876,129.2741876,129.2741876,129.2741876
2017-03-09,129.270682,129.270682,129.270682,129.270682
2017-03-10,129.5072112,129.5072112,129.5072112,129.5072112
2017-03-11,129.7441728,129.7441728,129.7441728,129.7441728
2017-03-12,129.9615037,129.9615037,129.9615037,129.9615037
2017-03-13,130.1819768,130.1819768,130.1819768,130.1819768
2017-03-14,130.4147582,130.4147582,130.4147582,130.4147582
2017-03-15,130.6547292,130.6547292,130.6547292,130.6547292
2017-03-16,130.9663468,130.9663468,130.9663468,130.9663468
2017-03-17,131.1015538,131.1015538,131.1015538,131.1015538
2017-03-18,131.3283451,131.3283451,131.3283451,131.3283451
2017-03-19,131.6814649,131.6814649,131.6814649,131.6814649
2017-03-20,131.9217763,131.9217763,131.9217763,131.9217763
2017-03-21,132.1411205,132.1411205,132.1411205,132.1411205
2017-03-22,132.3776099,132.3776099,132.3776099,132.3776099
2017-03-23,132.3526081,132.3526081,132.3526081,132.3526081
2017-03-24,132.5637667,132.5637667,132.5637667,132.5637667
2017-03-25,132.5180368,132.5180368,132.5180368,132.5180368
2017-03-26,132.472333,132.472333,132.472333,132.472333
2017-03-27,132.3576516,132.3576516,132.3576516,132.3576516
2017-03-28,132.3110957,132.3110957,132.3110957,132.3110957
2017-03-29,132.2428046,132.2428046,132.2428046,132.2428046
2017-03-30,132.2248088,132.2248088,132.2248088,132.2248088
2017-03-31,132.38887,132.38887,132.38887,132.38887
2017-04-01,132.416383,132.416383,132.416383,132.416383
2017-04-02,132.5403487,132.5403487,132.5403487,132.5403487
2017-04-03,132.6971687,132.6971687,132.6971687,132.6971687
2017-04-04,132.8624998,132.8624998,132.8624998,132.8624998
2017-04-05,133.1750024,133.1750024,133.1750024,133.1750024
2017-04-06,133.4882646,133.4882646,133.4882646,133.4882646
2017-04-07,133.536637,133.536637,133.536637,133.536637
2017-04-08,133.4336334,133.4336334,133.4336334,133.4336334
2017-04-09,133.2859502,133.2859502,133.2859502,133.2859502
2017-04-10,133.182729,133.182729,133.182729,133.182729
2017-04-11,133.0795977,133.0795977,133.0795977,133.0795977
2017-04-12,133.0714434,133.0714434,133.0714434,133.0714434
2017-04-13,133.2373032,133.2373032,133.2373032,133.2373032
2017-04-14,133.4288375,133.4288375,133.4288375,133.4288375
2017-04-15,133.5745016,133.5745016,133.5745016,133.5745016
2017-04-16,133.7742032,133.7742032,133.7742032,133.7742032
2017-04-17,134.0484934,134.0484934,134.0484934,134.0484934
2017-04-18,134.1966859,134.1966859,134.1966859,134.1966859
2017-04-19,134.3432057,134.3432057,134.3432057,134.3432057
2017-04-20,134.4917802,134.4917802,134.4917802,134.4917802
2017-04-21,134.6621343,134.6621343,134.6621343,134.6621343
2017-04-22,134.6647486,134.6647486,134.6647486,134.6647486
2017-04-23,134.4258363,134.4258363,134.4258363,134.4258363
2017-04-24,134.1641249,134.1641249,134.1641249,134.1641249
2017-04-25,133.8664935,133.8664935,133.8664935,133.8664935
2017-04-26,133.5083156,133.5083156,133.5083156,133.5083156
2017-04-27,133.198996,133.198996,133.198996,133.198996
2017-04-28,133.1182601,133.1182601,133.1182601,133.1182601
2017-04-29,132.843433,132.843433,132.843433,132.843433
2017-04-30,132.9805641,132.9805641,132.9805641,132.9805641
2017-05-01,133.1995007,133.1995007,133.1995007,133.1995007
2017-05-02,133.0701107,133.0701107,133.0701107,133.0701107
2017-05-03,133.2867854,133.2867854,133.2867854,133.2867854
2017-05-04,133.5127909,133.5127909,133.5127909,133.5127909
2017-05-05,133.5694113,133.5694113,133.5694113,133.5694113
2017-05-06,133.498387,133.498387,133.498387,133.498387
2017-05-07,133.5560264,133.5560264,133.5560264,133.5560264
2017-05-08,133.8168798,133.8168798,133.8168798,133.8168798
2017-05-09,134.2537082,134.2537082,134.2537082,134.2537082
2017-05-10,134.7217562,134.7217562,134.7217562,134.7217562
2017-05-11,135.400696,135.400696,135.400696,135.400696
2017-05-12,135.9937962,135.9937962,135.9937962,135.9937962
2017-05-13,136.2831033,136.2831033,136.2831033,136.2831033
2017-05-14,136.5740822,136.5740822,136.5740822,136.5740822
2017-05-15,136.3154999,136.3154999,136.3154999,136.3154999
2017-05-16,136.3808381,136.3808381,136.3808381,136.3808381
2017-05-17,136.3324659,136.3324659,136.3324659,136.3324659
2017-05-18,136.2445684,136.2445684,136.2445684,136.2445684
2017-05-19,135.6746553,135.6746553,135.6746553,135.6746553
2017-05-20,135.7950779,135.7950779,135.7950779,135.7950779
2017-05-21,135.3795623,135.3795623,135.3795623,135.3795623
2017-05-22,135.1336983,135.1336983,135.1336983,135.1336983
2017-05-23,134.9439981,134.9439981,134.9439981,134.9439981
2017-05-24,134.7716773,134.7716773,134.7716773,134.7716773
2017-05-25,134.6864139,134.6864139,134.6864139,134.6864139
2017-05-26,134.8036761,134.8036761,134.8036761,134.8036761
2017-05-27,135.0276856,135.0276856,135.0276856,135.0276856
2017-05-28,134.9723656,134.9723656,134.9723656,134.9723656
2017-05-29,134.9956216,134.9956216,134.9956216,134.9956216
2017-05-30,134.9438531,134.9438531,134.9438531,134.9438531
2017-05-31,134.8449466,134.8449466,134.8449466,134.8449466
2017-06-01,135.1421689,135.1421689,135.1421689,135.1421689
2017-06-02,135.2918259,135.2918259,135.2918259,135.2918259
2017-06-03,135.415796,135.415796,135.415796,135.415796
2017-06-04,135.4273217,135.4273217,135.4273217,135.4273217
2017-06-05,135.5436603,135.5436603,135.5436603,135.5436603
2017-06-06,135.7364766,135.7364766,135.7364766,135.7364766
2017-06-07,135.5136841,135.5136841,135.5136841,135.5136841
2017-06-08,135.5712447,135.5712447,135.5712447,135.5712447
2017-06-09,135.8216635,135.8216635,135.8216635,135.8216635
2017-06-10,136.3772151,136.3772151,136.3772151,136.3772151
2017-06-11,136.6531495,136.6531495,136.6531495,136.6531495
2017-06-12,136.9296396,136.9296396,136.9296396,136.9296396
2017-06-13,137.5383977,137.5383977,137.5383977,137.5383977
2017-06-14,137.5713083,137.5713083,137.5713083,137.5713083
2017-06-15,137.7321977,137.7321977,137.7321977,137.7321977
2017-06-16,137.9793825,137.9793825,137.9793825,137.9793825
2017-06-17,138.2300039,138.2300039,138.2300039,138.2300039
2017-06-18,138.3246924,138.3246924,138.3246924,138.3246924
2017-06-19,138.4182931,138.4182931,138.4182931,138.4182931
2017-06-20,138.5123609,138.5123609,138.5123609,138.5123609
2017-06-21,138.3266568,138.3266568,138.3266568,138.3266568
2017-06-22,138.1178939,138.1178939,138.1178939,138.1178939
2017-06-23,138.1584284,138.1584284,138.1584284,138.1584284
2017-06-24,138.1989707,138.1989707,138.1989707,138.1989707
2017-06-25,137.9603245,137.9603245,137.9603245,137.9603245
2017-06-26,137.7220906,137.7220906,137.7220906,137.7220906
2017-06-27,137.762496,137.762496,137.762496,137.762496
2017-06-28,137.8882352,137.8882352,137.8882352,137.8882352
2017-06-29,137.9827783,137.9827783,137.9827783,137.9827783
2017-06-30,138.0772854,138.0772854,138.0772854,138.0772854
2017-07-01,138.1720035,138.1720035,138.1720035,138.1720035
2017-07-02,138.1193987,138.1193987,138.1193987,138.1193987
2017-07-03,138.0487319,138.0487319,138.0487319,138.0487319
2017-07-04,138.0892836,138.0892836,138.0892836,138.0892836
2017-07-05,137.9049323,137.9049323,137.9049323,137.9049323
2017-07-06,137.7339566,137.7339566,137.7339566,137.7339566
2017-07-07,137.5500887,137.5500887,137.5500887,137.5500887
2017-07-08,137.5189621,137.5189621,137.5189621,137.5189621
2017-07-09,137.6278019,137.6278019,137.6278019,137.6278019
2017-07-10,137.5955269,137.5955269,137.5955269,137.5955269
2017-07-11,137.5487119,137.5487119,137.5487119,137.5487119
2017-07-12,137.642175,137.642175,137.642175,137.642175
2017-07-13,137.4044905,137.4044905,137.4044905,137.4044905
2017-07-14,137.4448899,137.4448899,137.4448899,137.4448899
2017-07-15,137.4852273,137.4852273,137.4852273,137.4852273
2017-07-16,137.5255765,137.5255765,137.5255765,137.5255765
2017-07-17,137.5659372,137.5659372,137.5659372,137.5659372
2017-07-18,137.7375887,137.7375887,137.7375887,137.7375887
2017-07-19,137.8104865,137.8104865,137.8104865,137.8104865
2017-07-20,137.8509457,137.8509457,137.8509457,137.8509457
2017-07-21,137.8914022,137.8914022,137.8914022,137.8914022
2017-07-22,137.9318707,137.9318707,137.9318707,137.9318707
2017-07-23,137.972351,137.972351,137.972351,137.972351
2017-07-24,138.0128431,138.0128431,138.0128431,138.0128431
2017-07-25,138.0533472,138.0533472,138.0533472,138.0533472
2017-07-26,137.8150058,137.8150058,137.8150058,137.8150058
2017-07-27,137.8554471,137.8554471,137.8554471,137.8554471
2017-07-28,137.6173942,137.6173942,137.6173942,137.6173942
2017-07-29,137.3797523,137.3797523,137.3797523,137.3797523
2017-07-30,137.4974732,137.4974732,137.4974732,137.4974732
2017-07-31,137.5378259,137.5378259,137.5378259,137.5378259
2017-08-01,137.5781617,137.5781617,137.5781617,137.5781617
2017-08-02,137.6185398,137.6185398,137.6185398,137.6185398
2017-08-03,137.7128463,137.7128463,137.7128463,137.7128463
2017-08-04,137.8072202,137.8072202,137.8072202,137.8072202
2017-08-05,137.8474403,137.8474403,137.8474403,137.8474403
2017-08-06,137.9421329,137.9421329,137.9421329,137.9421329
2017-08-07,138.2664698,138.2664698,138.2664698,138.2664698
2017-08-08,138.3241065,138.3241065,138.3241065,138.3241065
2017-08-09,138.0852443,138.0852443,138.0852443,138.0852443
2017-08-10,137.8467946,137.8467946,137.8467946,137.8467946
2017-08-11,137.881908,137.881908,137.881908,137.881908
2017-08-12,137.6807643,137.6807643,137.6807643,137.6807643
2017-08-13,137.443013,137.443013,137.443013,137.443013
2017-08-14,137.2181122,137.2181122,137.2181122,137.2181122
2017-08-15,137.0728364,137.0728364,137.0728364,137.0728364
2017-08-16,137.0216459,137.0216459,137.0216459,137.0216459
2017-08-17,137.1093618,137.1093618,137.1093618,137.1093618
2017-08-18,137.1496007,137.1496007,137.1496007,137.1496007
2017-08-19,137.1884746,137.1884746,137.1884746,137.1884746
2017-08-20,137.2284011,137.2284011,137.2284011,137.2284011
2017-08-21,137.268675,137.268675,137.268675,137.268675
2017-08-22,137.3607486,137.3607486,137.3607486,137.3607486
2017-08-23,137.4192809,137.4192809,137.4192809,137.4192809
2017-08-24,137.4596076,137.4596076,137.4596076,137.4596076
2017-08-25,137.499951,137.499951,137.499951,137.499951
2017-08-26,137.5403079,137.5403079,137.5403079,137.5403079
2017-08-27,137.5806733,137.5806733,137.5806733,137.5806733
2017-08-28,137.6210505,137.6210505,137.6210505,137.6210505
2017-08-29,137.661434,137.661434,137.661434,137.661434
2017-08-30,137.4412849,137.4412849,137.4412849,137.4412849
2017-08-31,137.2039472,137.2039472,137.2039472,137.2039472
2017-09-01,136.9670193,136.9670193,136.9670193,136.9670193
2017-09-02,136.7872127,136.7872127,136.7872127,136.7872127
2017-09-03,136.8273571,136.8273571,136.8273571,136.8273571
2017-09-04,136.9312537,136.9312537,136.9312537,136.9312537
2017-09-05,137.102161,137.102161,137.102161,137.102161
2017-09-06,137.2736891,137.2736891,137.2736891,137.2736891
2017-09-07,137.2107595,137.2107595,137.2107595,137.2107595
2017-09-08,137.1584252,137.1584252,137.1584252,137.1584252
2017-09-09,137.0527219,137.0527219,137.0527219,137.0527219
2017-09-10,136.9473145,136.9473145,136.9473145,136.9473145
2017-09-11,136.8845909,136.8845909,136.8845909,136.8845909
2017-09-12,137.1090224,137.1090224,137.1090224,137.1090224
2017-09-13,137.333711,137.333711,137.333711,137.333711
2017-09-14,137.479609,137.479609,137.479609,137.479609
2017-09-15,137.4107033,137.4107033,137.4107033,137.4107033
2017-09-16,137.5799976,137.5799976,137.5799976,137.5799976
2017-09-17,138.0101662,138.0101662,138.0101662,138.0101662
2017-09-18,138.1102566,138.1102566,138.1102566,138.1102566
2017-09-19,138.1563305,138.1563305,138.1563305,138.1563305
2017-09-20,137.9178358,137.9178358,137.9178358,137.9178358
2017-09-21,137.7329287,137.7329287,137.7329287,137.7329287
2017-09-22,137.5481923,137.5481923,137.5481923,137.5481923
2017-09-23,137.3637785,137.3637785,137.3637785,137.3637785
2017-09-24,137.1588718,137.1588718,137.1588718,137.1588718
2017-09-25,136.9220217,136.9220217,136.9220217,136.9220217
2017-09-26,136.6855807,136.6855807,136.6855807,136.6855807
2017-09-27,136.4927583,136.4927583,136.4927583,136.4927583
2017-09-28,136.3104942,136.3104942,136.3104942,136.3104942
2017-09-29,136.0751243,136.0751243,136.0751243,136.0751243
2017-09-30,135.949774,135.949774,135.949774,135.949774
2017-10-01,135.8577563,135.8577563,135.8577563,135.8577563
2017-10-02,135.8023587,135.8023587,135.8023587,135.8023587
2017-10-03,135.5866763,135.5866763,135.5866763,135.5866763
2017-10-04,135.6060833,135.6060833,135.6060833,135.6060833
2017-10-05,135.7036441,135.7036441,135.7036441,135.7036441
2017-10-06,135.6624025,135.6624025,135.6624025,135.6624025
2017-10-07,135.5575987,135.5575987,135.5575987,135.5575987
2017-10-08,135.3235138,135.3235138,135.3235138,135.3235138
2017-10-09,135.0096994,135.0096994,135.0096994,135.0096994
2017-10-10,134.8435919,134.8435919,134.8435919,134.8435919
2017-10-11,134.6210974,134.6210974,134.6210974,134.6210974
2017-10-12,134.4027548,134.4027548,134.4027548,134.4027548
2017-10-13,134.2333728,134.2333728,134.2333728,134.2333728
2017-10-14,134.1325712,134.1325712,134.1325712,134.1325712
2017-10-15,134.0287551,134.0287551,134.0287551,134.0287551
2017-10-16,133.8610175,133.8610175,133.8610175,133.8610175
2017-10-17,133.6726681,133.6726681,133.6726681,133.6726681
2017-10-18,133.6317813,133.6317813,133.6317813,133.6317813
2017-10-19,133.6653167,133.6653167,133.6653167,133.6653167
2017-10-20,133.4840327,133.4840327,133.4840327,133.4840327
2017-10-21,133.8422815,133.8422815,133.8422815,133.8422815
2017-10-22,133.6537931,133.6537931,133.6537931,133.6537931
2017-10-23,133.5352539,133.5352539,133.5352539,133.5352539
2017-10-24,133.7641117,133.7641117,133.7641117,133.7641117
2017-10-25,133.7804682,133.7804682,133.7804682,133.7804682
2017-10-26,134.0878242,134.0878242,134.0878242,134.0878242
2017-10-27,134.3251212,134.3251212,134.3251212,134.3251212
2017-10-28,134.1402906,134.1402906,134.1402906,134.1402906
2017-10-29,134.4556823,134.4556823,134.4556823,134.4556823
2017-10-30,134.7114453,134.7114453,134.7114453,134.7114453
2017-10-31,134.9964683,134.9964683,134.9964683,134.9964683
2017-11-01,135.2596656,135.2596656,135.2596656,135.2596656
2017-11-02,135.1788762,135.1788762,135.1788762,135.1788762
2017-11-03,135.5556259,135.5556259,135.5556259,135.5556259
2017-11-04,135.4217665,135.4217665,135.4217665,135.4217665
2017-11-05,135.2804741,135.2804741,135.2804741,135.2804741
2017-11-06,135.2422872,135.2422872,135.2422872,135.2422872
2017-11-07,135.3483124,135.3483124,135.3483124,135.3483124
2017-11-08,135.5281486,135.5281486,135.5281486,135.5281486
2017-11-09,135.6809357,135.6809357,135.6809357,135.6809357
2017-11-10,135.7354353,135.7354353,135.7354353,135.7354353
2017-11-11,135.8624498,135.8624498,135.8624498,135.8624498
2017-11-12,135.8729025,135.8729025,135.8729025,135.8729025
2017-11-13,135.7736344,135.7736344,135.7736344,135.7736344
2017-11-14,135.6425124,135.6425124,135.6425124,135.6425124
2017-11-15,135.5681233,135.5681233,135.5681233,135.5681233
2017-11-16,135.9143731,135.9143731,135.9143731,135.9143731
2017-11-17,136.121201,136.121201,136.121201,136.121201
2017-11-18,136.3232689,136.3232689,136.3232689,136.3232689
2017-11-19,136.525515,136.525515,136.525515,136.525515
2017-11-20,136.7142937,136.7142937,136.7142937,136.7142937
2017-11-21,136.6728309,136.6728309,136.6728309,136.6728309
2017-11-22,136.9045137,136.9045137,136.9045137,136.9045137
2017-11-23,137.2772618,137.2772618,137.2772618,137.2772618
2017-11-24,137.6196152,137.6196152,137.6196152,137.6196152
2017-11-25,137.8769147,137.8769147,137.8769147,137.8769147
2017-11-26,138.0951662,138.0951662,138.0951662,138.0951662
2017-11-27,138.3227493,138.3227493,138.3227493,138.3227493
2017-11-28,138.6833976,138.6833976,138.6833976,138.6833976
2017-11-29,139.1927588,139.1927588,139.1927588,139.1927588
2017-11-30,139.3170534,139.3170534,139.3170534,139.3170534
2017-12-01,139.5835273,139.5835273,139.5835273,139.5835273
2017-12-02,140.1266069,140.1266069,140.1266069,140.1266069
2017-12-03,140.6151064,140.6151064,140.6151064,140.6151064
2017-12-04,140.9941712,140.9941712,140.9941712,140.9941712
2017-12-05,141.3488431,141.3488431,141.3488431,141.3488431
2017-12-06,141.5411935,141.5411935,141.5411935,141.5411935
2017-12-07,142.2099647,142.2099647,142.2099647,142.2099647
2017-12-08,142.6124222,142.6124222,142.6124222,142.6124222
2017-12-09,142.8023605,142.8023605,142.8023605,142.8023605
2017-12-10,142.9374833,142.9374833,142.9374833,142.9374833
2017-12-11,142.9287362,142.9287362,142.9287362,142.9287362
2017-12-12,143.0632562,143.0632562,143.0632562,143.0632562
2017-12-13,143.4876701,143.4876701,143.4876701,143.4876701
2017-12-14,144.0409187,144.0409187,144.0409187,144.0409187
2017-12-15,144.6056793,144.6056793,144.6056793,144.6056793
2017-12-16,145.208833,145.208833,145.208833,145.208833
2017-12-17,145.5236579,145.5236579,145.5236579,145.5236579
2017-12-18,145.8492507,145.8492507,145.8492507,145.8492507
2017-12-19,146.1735291,146.1735291,146.1735291,146.1735291
2017-12-20,146.6190415,146.6190415,146.6190415,146.6190415
2017-12-21,146.7959398,146.7959398,146.7959398,146.7959398
2017-12-22,147.1044302,147.1044302,147.1044302,147.1044302
2017-12-23,147.2517313,147.2517313,147.2517313,147.2517313
2017-12-24,147.4526913,147.4526913,147.4526913,147.4526913
2017-12-25,147.6572664,147.6572664,147.6572664,147.6572664
2017-12-26,147.8621996,147.8621996,147.8621996,147.8621996
2017-12-27,148.0901508,148.0901508,148.0901508,148.0901508
2017-12-28,148.3184527,148.3184527,148.3184527,148.3184527
2017-12-29,148.6584453,148.6584453,148.6584453,148.6584453
2017-12-30,148.8301986,148.8301986,148.8301986,148.8301986
2017-12-31,149.0021681,149.0021681,149.0021681,149.0021681
2018-01-01,149.1162298,149.1162298,149.1162298,149.1162298
2018-01-02,149.0878097,149.0878097,149.0878097,149.0878097
2018-01-03,149.3605946,149.3605946,149.3605946,149.3605946
2018-01-04,149.332128,149.332128,149.332128,149.332128
2018-01-05,149.5991991,149.5991991,149.5991991,149.5991991
2018-01-06,149.570687,149.570687,149.570687,149.570687
2018-01-07,149.5421804,149.5421804,149.5421804,149.5421804
2018-01-08,149.6605,149.6605,149.6605,149.6605
2018-01-09,149.7597785,149.7597785,149.7597785,149.7597785
2018-01-10,149.8565198,149.8565198,149.8565198,149.8565198
2018-01-11,149.8493966,149.8493966,149.8493966,149.8493966
2018-01-12,149.8564356,149.8564356,149.8564356,149.8564356
2018-01-13,149.8634789,149.8634789,149.8634789,149.8634789
2018-01-14,149.8463562,149.8463562,149.8463562,149.8463562
2018-01-15,149.8184187,149.8184187,149.8184187,149.8184187
2018-01-16,149.8979253,149.8979253,149.8979253,149.8979253
2018-01-17,149.7818504,149.7818504,149.7818504,149.7818504
2018-01-18,149.9456216,149.9456216,149.9456216,149.9456216
2018-01-19,149.8295098,149.8295098,149.8295098,149.8295098
2018-01-20,149.7134878,149.7134878,149.7134878,149.7134878
2018-01-21,149.5975572,149.5975572,149.5975572,149.5975572
2018-01-22,149.7584963,149.7584963,149.7584963,149.7584963
2018-01-23,149.8075859,149.8075859,149.8075859,149.8075859
2018-01-24,149.8572908,149.8572908,149.8572908,149.8572908
2018-01-25,149.9070053,149.9070053,149.9070053,149.9070053
2018-01-26,149.7920077,149.7920077,149.7920077,149.7920077
2018-01-27,149.7623823,149.7623823,149.7623823,149.7623823
2018-01-28,149.7338387,149.7338387,149.7338387,149.7338387
2018-01-29,149.6821428,149.6821428,149.6821428,149.6821428
2018-01-30,149.5675942,149.5675942,149.5675942,149.5675942
2018-01-31,149.8625346,149.8625346,149.8625346,149.8625346
2018-02-01,150.049256,150.049256,150.049256,150.049256
2018-02-02,150.23621,150.23621,150.23621,150.23621
2018-02-03,150.4234241,150.4234241,150.4234241,150.4234241
2018-02-04,150.6108444,150.6108444,150.6108444,150.6108444
2018-02-05,150.7984981,150.7984981,150.7984981,150.7984981
2018-02-06,150.9863702,150.9863702,150.9863702,150.9863702
2018-02-07,151.2626331,151.2626331,151.2626331,151.2626331
2018-02-08,151.5393909,151.5393909,151.5393909,151.5393909
2018-02-09,151.7938084,151.7938084,151.7938084,151.7938084
2018-02-10,152.0481339,152.0481339,152.0481339,152.0481339
2018-02-11,152.0560886,152.0560886,152.0560886,152.0560886
2018-02-12,152.1210723,152.1210723,152.1210723,152.1210723
2018-02-13,152.1870048,152.1870048,152.1870048,152.1870048
2018-02-14,152.7114893,152.7114893,152.7114893,152.7114893
2018-02-15,153.0535301,153.0535301,153.0535301,153.0535301
2018-02-16,153.5666608,153.5666608,153.5666608,153.5666608
2018-02-17,154.0815181,154.0815181,154.0815181,154.0815181
2018-02-18,154.5981017,154.5981017,154.5981017,154.5981017
2018-02-19,155.0577871,155.0577871,155.0577871,155.0577871
2018-02-20,155.4049562,155.4049562,155.4049562,155.4049562
2018-02-21,155.4049562,155.4049562,155.4049562,155.4049562
2018-02-22,155.4049562,155.4049562,155.4049562,155.4049562
2018-02-23,155.4049562,155.4049562,155.4049562,155.4049562
2018-02-24,155.4049562,155.4049562,155.4049562,155.4049562
2018-02-25,155.4049562,155.4049562,155.4049562,155.4049562
2018-02-26,155.4049562,155.4049562,155.4049562,155.4049562